,0,1,2,3,4,5,6,7,8,9,10,11,12,13,14,15,16,17,18,19,20,21,22,23,24,25,26,27,28,29,30,31,32,33,34,35,36,37,38,39,40,41,42,43,44,45,46,47,48,49,50,51,52,53,54,55,56,57,58,59,60,61,62,63,64,65,66
0,-9.897324726092605e-09,-1.5441568027041937e-07,8.088947591518362,1.1127048782562012e-12,0.0006842827965351124,0.0,0.0,1.3920678816659988e-07,0.0,-4.93143341726357e-08,0.0,-0.5026649522181397,0.001324729910486387,0.06683321092229483,1.4195303628017348e-07,3.643215243218091e-09,0.0,-2.1736826952932086e-07,0.0,0.0,-4.160297601204094e-08,1.3090415687469633e-07,0.0,-13.047802895788791,0.0,-3.940718965776864e-05,0.0,0.0,0.0,0.0,-1.5810482129458248e-09,0.0,0.0,-2.7291286519823092e-05,0.0,0.00014757748608683802,0.0,0.0,0.0,0.0,2.5737834252215263e-15,0.0,0.0,-1.0937002952899514e-07,1.0104531021932186e-06,0.0,4.4850967557580144e-12,-1.8880893635905123,2.9416858234354462e-12,-1.281175335306853e-08,0.0,0.0,0.0,-3.2209721298824586e-06,0.0,8.889041079428031e-10,0.0,0.0,0.0,0.0,-8.274637686229817e-05,-1.5482582809437617e-12,0.0,0.015982307706523424,0.14108115191812937,-0.22620264081232555,0.2695930073376903
1,-2.992030227264123e-08,-5.7344580703410676e-11,0.0,0.0,0.0,0.0,-4.389559775924828e-07,0.0,1.0686421273401077e-07,0.0,-4.2628234818167795e-07,0.0,0.0,-9.240186652938317e-06,-8.793073762089366e-15,0.0,0.0,2.2943503265676828e-09,-2.8898233951251024e-08,-5.371439203676469e-06,0.0,-3.199018012187702e-05,0.0,0.0,0.0,-6.183706740414247e-11,-1.997288659420222e-08,0.0,9.85383272187208e-09,0.0,0.0,0.0,0.0,0.0,0.0,-5.721151925685685e-05,1.23619895492428e-05,0.0,0.0,0.0,2.466725147452414e-16,5.882134618202437e-05,-2.6903739583158275e-09,1.669724696599846e-06,8.728364964646208e-12,1.5803610335559202e-12,0.0,0.00013947752766563497,1.7103869842700731e-09,0.0,0.0,0.0,0.0,0.0,4.046741378248028e-08,1.1134883064519096e-08,0.0,0.0,3.1331884459824704e-06,0.0,7.283469398482395e-11,0.0,0.0,0.0002640891797066214,4.7038438398263336e-07,0.0,0.2521154405384277
2,0.0,-5.7130257368190626e-08,0.0,0.0,4.898226069253793e-07,0.0,0.0,-1.2573901158350815,-1.0187059554683918e-09,0.0,1.3189047228109656e-05,0.009203950872668315,2.4077002674848383e-07,-1.171113915506458e-13,0.0,0.0,0.0,0.0,0.0,0.0,0.0,0.0,0.0,-0.05810447849115119,-2.7693962109266096e-11,0.0,0.0,0.0,0.0,7.980126622799303e-10,0.0,-6.704926731109344e-09,0.0,-0.0013262235632081013,0.0,-6.055585000352287e-06,0.0,0.0,0.0,2.5448968705633525e-05,0.0,0.000502343861194693,8.166270127786241e-07,0.0,0.0,0.0,0.0,0.0,0.0,0.0,0.0,0.0,0.0,4.3248458056150156e-05,5.425186973831598e-06,1.033721183017671e-08,1.1261399428108988e-12,0.0,1.1748855283278948e-08,0.0,0.0,0.0,1.2859626928106908e-14,0.0,0.0,-0.007391458465105805,0.0
3,3.295759969436619e-12,0.0,0.0,0.0,0.0,0.0,-0.00021734019097882081,0.0,4.242831398032162e-05,-7.090650875880499e-10,0.0,0.4157159259102956,2.7038149877328094e-07,0.0,0.0,4.2705727613162516e-05,0.0,1.693494282385635e-13,0.0,0.0,0.0,3.8206372890909457e-07,1.4066996546700382e-05,-1.4005550146829138,-1.162463916003784e-06,8.458623503835209e-14,0.0,0.0,7.391695185402194e-09,0.0,0.0,-1.2321587646688295e-10,0.0,0.0,0.0,0.001125516903896234,-3.622123585433506e-05,0.0,0.0,-8.214258577859673e-09,0.0,0.0,-0.00038301423552366317,2.6416877682668172e-06,0.0,0.0,1.7411707059242964e-11,0.0,3.380028107666935e-08,0.0,0.0,0.0,0.0,0.0,0.0,0.0,0.0,-0.0013923747905949025,0.0,0.0,0.0,0.0,0.0,0.0,-0.0008731837020104698,-0.028714174344293686,0.009510998993175441
4,0.0,0.0,0.0,0.0,4.559284849848717e-06,0.0,0.006071734960739455,-0.15944739300965158,0.0,-3.365340724456034e-08,0.0,0.0,0.0,-0.1858289303782965,-8.181603602102442e-06,9.500204628170921e-07,0.0,3.9852324526936585e-13,-4.42295131874837e-06,0.0,0.4731047606423888,0.0,-0.001401435573329318,-0.7235086916662689,2.5119832648404477e-08,-1.6275956291297549e-06,0.0,0.0,7.3139126928079e-05,0.0,0.0,0.0,0.0,1.0106246116738983e-06,0.0,0.0,0.0,3.861945206832648e-08,0.0,0.0,0.0,0.0,-7.031141854309623e-06,0.0,-0.0026932561660923267,-0.00022124088430702774,-3.011935732647841e-10,0.00019814518336851476,0.0,2.6764594534580533e-07,0.0,0.0,7.299907162950415e-10,0.0,0.0,0.0,2.2093710519332792e-11,2.6238527131579965e-06,0.0,-0.020638585255705194,1.5800421917619065e-07,1.4546539941062084e-14,-1.802072935319643e-10,0.016582667918351925,0.0,-0.20880025885977044,0.0
5,0.0,-1.3285779491993328e-10,-7.728436596575649e-08,-6.75180544418906e-06,0.0,0.0,-1.3128199492623832e-09,-1.2067417627660307e-07,-1.310144841718106e-07,1.7751287178406996e-08,0.0,5.977118502657123e-08,1.6959543631096927e-07,9.858531957184634e-07,2.9488755120338423e-07,0.0,1.8409298969189906e-06,-1.2097783680305966e-14,0.0,6.12490929384e-08,0.0,5.973574119654731e-06,0.0,-6.552042393613171e-07,-0.000333013384647706,1.9898022862977873e-05,0.0,0.0,0.0,0.0,0.0,-4.390783678251954e-10,0.0,0.0,0.0,1.1539657696000779e-05,1.6222997927669297e-07,0.0,0.0,-1.4770268125927925e-05,0.0,0.0,0.0,-1.0219221014956876e-06,2.2113365211099596e-12,0.0,0.0,0.0,0.0,0.0,0.0,0.0,0.0,-4.531352409409493e-05,1.2437501131139688e-07,-2.5174494135384106e-07,0.0,0.0,-6.150025770981431e-07,-3.13481227783128e-05,-1.0975090205281838e-09,0.0,0.0,0.0,1.2743644832374518e-05,0.0,0.02207514910548001
6,0.0,-2.9452350646500575e-06,0.0,1.1295011712065457e-07,5.333065470077461e-09,0.0,-4.3144912384965876e-07,-2.1110356392181262e-06,0.0,0.0,1.3189047228109656e-05,-3.3782123950061853e-09,0.0,-1.5211609172505243e-11,0.0,0.0,0.0,-5.9652091924348e-07,0.0,0.0,0.0,0.0,0.0,-0.0002626284464801633,9.378056377850477e-09,0.0,0.0,0.0,0.0,7.980126622799295e-10,0.0,-6.704926731109344e-09,0.0,-0.0013262235632081013,0.0,-6.055585000352287e-06,0.0,0.0,0.0,2.5448968705633525e-05,0.0,-0.0002823795589377348,1.1789319617960556e-08,0.0,0.0,0.0,0.0,0.0,0.0,0.0,0.0,0.0,0.0,0.0,0.0,0.0,1.126139942810881e-12,0.0,1.538161635630249e-08,1.0785318871632678e-06,0.0,0.0,0.0,3.4903191770305664e-05,0.0,2.4377989364773173e-05,0.0244687238376301
7,8.797141402633882e-07,0.0,0.0,0.0,0.0,0.0,0.00602096935899911,-0.15944739300965158,0.0,0.0,0.0,0.0,0.0,3.472992435532154,-8.195554236333489e-06,9.500204628170921e-07,0.0,0.0,0.0,7.110149501146839e-07,0.4731047606423888,-0.00021545716003326882,-0.0013798172741517067,-0.6989680656262136,2.5156310172904703e-08,0.0,0.0,0.0,7.3139126928079e-05,0.0,0.0,0.0,0.0,0.0,0.0,0.0,0.0,3.870166386471258e-08,0.0,0.0,0.0,0.0,0.0,0.0,-4.877201531235103e-07,-0.00022124088430702774,0.0,0.0,0.0,2.6764594534580533e-07,0.0,0.0,7.299907162950415e-10,0.0,0.0,0.0,3.299462669547757e-09,2.6238527131579965e-06,0.0,-2.87422030592793e-08,1.5800421917618726e-07,0.0,-1.8020733917604237e-10,0.00036299134207197666,0.0,-0.20910249307677825,0.2897426633741509
8,-2.9143945606231908e-08,0.0,0.0,-2.662898371713331e-12,0.0,0.0,0.0,1.3578804831100412e-08,0.0,0.0,1.4466047530665947e-05,-0.00022036008495502415,3.0412753464732845e-08,-0.01670846661255808,0.0,0.0019311480382493136,0.0,0.0,0.0,0.005662975751933091,9.376897867649632e-12,-3.259310259221042e-05,0.0,0.0,0.0,0.0,1.699406736452119e-12,0.0,9.920160942034757e-09,3.0115309403715043e-06,0.0,0.0,0.0,0.0,0.0,0.0,0.0,4.009918194766622e-06,0.0,0.0,0.0,5.234946009920179e-05,-1.6422682237983676e-05,1.6663351486599658e-06,0.0,5.705096557499929e-14,-5.059792243463388e-10,0.0002569849735221566,0.0,0.0,0.0,0.0,0.0,-0.00013178732460872918,0.0,2.3795016414829235e-05,0.0,0.0,0.0,6.033701844017826e-11,-4.198160227156284e-05,0.0,2.602684260759377e-12,0.0,0.0,0.019088571845521016,0.03904867356838981
9,9.287334399057543e-07,0.0,0.0,6.13312870367615e-11,0.0,0.0,0.0,4.737059320329928e-09,6.833350636464688e-08,8.406788957853122e-10,0.0,0.0,1.709425996681332e-07,0.0,-3.778617762514944e-11,2.1609542345764126e-07,0.0,1.985918743113217e-11,0.0,-4.663082333788505e-08,5.491044414121742e-06,0.0,0.0,0.0,7.77092433220733e-08,0.0,-2.014380825062778e-09,0.0,0.0,0.0,0.0,1.3979267670521933e-07,0.0,0.0,0.0,2.0882912838761266e-07,1.0608343884501213e-08,-2.4960122832749906e-10,0.0,0.0,0.0,6.077763956170334e-09,9.851896018317505e-09,-1.1983280840439911e-08,0.0,0.0,7.777497043797391e-10,0.0,0.0,7.359549328830374e-09,0.0,0.0,0.0,0.0013889250769522164,1.2652850760598404e-07,0.0,0.0,-3.52552619494556e-11,-8.640966022239856e-10,0.0,0.0,0.0,5.999305338589639e-11,5.270906282586868e-06,0.0,0.0,0.021898598318584418
10,0.0,0.0,0.0,-8.937851937296812e-12,0.0,0.00041241052708890967,0.0,1.3578804747282902e-08,0.0,0.0,1.4328972999451005e-05,-0.0010316036525142291,3.04127534267451e-08,-0.017043751390373195,0.0,0.0019311480382493136,0.0,-3.6028259222988914e-05,0.0,0.005791139768128823,1.2852653306899333e-10,0.0,0.0,0.0,8.736413800497305e-12,2.9862308613812734e-09,1.883003663548551e-12,0.0,2.1244527303850197e-07,0.0,0.0,-2.151464540305185e-08,0.0,0.0,0.0014117230749249238,0.0,-3.364070274735745e-07,-8.7275635657305e-10,0.0,5.07253238404289e-10,0.0,0.0,0.0,-3.6937796539560183e-08,0.0,0.0,-5.195217792919904e-08,-0.007590693797893615,0.0,0.0,0.0,0.0,0.0,0.0,0.0,-7.34716013799588e-14,0.0,-9.363581737371895e-06,-1.3784684663141147e-09,3.849942107282863e-09,0.0,0.0,-2.8701227632616603e-09,0.0017424866903224048,0.0,0.025568147347343455,0.04227612855984611
11,0.0,0.0,0.0,-8.526419348787168e-10,0.0,0.0,0.00596896844072597,4.796353988265647e-07,5.381316421984583e-09,0.0,-4.465802962127355e-06,0.0,6.1043503200835265e-06,0.0,7.29319176590023e-11,0.0,2.3820480237064917e-05,0.0,0.0,0.0,0.0,2.2318982332063063e-06,0.0,-0.0031664475778710732,0.0,0.0,0.0,-2.912168904972377e-09,-4.773991114321501e-09,0.0,0.0,0.0,0.0,0.0,-2.793765688204652e-06,-8.205432846942256e-07,0.0,3.951464388530771e-06,0.0,0.0,0.00011232463973893892,0.0,0.0,4.5813414524284455e-07,0.0,0.0,1.2208427663337078e-07,0.0,0.0,-4.731074031840934e-05,0.0,0.0,0.0,1.1413213446980347e-06,0.001881133106163199,0.0,0.0,-8.389721490788123e-11,0.0,-4.4778768616411495e-07,0.0,0.0,0.0,0.0,0.0,-0.20911110356755852,0.273348676777849
12,2.037996872513879e-06,-1.0840932611162692e-05,8.354021041026044,-0.004485050807441698,0.0007020865225482594,0.0,0.0,1.6573624501482084e-08,0.0,0.004164373978112488,0.0,0.0,0.0013873656838370996,0.07021505295923211,0.0,0.0,-8.636778966446918e-06,0.0,-0.015919058864593272,0.02744447054683441,0.0,0.0026640775807901074,0.0,-14.320053984903783,0.0,0.0,-0.10457154713982764,0.012952282463451925,0.534161511169393,0.013823865036360489,0.0,0.10386555999628849,0.0,0.0,0.0728509607409196,0.002167949918582625,0.0,0.0,0.0,-3.7985072667076003e-07,0.0,0.21483698624194475,0.0,0.0,-0.7297686137403074,6.652155451399209e-07,1.9911615714744203e-07,0.0001286874543512335,-1.909320666508373e-06,0.0,0.0,9.227796767913918e-07,0.0,-0.0005427125969815458,0.0,-0.00019609453858522824,0.0,0.0,0.0,-0.0011214411257220466,0.0,0.0,0.0,0.014598020932731829,0.0,-0.22606245189953914,-0.007485270668620786
13,0.0,-2.9634727172665317e-06,8.353139095668812,0.0001324120162167552,0.0007034512142213705,0.0,1.9806942606731435e-09,2.5663882191711276e-08,0.0,0.0,3.943410671332863e-06,0.0,0.0014092505567337857,-0.005030137843434521,0.0,0.0,1.6217333220630095e-07,1.0410330110751177e-09,-0.0028240136157283375,0.0005278693069198433,0.0,0.0,0.0,-14.362687245875783,0.0,0.0,-5.9612960046523416,0.0,1.0786566202496389e-05,-0.2852707271677494,0.0,0.09271140662348315,0.0,0.0,0.0,0.0,0.0,0.0,0.0,0.0,0.0,0.2086278542584439,0.0,3.9788429845813856e-07,-0.00015943681833066646,0.0,-9.33904282334178e-08,2.9107348819136205e-06,0.0,-1.496676258172534e-07,0.0,1.31757260319096e-06,0.0,-5.243287771743117e-05,-3.4815298389606655e-05,7.046383157288097e-06,-1.4885094294807026e-15,0.0,-3.039319796661256e-07,0.0,0.0,0.0,0.0,0.0,0.0,-0.20880325912168868,0.2715000545462406
14,2.7097317582013325,-1.3798869556170096e-08,8.740168232832474,-1.248136635823114e-09,0.0,0.0,0.10204119361755609,0.0,0.0,0.0,0.0,-0.0009761744648289431,-0.0972633774816303,0.0,0.0,0.0,-6.472038487391822e-05,0.0,0.0,0.0,0.0,0.0,0.0,-13.51670777759809,1.9661097620674838e-12,6.323396929255268e-05,-6.038085840044321,0.0,0.0,-0.0008339559176242795,0.0,0.0,0.0,0.0,-1.0142451470362789e-05,-0.007278386740925666,-2.804527822106696e-06,0.0,0.0,0.0,-0.0012581629530904886,0.0,0.0,0.0,-0.0001102422858216144,5.6155084327878346e-05,2.7836383774552892e-09,0.0,0.0,0.0,0.0,0.0,0.0,0.6912588535690369,0.0,0.0,-8.082372284221096e-12,0.0,0.0,0.0,1.0216098821670339,0.0,4.321691519159902e-05,0.016029747775803488,0.0,-0.20880061364016908,0.29125259187035274
15,-1.4535037567375224e-07,2.4128461441116932e-08,0.0,1.5825373455308612e-09,0.0,0.0,0.0,-1.5727296361217488e-07,-5.276087887489121e-11,-3.096528411163438e-05,1.236002317963209e-05,0.0,0.0,-2.3235520384815023e-05,0.0,0.0,-1.103548976221582e-07,-3.571255757198557e-05,0.0003056984952479664,-1.1450472764407138e-08,4.6095919279195355e-11,0.0038570919248802705,0.0,0.0,-0.000362095517178258,0.0,-3.531105069942169e-05,2.91066781261937e-09,0.0,0.0,0.0,-1.7728248506436122e-05,0.0,0.0,-1.9051258049994597e-08,5.356492948272622e-06,0.0,-9.78621571075307e-10,0.0,1.3563649806471061e-05,0.0,0.0,0.0,0.0,0.0,0.0,0.0,2.3721986314208637e-06,0.0,0.0,0.0,0.0,0.0,-0.00012456676327439367,-5.2877525346342256e-05,0.0,0.0,0.0,0.0,-7.381047701028533e-09,0.0,0.0,3.702847208254578e-10,0.0,-0.0015338523725222709,0.0,0.00688165614867281
16,-9.907466662690495e-09,6.578632259540323e-10,3.2078272761898365e-06,-4.893169449340808e-11,0.0,0.0,-5.678537925745185e-06,2.8268664092457175e-06,-3.873991576236022e-06,0.004925366461798007,1.3711550121025637,0.42020236244826514,0.0,0.0,2.364246993472971e-08,0.0,1.364069885048884e-07,3.228656289651222e-08,0.0,0.0,0.0,0.0,0.0019675690884662263,-1.4571546408308937,5.126834169826122e-08,0.0,0.0,-7.980147806164457e-05,0.0,0.0,0.0,0.0,0.0,-7.089888257619497e-05,0.0,0.0,0.0,0.0,0.0,-3.0308067966822187e-10,0.0,0.22306958790690132,0.0,1.9919976108888376e-06,7.441011796260238e-09,0.0,-2.0314743479137793e-10,0.0,0.0,0.0,0.0,0.0,0.0,-6.173539898065542e-08,0.0,2.8059115966449155e-08,-5.677060522812019e-12,0.0,0.0,0.0,0.0,0.0,-4.679867372714072e-06,0.01681752713024363,9.755788561967857e-06,-0.5264270364658247,0.26958970508521135
17,0.0,0.0,8.088925889856865,1.2491683117178028e-12,0.0,0.0,8.091924742593321e-07,6.626468179520321e-09,-0.004688166602185413,0.0,-8.159769129354038e-06,0.04921137635954809,0.0,0.0,3.339040173268994e-09,-5.042305971354297e-09,8.085296630783333e-07,0.0,0.0,0.026739568679778808,-9.046980223393063e-06,-2.300220814000979e-06,3.48122306996254e-06,-13.669847366318091,7.240420467501698e-08,-0.003765306861194526,0.0,0.0002469664387875067,0.0,0.0,-1.576343498525688e-09,0.0010461696761311992,0.0,-0.03699199228470204,0.0002890555755009146,2.1073611899982106e-06,0.0,-2.290118417882674e-08,0.0,0.0,0.0,0.0,1.4844784157680796e-05,1.7257738060862562e-06,1.879829482195352e-06,0.0,-4.337742606442616e-08,-4.224145976139404e-05,0.0,0.0,0.0,3.028968015044922e-05,0.0,9.712221216241432e-08,0.0,1.0658988152125035e-05,0.0,0.0,0.0,0.0,-8.275484299904454e-05,-1.5926441750005303e-12,0.0,0.0,0.13894003096987473,-0.2081633301213586,0.27134930344071617
18,0.0,-1.0319068156451727e-11,0.0,0.0,0.0,0.0,-0.00021734019097882081,0.0,0.0,0.0,0.0,0.41470089547703926,2.7038149874591966e-07,0.0,0.0,4.4689553325358966e-05,0.0,0.0,0.0,0.00030806805001938625,0.00016882344419028982,0.0,0.0018040702122803824,-1.4015531764253892,0.0,0.0,0.0,0.0,-6.15886506181479e-07,0.0,0.0,0.0,0.0,-5.454440059709015e-07,0.0,0.0,-3.622123585433506e-05,0.0,0.0,4.512191151444224e-11,0.0,0.0,-0.00037833703437375587,2.7498551404886093e-06,0.0,0.0,-1.2261448014520067e-09,2.339599501607544e-06,0.0,-4.7952403294129135e-05,0.0,0.0,-2.898865990608662e-13,-5.972502547878282e-08,0.00027700918601811664,0.0,0.0,-0.0013750806144408913,0.0,-9.69031831328897e-10,0.0,0.0,0.0,-0.001026800798433966,-0.0008731837020104698,-0.5221579541712316,0.009510998993175424
19,-0.00012728587954180526,0.0036781689610508924,7.841858962077703,0.0,0.0007020865225482594,0.0,0.004950367339565604,0.0,0.0,0.0,0.00019788140399758556,0.0,0.0013873656838370996,0.00028651912914919725,3.2209175319236616e-06,0.0,-1.9063822623394655e-05,-0.017292310648606216,-0.0029439663874816727,0.026719735375578646,0.0,0.0,0.0,-14.040888361767923,-0.0003582100822117941,-0.003757525540922735,-5.95173021035436,0.012802120513220232,-0.020372380772134546,0.0,0.0,0.11303007910430332,0.0,-0.030007793308176763,-8.239283328284433e-05,9.994171264972513e-07,0.0,0.0,0.0,0.0,-2.602016306583327e-05,-0.0005274997618870819,0.0,0.11969494453073011,0.0,0.0,0.0,0.0001286874543512335,0.0,0.0,0.0,3.0085329869702294e-05,0.0,9.775673748492702e-08,-0.00015408897349347207,2.4503354535609415e-07,0.0,0.0,0.0,0.0,0.0,-1.4676997322640127e-12,4.209109411372402e-05,0.0,0.0,-0.20880325912168868,0.27150005454624054
20,0.0,2.4128461441116932e-08,0.0,1.5825373455308612e-09,0.0,0.0,0.0,0.0,0.0,-3.096528411163476e-05,0.0,0.0,6.296563993365757e-06,-2.3235520384813288e-05,-3.555917605240693e-08,4.4237339029300344e-05,2.8021083181441994e-06,-3.571255757198557e-05,0.0,-1.1450472764407138e-08,4.6172569038005625e-11,7.895241722203599e-06,0.0,0.0,-0.000362095517178258,0.0,-3.451021234901594e-05,7.24016786414952e-08,0.0,0.0,0.0,0.0,0.0,0.0,-1.9051258049994597e-08,0.0,0.0,0.0,0.0,1.365736894169173e-05,0.0,0.0,0.0,1.5730303445075303e-06,0.0,0.0,0.0,0.0,0.0,0.0,0.0,-8.423416080774566e-09,0.0,-0.00012456676327439367,-5.4747334723869454e-05,0.0,0.0,0.0,0.0,0.0,0.0,0.0,3.7374021138485906e-10,0.0016422679932675964,-0.0015001214313784994,0.0,0.006881656148672824
21,0.0,0.0,0.0,-1.958123263822511e-09,0.0,0.0,3.6476156197191704e-08,0.0,-1.0522893250956768e-09,8.233251581263648e-07,-4.2038495263367284e-10,0.39080903576558157,7.4169955382169065e-06,0.0,0.0,0.0,0.0,7.112395063771067e-10,0.0,0.0,0.0,8.36035019235552e-10,0.0,-1.518912014408982,0.0,0.0,8.964070595286033e-09,0.0,0.0,0.0,0.0,-1.0385637805358746e-10,0.0,-1.9492502916537268e-07,0.0,1.1394416704261323e-05,0.0,9.507420835920605e-10,0.0,1.276322709060348e-05,0.0,0.0,-1.5962799837664532e-05,0.0,0.0,0.0,0.0,0.0,0.0,0.0,0.0,0.0,0.0,0.0013544204276724856,5.490550889548362e-06,0.0,-3.384520150982563e-10,0.0,0.0,0.0,0.0,0.0,1.1534575896038327e-09,0.0,0.0,-0.5442761722652455,0.24051130784213498
22,-2.9168868359097645e-08,2.347070612150841e-08,0.0,0.0,0.0,0.0,-4.349778055543094e-07,2.493922106937715e-09,6.487416036838175e-10,0.0,0.0,0.0,0.0,0.0,2.024921264458561e-17,0.0,0.0,-3.585251532897836e-05,0.0,0.0,0.0,0.0,0.0,0.0,0.0,0.0,-3.523152014921801e-05,2.800190992558745e-09,2.361750645727841e-10,0.0,0.0,0.0,0.0,0.0,-8.438249169067315e-05,0.0,1.23619895492428e-05,-7.656774571034414e-10,0.0,0.0,0.0,5.541830371775363e-05,-3.557226610978332e-11,0.0,1.0232589495467333e-13,-4.3144157918705704e-12,0.0,0.0,1.2978537721371678e-10,0.0,0.0,0.0,0.0,-0.000131733649815533,0.0,0.0,0.0,0.0,0.0,-7.638386736159497e-09,1.7306638059744018e-12,0.0,3.8834262599172497e-10,0.0006776707869219079,-0.0014931978130755478,3.052320134182991e-05,0.25334074350903685
23,0.0,-1.545200766612841e-07,8.088947591518362,1.1127048782561398e-12,0.0006842827965351124,0.0,-2.2813817318098068e-08,0.0,-4.67076329533375e-10,-4.93143341726357e-08,0.0,-0.5026649522181397,0.0013098953997854362,0.06683321092229483,-4.351930157062761e-09,3.643215243218091e-09,0.0,0.0,-3.054291768049985e-08,-5.304997397710452e-06,-4.160297601204094e-08,1.3090415687469633e-07,0.0,-13.15920053219146,0.0,-3.940718965776864e-05,-2.178303397372545e-08,0.0,-5.984281430048849e-10,0.0,-1.5810482129458248e-09,0.0,0.0,-2.7291286519823092e-05,2.5544422894921092e-06,0.0,0.0,5.474595028387895e-10,0.0,0.0,2.5737834252215263e-15,-1.112945609489212e-06,0.0,-1.0937002952899514e-07,0.0,-2.5830739647379574e-14,0.0,-1.8880893635905123,1.3471683684915088e-13,-1.281175335306853e-08,0.0,0.0,0.0,-0.00013156733476199525,-0.3866823559763155,-1.6946743022318435e-11,0.0,0.0,0.0,0.0,1.2121423712963127e-06,-1.6771319716346218e-12,0.0,0.015982307706523424,0.14108115191812937,-0.22620264081232555,0.2695930073376903
24,2.0578981923998076e-06,-2.849774098936256e-09,0.0,0.0,0.0,0.0,0.0,3.3553268768291014e-07,1.9218659892053937e-10,0.0,0.0,6.335877497453497e-08,-2.0731709580478364e-06,-3.7753264043828214e-05,7.561390967359514e-16,-3.33289289371967e-06,0.0,0.0,9.689519594838342e-08,0.0,-2.6399960614267048e-09,0.0,0.0,-2.4699167340262166e-05,-0.0003476314942278362,0.0,0.0,0.0,0.0,0.0,0.0,0.0,0.0,0.0,0.0,2.4073168391636777e-05,-2.1271957690245814e-07,1.1761282032814847e-07,0.0,0.0,0.0,-9.424104246990404e-06,0.00011558560176048946,-1.1644525030377978e-07,-8.001222272190985e-12,0.0,4.4208549362911865e-07,0.0,0.0,0.0,0.0,4.344146414266688e-07,0.0,9.603382894752199e-11,0.0,2.3983575931982014e-05,-7.328430664028802e-14,0.0,0.0,4.0822437842335055e-09,0.0,0.0,3.6193971659477565e-10,0.0,-2.7642040045841023e-06,0.0,0.0
25,0.0,6.780706165825101e-10,0.0,0.0,0.0,0.0,-0.00019888016563023413,-3.679804885124655,0.0,0.004266200976236363,0.0,0.42016769135309817,1.8838231152300335,0.0,0.0,0.0,0.0,3.2282242694997576e-08,0.0,-0.0008549899075748061,-5.846340952752466e-06,2.373832826819197e-05,0.0019423036667927714,-1.45837749730466,9.565025985823789e-12,0.0,0.0,0.013758185736751343,-2.25084734066786e-06,0.0,0.0,0.0,0.0,0.0,0.0014151917893978454,0.0,0.0,0.0,0.0,5.199643690538232e-10,0.0,-0.0007268213761057124,0.0,0.0,-4.0845101940372796e-07,2.286389559465921,-2.026220465516721e-10,0.0,0.0,0.0,0.0,0.0,-1.799035441837495e-13,0.0,0.0,-2.9190598140199413e-09,0.0,0.03951099330269623,0.0,2.747005773535051e-10,0.0,0.0,-2.89238357671658e-09,-1.1460268785910584e-05,0.0,-0.5280130002833274,0.30816315447153414
26,0.0,0.00019789401032519805,8.740168232832474,5.172884447324973e-07,0.0,0.0,0.00027328739118364547,0.0,0.3817184341851025,0.00409836425062074,0.0,-0.00028506790646355695,0.0,-0.0019610348181759267,2.483856610473726e-06,0.0030075024745946717,4.02179132099697e-09,-3.0473740556651346e-06,0.0,0.0,0.0,0.004524423473681559,0.0,-13.51670777759809,0.0,-0.04277306030836899,-5.953422635713396,-8.045015737039135e-06,0.0,2.9080356807157834e-05,0.0,0.0,0.0,0.0,0.0,-0.00015422465206896968,0.00035946323635037414,1.4582736594244547e-05,0.0,0.0,-0.21379698898447852,0.0,0.0,-0.06217560857650458,0.0161040574598656,0.00013074307893088614,-9.353484077176623e-10,0.0,0.0,0.0,0.0,-0.01034676640718607,0.0,0.660774781492375,0.0,0.0,4.3906396919276854e-11,0.0,0.0,1.3096878464465868e-06,2.296059808544797,-2.0794603499550002e-16,4.3283352028220436e-05,0.0,0.0,-0.20886538591917558,0.29017101559018044
27,0.0,0.0,3.1820578367263176e-06,0.0,0.0,0.0,0.0,0.0,9.701516160147267e-08,0.0,0.0,0.4202101455972419,0.0,0.0,4.884465514011977e-10,0.0,0.0,0.0,0.0,0.0,-5.584546570011653e-05,0.0,0.0,-1.4898927690153876,6.941907017992511e-08,0.0,0.0,1.6889833229889267e-06,5.046316142204299e-05,0.0,0.0,0.0,0.0,-5.925339507017839e-05,0.0,0.0,0.0,0.0,0.0,-3.013902538971506e-10,0.0,0.0,0.0,2.0641052369758406e-06,-8.912886229919957e-08,0.0,-2.025854328344198e-10,0.0001332680582101395,0.0,-1.382659345189631e-12,0.0,0.0,0.0,-6.276368140405245e-08,5.494800001027968e-06,-8.497032324809911e-10,2.3859094612227144e-12,0.0,-5.061006762194811e-08,0.0,-3.649719326217111,0.0,1.7676084933160581e-07,0.01586383650070272,0.0,-0.5280130002833274,0.30690917410817753
28,0.0,0.0,0.0,-2.6448435887615053e-12,0.0,0.0,-4.514420268991944e-07,-1.1807058860190965e-12,0.0,2.5152640430268628e-09,-1.9867462985318333e-07,0.0,3.290881095395489e-10,0.0,0.0,0.0,0.0,1.3728746538346489e-08,1.4167365789311779e-11,0.0,0.0,-2.20558158716025e-10,0.0,1.0616656460664604e-08,-0.0003324050648355442,0.0,0.0,1.4784900648373997e-07,0.0,8.801366345787237e-05,0.0,0.0,0.0,0.0,0.0,-7.279325285669595e-07,1.3076292816922288e-05,0.0,0.0,4.582729259066728e-07,0.0,0.0,0.0,-2.9713299851849993e-08,0.0,0.0,-8.689941686841021e-14,0.0,0.0,2.3834344600156944e-14,0.0,0.0,0.0,0.0,0.0,-2.3637089244748835e-07,-1.6146376349154215e-11,0.0,-3.747804162001502e-09,0.0,5.2160384768188747e-11,0.0,0.0,0.0,0.00642650688261423,0.0,0.0
29,0.0,0.0006922883713723814,8.354021041026044,-0.004485050807441698,0.0007020865225482594,0.0,0.0,0.0,0.0,0.004164373978112488,0.00014495552669105448,0.0,0.0013873656838370996,0.07150793736973043,5.717331946723743e-06,-0.00011155214766435471,-0.002339414903428297,1.1194279965564364e-06,-0.015919058864593272,0.026719735375578646,0.0,0.0026704367957455233,0.0,-14.320053984903783,1.135718754874393e-06,0.0,-6.181668769036154,0.012952282463451925,0.534161511169393,-0.2852707271677494,0.0,0.10386555999628849,0.0,-0.03701739517509095,0.0728509607409196,-0.0009419222180004286,0.0,0.0,0.0,0.0,0.0,0.21487212169318148,0.0,0.0,-0.0026559266752261322,0.0,-9.339042823339119e-08,0.0001286874543512335,0.0,0.0,0.0,0.0,0.0,-0.0005656841096476541,0.0,-0.00019609453858522824,0.0,0.0,2.8711063717427334e-05,-0.0010883724806223793,2.2426833894178757,0.0,0.0,0.014598020932731829,0.0,-0.22606245189953914,0.27150005454624054
30,0.0,0.0,0.00016205368138092792,-1.0528981400928875e-07,0.0,0.0,-0.00020594264181235562,-0.16639665232866152,-1.7157386115636107e-12,0.004390138510489151,1.2734259817858861e-05,0.4134674273179344,2.3484300173060455e-08,0.0,0.0,0.0,0.0,-3.3022558306426717e-10,0.00032023493973696557,0.0,-0.003968510951684934,0.0,0.0,-1.4892962973997275,0.0,-4.675010812918554e-10,-2.3890558790928885e-06,0.0,5.953566365469402e-05,0.0,0.0,0.0,0.0,0.0,0.0,0.0,0.0,0.0,0.0,5.12265549487599e-10,0.0,-0.0006948463265716158,0.0,0.0,1.2096801480489328e-09,0.0,0.0,2.3584115325614398e-06,0.0,0.0,0.0,5.562827626311344e-07,0.0,0.0,0.0,0.0,0.0,0.03958318921755577,2.663128733617191e-09,-7.434090528659184e-09,0.0,0.0,0.0,0.0,-0.0015335959312454718,-0.2012552557986299,0.0
31,0.0,0.0,-0.004603301574251048,1.928649659664063e-07,0.0,0.0,0.005145467856118207,2.9334866544468777e-06,0.0,0.0,0.0,0.0,0.0,-0.020218840609267524,-5.472918183557607e-12,-3.140902114473726e-05,0.0,-5.120606900633367e-07,0.0,0.07282806445980937,5.8159426036040373e-08,-5.8738763897385634e-05,0.014858937569869918,0.0,0.0,7.93120800957916e-05,-3.602023369378452e-05,-8.022141981547202e-05,0.0,0.0,0.0,-9.557490388802929e-08,0.0,4.129253943106954e-06,0.0,0.0,0.0,1.7047486308190965e-07,0.0,-3.064739958341667e-08,-8.699671640947915e-09,0.0,0.0,1.647968730410193e-06,0.0,6.873612682770959e-07,0.0,0.0,0.0,0.0,0.0,-2.125888302065759e-12,0.0,-0.00011659689807200224,0.002776207217511456,2.3794692266801883e-05,0.0,-3.049539711079561e-08,0.0,3.971180508091768e-12,0.0,0.0,0.003225662099722623,4.202435670978142e-08,-0.022090391327100663,0.0,0.2563970691121195
32,0.0,-4.0626193886748755e-08,0.0,-1.6086248452040946e-09,0.0,0.0,-6.096908014906869e-09,-1.1976260110828585,-9.981464033138894e-10,0.0,6.050180821817261e-07,0.009203950872668315,2.4077002674848383e-07,-1.1911386036234178e-13,-9.060220817242393e-10,0.0,0.0,0.0,0.0,-1.2288661198350875e-07,0.0,2.0567319088589772e-07,0.0,-0.05630995098842,0.0,0.0,0.0,-8.380289650696083e-05,0.0,7.980126622799303e-10,0.0,0.0,0.0,-0.0013221520779831699,0.0,-6.062114293906744e-06,0.0,0.0,0.0,2.514643853126102e-05,0.0,0.0005103841971672463,0.0,0.0,0.0,0.0,0.0,0.0,0.0,0.0,0.0,0.0,0.0,4.344113161595693e-05,5.309783992680236e-06,1.03749554673074e-08,1.0828110650429714e-12,0.0,-4.953465349975841e-10,0.0,0.0,0.0,0.0,0.15100484265594227,0.0,-0.007391458465105805,0.0
33,0.013398676682843502,-1.5441568027041937e-07,8.088947591518364,0.0,0.0006784472077123867,0.0,0.0,7.634285540621707e-05,-6.792328007877612e-06,-1.5279139308098301e-06,-1.728601732781792e-07,-0.5060385265480373,0.0,0.07171497422307446,3.520685527551436e-06,3.9768700605101955e-09,3.165520336174072e-07,3.0788237012762014e-05,0.0,5.291528892597447e-10,4.7130438248113546e-11,1.4246613972874056e-07,0.0,-14.320071793692833,0.0,0.0,0.0,0.0,0.0,-2.1429818919491456e-08,-1.4390834752264972e-07,-1.777145649030148e-05,0.0,-0.0025343118325711865,-5.434274301302545e-07,-1.2143495466832217e-05,0.0,0.0,0.0,0.0,0.0,0.0,0.0,0.0,-1.781420447630362e-05,0.0,0.0,0.0,0.0,0.0,0.0,-0.004661270166365666,0.0,-0.00012702807929272295,0.0,-1.6933865404811575e-07,0.0,0.0,0.0,0.0,0.0,0.0,0.0,0.0,0.13639553203949784,-0.2258547866805733,0.2715000545462406
34,0.0,0.0,0.0,5.7752489454005436e-11,0.0,0.0,-1.3294256255173124e-09,-1.2486847285846222e-07,5.1686926310913875e-06,1.810904601187003e-08,0.0,-0.000240200991005024,1.709425996681332e-07,0.0,-3.8996670580056706e-11,2.1609542345764126e-07,0.0,1.985918743113217e-11,0.0,-1.0938326479956716e-05,0.0,0.0,0.0,0.0,7.931372759205603e-08,0.0,0.0,0.0,0.0,0.0,0.0,1.3979267670521933e-07,0.0,0.0,0.0,1.171893093107072e-05,1.0598215936127617e-08,-2.4960122832749906e-10,0.0,-5.604218478684484e-07,0.0,0.0,0.0,0.0,0.0,0.0,0.0,0.0,3.4706250392788104e-08,0.0,0.0,0.0,0.0,-1.3306994069782149e-05,1.2652850760598065e-07,-8.261529718656914e-07,0.0,-3.52552619494556e-11,0.0,0.0,0.0,0.0,5.999305338589639e-11,9.434791275788506e-05,0.0,0.0032480500597007467,0.021865526584891437
35,-2.5213228282701146e-08,-6.0314893941658505e-09,0.0,0.0,0.0,0.00041241052708890967,0.0,1.3578804831100412e-08,0.0,0.0,1.4466047530665947e-05,-0.00022036008495502415,3.0412753464732845e-08,-0.017012473594759825,0.0,0.0019311480382493136,0.0,0.0,0.0,0.0057761294716513496,-3.224409693813155e-09,0.0,0.0,0.0,0.0,0.0,1.6994067364507748e-12,5.707343471866676e-06,0.0,3.0115309403715043e-06,0.0,0.0,0.0,0.0,-0.007076860400897566,0.0,0.0,4.009918194766622e-06,0.0,0.0,0.0,0.0,-1.6422682237983676e-05,-3.704578716866797e-08,-7.08911955816686e-12,0.0,-5.2792057581256066e-08,-0.007590693797893615,0.0,0.0,0.0,0.0,0.0,0.0,0.0,2.3795016414829235e-05,0.0,-9.36358173736886e-06,0.0,3.849942107282863e-09,-4.198160227156284e-05,0.0,2.602684260759377e-12,0.0017424866903224048,0.0,0.01856447296632413,0.03904867356838983
36,-0.0003161033422575876,-1.571515575620244e-07,0.0016973179981478737,0.0,0.0006784472077123867,0.0,0.0,7.634285540621707e-05,-7.269777130782171e-06,-1.5284173302947425e-06,-1.728601732781792e-07,0.0,0.0,0.07171497422307446,0.0,3.976870060509957e-09,3.165520336174072e-07,-7.096246512517235e-08,0.0,-0.00015779656131679337,4.713043824811244e-11,0.0,0.0,-0.3306286346382583,0.0,0.0,4.949464210335525e-07,-8.267520661890345e-05,0.0,0.0,-9.531768278842837e-11,4.343176081629172e-07,0.0,0.0,-5.505304057238002e-07,-1.2143495466832217e-05,0.0,0.0,0.0,0.0,1.0683119216094468e-10,0.0,0.0,0.0,-1.781420447630362e-05,1.1886153101954183e-08,0.0,0.0,0.0,0.0,0.0,-0.004661270166365666,0.0,-0.00012702807929272295,0.0,-1.6933865404811406e-07,0.0,0.0,0.0,0.0,0.0,0.0,0.0,0.0,0.0,-0.2258547866805733,0.2715000545462406
37,0.0,0.0,0.0,-2.0530427830775844e-09,0.0,0.0,-5.813695759247579e-07,2.1586873712755627e-09,5.174256039940143e-06,0.0,0.0,0.0,0.0,0.0,0.0,3.715587465855661e-07,0.0,0.0,0.0,-1.8891866647549371e-06,0.0,7.839930639331227e-06,0.0,-2.2474652070720826e-11,3.7727193856827774e-09,-2.545978880898173e-10,0.0,0.0,0.0,0.0,0.0,0.0,0.0,0.0,-8.418394862094332e-05,1.5832919748440434e-09,0.0,1.760925844346245e-07,0.0,-3.1342020470166294e-08,0.0,-5.7788436062097505e-09,-2.6032679090825052e-08,0.0,0.0,-4.428520888337865e-12,0.0,0.0,0.0,0.0,0.0,9.660160628182213e-16,0.0,-0.0001339154294158891,0.0,7.742480835194747e-09,-5.6836063746987925e-12,0.0,0.0,0.0,0.0,0.0,0.0,0.15574641722251378,0.0,2.9029720799210598e-05,0.0015092969958032249
38,0.0,1.5243131501885686e-07,0.0,0.0,1.355455806635025e-09,0.0,0.0,0.0,0.0,0.0,-2.103633008725066e-07,0.0,0.0,-4.341131141080007e-05,-1.4801484610682284e-10,0.0,0.0,-5.143029269893431e-07,0.0,0.07229577017434341,5.8159426036040373e-08,0.0,9.489129310216638e-06,0.0,0.0,0.0,-3.5438262349418714e-05,-8.022141981547202e-05,0.0,0.0017719969015286465,0.0,-0.0010755142543808194,0.0,0.0,-3.586981323324577e-12,-5.7161869060001945e-05,0.0,1.7047486308190965e-07,0.0,-3.033816009199172e-08,-8.699671649736729e-09,-4.990528653689853e-06,0.0,-1.1370842404537442e-08,0.0,0.0,3.084436241244853e-11,-0.000304456059205133,-1.1052402755497974e-05,-6.27367362081628e-12,0.0,-2.125888302065759e-12,0.0,-0.00011660840454619601,-5.382915496956878e-05,2.3794692266801883e-05,0.0,-6.520818514341851e-07,0.0,3.95433211475928e-12,0.0,0.0,0.0032247987949603736,4.20243567097751e-08,-0.022450690731933756,0.0,0.2564829688164822
39,0.0,2.4128461441116932e-08,0.0,1.5825373455308612e-09,0.0,0.0,0.0,0.0,0.0,0.0,0.0,0.0,1.2775564478974335e-07,4.612499392246498e-05,-3.555917605240693e-08,0.00016553347963248286,0.0,0.0,0.0,-1.1450472764407138e-08,4.6172569038005625e-11,7.895241722203599e-06,0.0,0.0,0.0,0.0,8.432037016139486e-07,-1.0118124476169154e-07,0.0,0.0,0.0,0.0,0.0,0.0,0.0,0.0,0.0,0.0,0.0,-3.5987166049441805e-07,0.0,0.0,0.0,1.5418615662649402e-06,-5.004562896416784e-14,0.0,0.0,9.094670400278896e-05,0.0,0.0,0.0,-8.423416080774566e-09,0.0,-0.00012757212448787276,0.0,0.0,0.0,0.0,0.0,9.379103117196043e-11,-4.021120788672446e-05,0.0,0.0,0.0016344156872808507,-0.0015630560792765883,-4.217466944703499e-05,0.04108513910149719
40,-2.169123377678952e-08,1.8439669213098046e-10,0.0,0.0,0.0,0.0,0.0,-2.1718208052801656e-06,0.0,0.0,1.4393530565324513e-05,2.3859012736810795e-05,-0.005599714792987379,-0.017627592315409044,0.0,-5.6489302619269766e-09,0.0,0.0,-1.640509082971954e-06,0.0,0.0,-5.8706934013310653e-05,-0.0006122756397938543,0.009146750299964446,0.0,-4.3333824878548455e-11,-4.474305141697433e-08,5.595607780632981e-06,0.0,0.0,0.0,0.0,0.0,0.0,-0.007047516873815304,0.0,0.0,0.0,0.0,1.29655969733974e-08,0.0,0.0,-0.00011461247264112016,5.985505488738427e-07,0.0,1.1292094304564794e-08,0.0,0.0,0.0,0.0,0.0,-1.0408838700804657e-05,0.0,0.0014097958456626355,-5.74854325323932e-05,0.0,0.0,-9.246223086016041e-06,-6.465075705868454e-08,-4.2792232626050673e-07,0.0,0.0,0.0,-5.934421114838287e-07,-9.154678404192478e-05,0.004160082064457071,0.0351872001747966
41,0.0,0.0,8.42109099172769,-3.0274866189315346e-09,1.1353190896730848e-05,0.0,2.044877409492704e-05,0.0,0.38198483920273424,0.0,0.00011122933321480732,0.0,0.0,0.0769141478454417,0.0,0.0018749320222487234,0.0,0.0,0.0,0.028277655420414625,0.21173512846954323,0.0,0.0,-14.982452618134966,0.0,0.0,-5.94444246041646,0.0,0.0,0.0,0.0,0.11114169807460372,0.0,-0.0007489463782288583,2.8461716166807197e-05,1.2385072666473246e-05,0.0,1.4495321326568266e-05,0.0,0.10154967548620056,-1.736412586863644e-05,0.19646206175251713,0.0,0.0,0.0,0.014267619697045587,-7.362199817486206e-06,0.0,0.0,9.806082857882962e-11,0.0,7.541208792997835e-07,0.0,0.0,-7.633178897157884e-05,0.0,0.0,0.0,0.0,0.0,0.0,0.0,-2.4158233964590607e-08,0.0,0.0,-0.22711460353620744,0.273348676777849
42,-9.907466662665513e-09,6.578632259540323e-10,3.2078272761898365e-06,-4.7038278084679605e-11,0.0,0.0,-6.256673325270829e-06,-3.480197191666892,9.978871000005103e-08,0.0049812235913968776,1.3711550121025637,0.4023314687470632,0.0,0.0,2.364246993472971e-08,0.0,0.0,3.228656289652916e-08,0.0,0.0,-1.1623055021159302e-07,0.0,0.0019675690884662263,-1.4571546408308937,5.1268341698261006e-08,-5.281083539865861e-07,0.0,-7.980147806164457e-05,0.0,0.0,0.0,0.0,0.0,-7.089888257619497e-05,0.0,0.0,0.0,0.0,0.0,2.7013348147867155e-12,0.0,0.0,0.0,-4.038227649264955e-08,-1.6263276129169027e-10,-4.926204883003842e-08,-2.0386485914520859e-10,2.753912253598183e-05,0.0,1.367717758098552e-11,0.0,0.0,0.0,-6.173539898065542e-08,0.0,2.8059115966449155e-08,-5.918810758896355e-12,0.0,-4.912740724314362e-06,0.0,-3.6216633709110058,0.0,1.7068571566141147e-07,0.016347649861530065,0.0,-0.5264270364658247,0.3068999694897081
43,0.0,-2.9465880561552545e-06,7.597419931009586e-10,5.767886317655764e-11,0.0,0.0,0.0,8.470074300573786e-08,0.0,1.7826290151157576e-08,-3.9376197423027e-07,0.0,-1.6269069493476376e-07,0.0,0.0,0.0,0.0,0.0,3.1854950486418565e-10,0.0,0.0,0.0,0.0,-0.0002596980001956967,-8.283850313526891e-11,0.0,-1.9950472062910786e-08,0.0,0.0,0.0,0.0,1.4735444557217159e-07,0.0,0.0,0.0,0.0,1.23659783670116e-05,-2.3471997779933794e-10,0.0,2.5060102481965267e-05,0.0,2.6073909317187675e-05,7.48129306224453e-06,0.0,0.0,0.0,2.091865882822578e-07,0.0,0.0,0.0,0.0,3.2707147727467464e-18,0.0,0.0,-1.9528180740608435e-07,0.0,0.0,3.849126232436503e-12,-3.762333596065536e-05,0.0,0.0,0.0,0.0,0.0,1.97841149224092e-07,-7.409607698290967e-07,0.01453748276920082
44,0.0,0.0006922883713723814,8.354021041026044,8.105816530262266e-09,0.0,0.0,0.0,0.0,-0.188935387049316,0.004288782856733222,6.745705731723942,0.0,0.0013873656838370996,-0.0009517478229851412,-2.3745110765042648e-07,0.0,0.0,0.0,-0.015919058864593272,0.0006602130332076465,0.0,4.9412118474695746e-05,9.991572513699983e-06,-14.531654067439472,2.572278585102688e-06,0.0,-6.188899296229783,0.012905890993037435,0.534161511169393,-0.014431517371373465,0.0,0.09607062293767576,0.0,-0.03701739517509095,0.0,-0.0009419222180004286,0.0,0.0,0.0,9.512527146878444e-07,0.0,0.21487212169318148,0.0,-1.6327833051565052e-08,0.0,0.0,5.595907259080174e-08,0.00014406944869147656,-1.7885331684439905e-08,-2.6221486177747624e-13,0.0,0.0,0.0,-0.0005656841096476541,7.409097634485386e-07,2.3656851793470968e-05,0.0,0.0,0.0,-0.0010315785972950977,0.0,0.0,0.0,6.660897927281839e-06,0.0,-0.22611478119288492,0.2715000545462406
45,0.0,-7.508990371588963e-08,7.727712552356633e-10,4.20502786044907e-13,0.0,0.0,6.345602776614993e-07,1.201935388625632e-10,0.0,0.0,-1.6887721907300856e-08,0.0,0.0,0.0,0.0,0.0,0.0,-2.7678470314920294e-10,-2.945475847226861e-08,0.0,0.0,0.0,0.0,0.0,0.0,-2.3646791286000107e-11,8.376194293409682e-10,-1.3618335190461194e-06,0.0,0.0,0.0,0.0,0.0,0.0,0.0,5.597874535851399e-05,1.23659783670116e-05,0.0,0.0,-6.883988786131417e-10,-1.5111848190683853e-06,0.0,-7.953984257844818e-07,0.0,0.0,0.0,2.091865882822578e-07,0.0,5.650233026246222e-10,0.0,0.0,0.0,0.0,0.0,0.0,0.0,0.0,1.64656808569762e-08,0.0,0.0,0.0,0.0,0.0,0.0,-9.552296497250943e-05,0.0,0.014537482769200825
46,0.0,0.0,8.424016733531113,0.0,0.0007037772306479017,0.0,0.0,0.0,0.3813587276985698,0.0001493631095494277,0.0723766540164883,0.0,0.0014064439719043422,0.10437308456476697,0.0,0.0018736897368070134,0.0,3.063856485720565e-05,0.0,0.0,3.145606271354584,0.0,0.0,-16.44847535970942,0.0,0.0,-5.958370978907749,2.7291172176313605e-07,0.0,0.0,0.0,-0.4133576803810216,0.0,-1.6232964460381055e-05,0.0013926401848967955,0.00033700572032107495,0.0007405979545028456,0.0,0.0,0.10239395994628739,-0.015584297008347736,0.0001380757179730973,0.0,-0.06217560857650459,0.0,0.01403827525000258,-7.133842058796051e-06,-8.03906356569452e-06,0.0,0.0,0.0,0.0,0.0,0.3878244121462764,0.0,1.550266401636723e-07,0.0,0.0,0.0,2.320088223412833e-06,0.009778239607310057,0.0,-8.067827412048198e-07,0.0,0.0,-0.22728940835549766,0.29017101559018044
47,0.0,0.0,0.0,2.0484444004020483e-07,0.0,0.0,0.0,-7.351320196102314e-05,0.0,0.0,-9.367296339295368e-07,0.0,6.32241124328219e-06,-7.099887959371022e-05,2.9838129659969e-09,0.0,0.0,0.0,0.0,0.0005086177132988673,3.9604482802667257e-10,0.0,0.0,0.0,0.0,-1.7209445373241214e-07,1.6124157367313091e-09,0.0,-0.0022256290749976355,-1.218052677531248e-05,0.0,-1.4669018664689726e-08,0.0,0.0,0.0,0.0,0.0,0.0,0.0,1.0032326263816438e-06,0.0,1.4284338874183665e-06,0.0,3.9600639187175235e-06,0.0,2.6200957174876997e-06,6.507032512633052e-08,-0.00029576679224217436,-1.716761819533308e-08,-6.63371538690144e-12,0.0,1.63157998867793e-05,0.0,-6.724646835055572e-10,-5.374918146602847e-05,0.0,0.0,0.0,0.0,-1.650638587623909e-09,0.0,0.0,-3.337446040772572e-05,-1.978431052250739e-07,-1.0732569602258703e-05,0.0,0.25569010584175234
48,0.0,-2.980547337724824e-06,0.0,-1.2468013494099054e-07,4.2688171556280456e-12,0.0,-5.813695759247579e-07,2.1586873712755627e-09,0.0,0.0,0.0,0.0,0.0,0.0,-9.6431231589903e-10,3.773799103351783e-07,0.0,0.0,0.0,-1.8247421351016784e-06,0.0,6.683841606796803e-06,0.0,-2.2474652070720826e-11,0.0,-2.545978880898173e-10,0.0,-7.965372582828951e-05,0.0,0.0,0.0,0.0,0.0,0.0,-8.418394862094332e-05,0.0,0.0,1.760925844346245e-07,0.0,2.6665222835240282e-08,0.0,0.0,-2.6010724366599233e-08,0.0,0.0,-4.3851020164519765e-12,0.0,0.0,0.0,0.0,0.0,0.0,0.0,-5.799353106643467e-05,-6.971253075324213e-08,1.1191575590484289e-08,-5.6836063746987925e-12,0.0,0.0,0.0,0.0,0.0,0.0,0.15574641722251378,0.0,2.9029720799210598e-05,0.0
49,0.0004476638002733235,-2.191653090575583e-06,8.425541392612837,0.0,-1.890563738317423e-05,0.0,4.441618870692113e-06,0.0,0.0,3.3985223301090975e-09,0.0,0.0,0.0,0.0,0.0,0.0,0.0,0.0,0.0,0.0002165248073579401,3.136127413179371,0.0,0.0,-13.721939085550673,1.489240626472604e-18,0.0,-5.958299267711251,0.0,0.0,1.4874030003856177e-05,0.0,0.0,0.0,0.0,0.0,0.0,0.0,2.5187286885972e-11,0.0,0.0,-0.0031577658623895494,0.0,0.0,-0.06243569914599982,0.0,-0.00022934444704300703,0.0,-8.03906356569452e-06,0.00994047959945232,0.0,0.0,0.0,7.093285025433327e-10,-0.013103242468350105,0.0,2.733868172860186e-07,0.0,0.0,0.0,2.320088223412833e-06,0.009710165925882832,0.0,-8.230192293783776e-07,0.0,0.0,-0.22728940835549766,0.2764041626044773
50,8.9594836355207e-07,1.8511706483040144e-10,0.0,0.0,0.0,0.0,3.2631647624705145e-05,0.0,0.0,0.0,0.0,0.0,-1.0022677154719672e-06,0.0,0.0,0.0,0.0,0.0,-1.640509082971954e-06,0.0,0.006107981114466282,-6.0778865225234876e-05,0.0,0.009146750299964479,0.0,-5.0788247747273533e-11,-4.5995481879179324e-08,-7.301667258338537e-08,0.0,0.0,0.0,-1.3838803981572596e-08,0.0,0.0,0.0,0.0,0.0,0.0,0.0,1.29655969733974e-08,0.0,1.4731164980097975e-06,-0.00011461247264112016,-1.2196347763696076e-08,0.0,1.114435138757034e-08,5.493836412770719e-09,-5.273739440727373e-06,0.0,-4.5165046312987454e-07,0.0,1.4196204397870385e-05,0.0,0.0014097958456626355,-5.772884712751687e-05,5.146565265349006e-07,0.0,0.0,-6.561121611283877e-08,-4.2792232626050673e-07,4.509489022181164e-09,0.0,0.0,-5.910861375912901e-07,0.0,0.004173022385343311,0.0241204966164561
51,0.0,0.0,0.0,0.0,0.0,0.0,-0.00021734019097882081,-0.007639691835334542,4.242831398032162e-05,0.0002748526931341216,0.0,0.41470089547703926,2.4800800977220575e-08,0.0,2.4542172841136623e-08,0.0,0.0,0.0,0.0,0.00029061258208376236,-0.003994426630321883,0.0,0.0018749193946387447,-1.4005550146829138,0.0,0.0,-2.594797827515409e-06,0.0,-6.260646617353138e-07,0.0,0.0,0.0,0.0,0.0,0.0,0.001125516903896234,-3.609148856180593e-05,0.0,0.0,4.4868284385335846e-11,0.0,0.0,0.011133093361425612,9.460442586019283e-05,0.0,-0.0002779728704092348,-1.2261448014520067e-09,2.286643056288774e-06,0.0,-4.7952403294129135e-05,0.0,-4.934314403031098e-09,0.0,-5.973367628054008e-08,-0.014042865498704482,0.0,0.0,0.03961849669449835,0.0,-7.063309695079084e-08,0.0,0.0,0.0,0.0,-0.0008656863935906909,-0.5221579541712316,0.009510998993175441
52,0.0,0.0,0.0,-1.0528981400928875e-07,0.0,0.0,-0.00020594264181235562,-0.16639665232866152,-8.492287923655589e-13,-8.940445833042565e-05,0.0,0.4134674273179344,-1.2419737492341712e-08,0.0,0.0,0.0,0.0,-3.435025275322269e-10,0.00032023493973696557,0.0,0.0,8.354184507245903e-10,0.0,-1.519063237269498,0.0,0.0,4.295116199796196e-08,0.0,5.953566365469402e-05,0.0,0.0,0.0,0.0,0.0,0.0,1.104661922943917e-05,0.0,-1.5203776945026674e-11,0.0,5.12265549488226e-10,0.0,0.0,0.0,0.0,1.2096801480489328e-09,0.0,0.0,1.1103300367110531e-08,0.0,0.0,0.0,0.0,0.0,0.0,0.0,0.0,0.0,-0.002301009214617008,2.663128733617191e-09,-7.434090528659184e-09,0.0,0.0,0.0,0.0,-0.0015640353674696084,-0.5470378232213408,0.23625112175250945
53,0.0,-2.987593418468109e-06,1.9029339121438864e-10,0.0,2.0868384683265336e-09,0.0,-4.316407254293784e-07,0.0,0.0,0.0,1.3992323878786848e-07,-8.577218827346611e-06,0.0,3.847472902735256e-09,8.928244665781948e-11,0.0,0.0,-5.996967149167541e-07,0.0,1.9257375571438565e-05,-2.1878836791635657e-09,0.0,0.0,1.4141511413315571e-09,0.0,-6.469167218952317e-09,0.0,0.0,-8.757382711863776e-05,0.0,0.0,0.0,0.0,0.0,0.0,0.0,0.0,0.0,0.0,1.5656085705752138e-06,0.0,1.622910876983275e-08,0.0,-7.410535200877199e-07,0.0,-1.92047177647654e-12,-4.4926021754174775e-10,0.0,1.816528703504436e-11,0.0,0.0,0.0,0.0,-3.486195488818594e-06,0.0,2.6912784756359246e-10,-4.946975087753409e-10,0.0,0.0,0.0,3.744917838515913e-09,0.0,-2.142424306404577e-13,-8.903892810009856e-05,0.0,-5.8820359028950026e-05,0.03376189730510233
54,8.9594836355207e-07,0.0,0.0,0.0,0.0,0.0004094423400661546,0.00024188462888040502,1.3391281224796341e-08,-5.0152539727021734e-11,0.0,0.0,0.0,-9.822930807591214e-10,-0.015884492472685002,-2.77739758375858e-10,0.001873336756119135,0.0032397950958573674,0.0,-1.6464240982816677e-06,0.00010839130986392293,0.0,-5.989083966170907e-05,0.0,-4.632899854159115e-06,0.0,-5.0788247747273533e-11,-4.5995481879179324e-08,0.0,0.0,3.522024657832023e-06,0.0,1.4668390959903785e-11,0.0,0.0,-1.9870268783614246e-05,3.0892067062766288e-16,0.0,3.972810281095911e-06,0.0,1.6671923964012866e-12,0.0,-3.5143218391022234e-08,-1.6131913661121527e-05,0.0,-6.999618135344412e-12,1.114435138757034e-08,-5.208237268992194e-08,-0.0003574579878371856,0.0,7.534633037120789e-09,0.0,-1.391762338653024e-10,0.0,0.0,0.0,1.2473489352553576e-06,0.0,-9.49701532281017e-06,-1.413199171774809e-09,3.5955470785358004e-09,4.396367073137447e-09,0.0,0.0,0.0017423836451210294,0.0,0.0,0.03889376941776079
55,-1.2175533422666823e-09,1.0886185592529573e-12,0.0,-1.1574168007785198e-12,0.0,0.0,-1.3294256255166838e-09,-1.2486847285846222e-07,0.0,1.7819576490047385e-08,0.0,0.0,0.0,0.0,0.0,2.1609542345764126e-07,0.0,1.9156371368113338e-11,0.0,-1.0938326479956716e-05,0.0,3.8312570782409017e-07,-0.0006197872077369935,0.0,1.4657475126549355e-09,-4.249101992672385e-11,0.0,0.0,0.0,0.0,0.0,-1.2472786032909983e-10,0.0,0.0,0.0,1.171893093107072e-05,1.1655852129923372e-05,-2.4960122832749906e-10,0.0,-5.604218478684484e-07,0.0,0.0,0.0,0.0,0.0,1.1500290028713984e-08,0.0,0.0,3.4706250392788104e-08,0.0,0.0,0.0,0.0,-1.330699406978204e-05,0.0,-8.261529718656914e-07,0.0,-3.179442264869151e-11,1.6063370959007058e-09,0.0,0.0,0.0,5.999305338589639e-11,9.434791275788506e-05,-9.068180798747458e-05,0.0032480500597007467,0.021146103393173424
56,0.032082406262493104,0.0,0.0,0.0,0.0,0.0,0.0,-1.2486847285846222e-07,5.31912337436817e-06,-9.79401002946145e-08,0.0,-0.0009740988910891953,1.7094259966809848e-07,0.0,-3.899667058455264e-11,2.2794571453382212e-07,0.0,6.245437581912053e-08,0.0,-1.1275646088358205e-05,0.0,0.0,1.9276834467223765e-06,-0.4389825287794329,7.825441181509053e-08,2.4542149267445135e-06,0.09259951969187741,-2.6291283555670756e-07,0.0,0.0,0.0,1.8246704429499623e-05,0.0,2.4825852266062215e-05,0.0,0.0,0.0,1.7102657682736324e-07,0.0,0.0,-4.532850006333088e-15,0.0,0.0,0.0,0.0,0.0,0.0,0.0,-2.304921881261364e-05,0.0,0.0,0.0,0.0,0.0,0.0,3.071686191163482e-08,0.0,0.0,0.0,0.0,0.0,0.0,0.0,0.0005687257464956673,0.0,-0.19336790083972985,0.2911294296769144
57,4.764478484633654e-05,4.5230259941795877e-07,1.182368869478978e-08,0.0,0.0,0.0,-4.514420268992951e-07,0.0,0.0,0.0,0.0,-0.0002454967003800126,0.0,-4.3486576385007173e-10,3.1243260204836523e-09,0.0,0.0,0.0,-0.002962823818946916,-6.177601530157594e-05,0.0,0.0,0.0,0.0,3.3012802335248223e-06,0.0,0.0,0.0,0.0,0.0,0.0,0.0,0.0,0.0,0.0,0.0,1.2864975214464468e-05,-1.180883914326499e-08,0.0,-7.083033295408906e-07,0.0,0.0,0.0,0.0,0.0,0.0,0.0,-2.222621701997602e-07,0.0,0.0,0.0,0.0,0.0,1.9933169698171938e-12,0.0,0.0,6.641845705852556e-16,0.0,0.0,0.0,0.0,1.1876707697460203e-13,-5.540969370176738e-12,0.0007559717575853098,0.0,-0.007021253082779524,0.0
58,0.0,6.78070616534709e-10,0.0,0.0,0.0,0.0,0.0,-0.029749633492164973,5.069132156803141e-06,0.0049164957379584946,0.0,0.41429076545192844,0.0,0.0,0.0,0.0,-1.17616756364599e-10,0.0,0.0,6.229397666652894e-08,0.0,2.282896091992247e-05,-6.246084625793121e-05,-1.45708375621962,-4.5690989741042214e-08,0.0,-1.6967747424512454e-06,0.0,-1.707484468101182e-08,0.0,0.0,-3.1639659340167523e-09,0.0,5.9662811394745554e-05,0.0,3.512333739713345e-06,1.0867653456313525e-08,0.0,0.0,-6.307318765823578e-12,0.0,0.0,0.0,0.0,5.757656111386355e-08,2.739246993806705e-10,-2.025854328344198e-10,0.0,0.0,0.0,0.0,0.0,-7.1513381365126725e-12,-1.316784702879575e-05,0.0,-3.256146484454128e-10,2.408698455352075e-13,0.0,-4.872552011609901e-06,0.0,-3.643171196672818,0.0,-3.041713170891443e-11,0.0,0.0,-0.5280130002833274,0.30701304108505806
59,0.0,5.935801321081885e-06,7.767642646450933,0.0,0.0,0.0,-5.367099092999254e-09,0.0,0.0,0.0,0.0,0.0,0.0013547714605520026,0.0,0.0,4.109448340007829e-05,3.29959639863934e-06,-3.569714409278506e-05,1.0040118792096e-10,0.0,-9.08925110565481e-06,-2.2957539654526564e-06,3.4187947998291924e-06,-14.50636291202903,7.567021132599921e-08,-0.003765306861194526,-3.450949988228146e-05,0.013065959498281453,-0.020451053122747812,0.04683718930313255,0.0,0.001043286802487484,0.0,0.0003456915057119016,0.0002898002034682249,0.0,0.0,-2.290118417882674e-08,0.0,0.0,1.3562136503002302e-12,0.0001673538861888301,-2.3106306125708884e-07,-1.0200078177380989e-06,1.874620193967379e-06,1.2143161319727574e-09,-4.459060262439401e-08,-4.34663829835211e-05,0.0,0.0,0.0,3.028968015044922e-05,0.0,9.001375925017045e-07,1.979612946690497e-06,1.068982045670814e-05,0.0,0.0,-8.947035077645777e-09,0.0,7.430484640124222e-11,0.0,-0.07982492458153079,0.0,0.1426933916631581,-0.20859808016521328,0.27134930344071617
60,0.0,0.0,0.0,-1.8486147761657464e-09,0.0,0.0,0.0,2.1586873712176047e-09,4.754313097382353e-06,0.0,0.0,0.0,0.0,0.0,0.0,4.293867690471994e-05,0.0,0.0,0.0,7.3590473182486525e-06,-5.1561922215603894e-05,0.0,0.0,0.05719994889938296,3.772719385703761e-09,0.0,0.0,0.0,0.0,0.0,0.0,0.0,0.0,0.0,-8.418394862094332e-05,1.5832919747407054e-09,0.0,1.7770985355571133e-07,0.0,3.2225748459379636e-10,0.0,-5.7788436062097505e-09,-2.6032679090800138e-08,2.7296117203083423e-06,0.0,0.0,0.0,2.4715456444178765e-06,0.0,0.0,0.0,-8.478259089420036e-18,0.0,-0.0001339154294158891,0.0,0.0,0.0,0.0,0.0,1.2494713720139138e-09,0.0,0.0,0.0,0.15574641722251378,0.0,2.9029720799211844e-05,0.0017173949729349862
61,0.0,0.0006922883713723814,8.354021041026044,0.0,0.0,0.0,0.0,0.0,0.0,0.004164373978112488,2.1491333413232083e-06,0.0,0.0013873656838370996,0.07150793736973043,5.769952292780806e-06,0.0,0.0,0.0,-0.015919058864593272,0.026719735375578646,5.7228534251462495e-08,0.0026704367957455233,9.991572513699983e-06,-14.531654067439472,2.572278585102688e-06,0.0,-6.188899296229783,0.012963017655584348,0.534161511169393,-0.2852707271677494,0.0,0.10386555999628849,0.0,-0.03701739517509095,0.0,-0.0009419222180004286,0.0,0.0,0.0,0.0,0.0,0.21487212169318148,0.0,0.0,-0.002647931816870747,0.0,-9.934137401603118e-08,0.0001286874543512335,0.0,0.0,0.0,0.0,0.0,-0.0005656841096476541,0.0,2.3656851793470968e-05,0.0,0.0,0.0,-0.0010315785972950977,2.2426833894178757,0.0,0.0,0.00019695015322621166,-4.775136445511405e-06,-0.22611478119288492,0.27150005454624054
62,0.0,1.2225090712076274e-12,4.104418167892481e-06,2.700849208679751e-07,0.0,0.0,-1.3294256255173124e-09,0.0,0.0,0.0,6.284335798867919e-07,0.0,0.0,0.0,0.0,9.84299307701371e-09,0.0,4.5547417389381664e-15,0.0,3.846424885481604e-07,0.0,0.0,0.0,-0.0008516922219667759,0.0,0.0,0.0,9.327730116476094e-07,0.0,0.0,0.0,-2.8058441054282673e-09,0.0,-1.1717811047160052e-05,0.0,0.0,-5.409419842576234e-09,0.0,0.0,-2.1846212090379907e-06,0.0,-5.829380606173966e-06,0.0,0.0,0.0,0.0,0.0,0.0,3.4706250392788104e-08,0.0,0.0,0.0,0.0,-1.3306994069782149e-05,0.0,0.0,0.0,0.0,0.0,-0.0012233927915333066,0.0,0.0,5.999305338589639e-11,0.0,0.0,-5.645569477381179e-05,0.00038306268649259713
63,0.0,-6.031489394165852e-09,0.0,0.0,0.0,-1.7252361863350174e-05,-1.4782897955471194e-06,7.84146366168428e-12,9.99969944486268e-09,2.3209591054547022e-08,1.4388792940443488e-05,-0.0002259450344822958,2.9363436487950127e-08,-0.01699991339039767,0.0,0.0,0.0,0.0,0.0,0.005840122636646659,5.498029330190334e-06,7.988733538913305e-06,0.0,0.0,0.0,1.4313877254959732e-07,-2.5525520060436124e-10,4.1554053990031415e-08,0.0,0.0,0.0,-2.1661444518067026e-08,0.0,0.0,0.0,0.0,2.2251598438714657e-09,3.3348833486590325e-09,0.0,0.0,0.0,0.0,-1.6422682237983676e-05,-1.471434184289792e-10,0.0,0.0,-5.2792057581256066e-08,-0.007604901764008406,0.0,0.0,0.0,0.0,0.0,0.0,0.0,-1.8731533463617763e-06,0.0,-2.0350948164978811e-07,0.0,1.437930978466633e-10,0.0,0.0,0.0,0.0,0.0,0.018010135366753416,0.03597314312882999
64,0.0,-2.310075516887425e-06,8.419387707225386,0.00012438025874006792,0.0007034512142213705,0.0,-0.00018560092617525537,0.0,0.0,0.0,3.943410671332863e-06,0.0,0.0,-0.003711075947332644,-2.6016663714090814e-08,0.0,1.654960842795549e-07,1.0410330110751177e-09,0.0,0.000527869306919844,0.0,0.0,0.0,-14.865919996144145,0.0,0.0,-5.9612960046523416,0.0,-2.0583076004490078e-07,-0.2852707271677494,0.0,0.0,0.0,0.0,-1.1347270477159443e-08,0.0,0.0,0.0,0.0,0.0,0.00011021626449747449,0.2116764125553602,0.0,4.5260158150332903e-07,0.0,0.0,1.2232665073567568e-09,2.9107348819136205e-06,0.0,-1.4923335801725946e-07,0.0,0.0,0.0,-5.243287771743117e-05,-3.481529838960675e-05,7.046064480146986e-06,-1.4885094294807026e-15,0.0,-3.039319796661256e-07,0.0,0.0,0.0,0.0,0.0,0.0,-0.20880325912168868,0.2733600314022185
65,0.014012938853790331,0.0007225297025446986,8.088947591518364,0.0,0.0006784472077123867,0.0,0.0,1.4706651204635657e-06,-6.792328007877612e-06,-1.527913930809803e-06,-1.728601732781792e-07,-0.5060385265480373,0.0,0.07171497422307446,0.0,3.745481030827109e-09,3.1655203361740785e-07,-0.0002876991123407155,0.0,-0.0008913700197593153,-7.718155298124315e-13,1.426453224473516e-07,0.0,-14.31543114355695,0.0,0.0,-0.04276873072391263,0.0,0.0,0.0,1.6080852893240527,-1.777145649030018e-05,0.0,0.0,0.0,-1.2143495466832217e-05,-2.2836226254771966e-12,0.0,0.0,0.0,0.0,0.0,0.0,0.0,-1.650873050136173e-05,0.0,0.0,0.0,0.0,0.0,0.0,-0.00478536683224069,-0.021087174696265976,0.004478258406474145,0.0,-1.2394505003795678e-08,0.0,0.0,0.0,0.0,0.0,0.0,0.0,0.0,0.13639553203949784,-0.2258547866805733,0.27151737929860914
66,-2.6080251170759648e-11,-5.921617934685105e-09,0.0,0.0,0.0,0.00041241052708890967,0.0,1.3578804747282902e-08,0.0,0.0,1.4466047530665947e-05,-0.0010316036525142291,3.04127534267451e-08,-0.017043751390373195,0.0,0.0019311480382493136,0.0,0.0,0.0,0.005791139768128823,-3.2244096938133205e-09,0.0,-2.363201615156337e-05,0.0,8.736413800497305e-12,0.0,1.8830036635485557e-12,0.013954638064487398,-8.048326858554052e-08,0.0,0.0,0.0,0.0,0.0,0.0014336020880058543,0.0,0.0,3.9782680171981574e-06,0.0,5.07253238404289e-10,0.0,0.0,0.0,-3.6937796539560183e-08,0.0,0.0,-5.195217792919904e-08,-0.007590693797893615,0.0,0.0,0.0,0.0,0.0,0.0,0.0,0.0,0.0,-9.363581737371895e-06,0.0,3.849942107282863e-09,-1.3130338993860507e-07,0.0,-2.8701227632616603e-09,0.0017424866903224048,0.0,0.02551289493447434,0.03723247428868459
67,0.0,5.099309738431221e-09,0.0,0.0,0.0,0.0,9.801582109858898e-08,-5.500057018831115e-11,0.0,0.0,-2.1036330087251254e-07,8.769867378156384e-07,0.0,0.0,-1.4801484610682945e-10,0.0029745152484076587,0.0,-1.1835240698787634e-05,-1.649975380684236e-06,0.06760676831036044,-7.598309467406302e-10,1.862435906030798e-08,9.489129310216618e-06,0.0,-9.282913203922827e-13,-0.0429457228053485,-3.544434574972648e-05,-7.847195582022784e-05,-2.1550127408574556e-09,0.001887718551725558,0.0,-0.00112267204255819,0.0,0.0,0.0,-7.216393153448199e-07,0.0,1.6992908726425036e-07,0.0,0.0,-8.699671649736729e-09,-4.990528653689853e-06,-2.623558945507241e-06,-1.1370842404537336e-08,0.0,0.0,0.0,-0.000304456059205133,0.0,-6.27367362081628e-12,0.0,1.5923128429944783e-14,0.0,-0.00010805526720858178,-5.3833734076602494e-05,0.0,-1.0790347982102425e-13,-6.567236361477177e-07,0.0,-7.763390343064047e-09,3.2847778551755197e-06,1.2836878594072568e-17,0.0032148228714547235,4.20243567097751e-08,-0.022450690731933756,0.0,0.26997360457222896
68,0.0,0.0007166587275861435,6.692311699681001,-0.005047728296344567,0.0,0.0,-2.872681667006046e-05,0.0,0.0,0.004262483258368768,9.017494000368797e-08,0.0,0.0013873656838370996,0.0,0.0,1.3676675749848549e-08,-1.9063822623394655e-05,-0.018708721370365458,1.9263566394533564e-06,-0.0008847707532705588,0.0,0.0,0.0,-14.040888361767923,2.085661077368331e-10,-0.0037575255409227903,-5.950985241697413,0.013399598674437962,-0.01906424990523086,-0.12824054233094007,0.0,-0.02559342024151766,0.0,-0.03166474855695052,0.0014373837700248388,9.872127173515821e-07,9.625012421056239e-11,0.0,0.0,-2.1190997244700251e-10,0.0,6.975269646542176e-06,0.0,0.0,1.9126279408039687e-05,0.0,0.0,0.0,0.0,0.0,0.0,0.0,0.0,0.3857317177528655,0.0,-2.8994767332748264e-09,0.0,0.0,0.0,-0.0010648948284402823,0.0,-1.4676997322640127e-12,-3.702598651793453e-07,0.0,0.0,-0.20880325912168868,0.2715182885658266
69,0.0,0.00019789401032519805,8.424016733531113,2.418933543036749e-05,4.273758760183974e-06,0.0,2.1222517556362264e-05,0.0,0.3813587276985698,0.00014981643893379,-6.33137829598692e-07,0.0,0.0,0.0,8.546827366609876e-08,0.0018925734638324833,0.0,0.0,0.0,0.0,0.0,0.0,0.0,-16.445943607627697,0.0,0.0,-5.950639666821978,0.0,0.0,0.0,0.0,0.0,0.0,-0.0007610408613687991,0.0015514083510261133,9.892580677890554e-05,-0.0013680789780934153,0.0,0.0,0.10434377613000873,-0.013037963790236362,0.0,0.0,0.0,0.0,0.01403827525000258,-7.133842058796051e-06,0.0,4.0443930578371433e-07,0.0,0.0,0.0,-3.40928616840512e-07,0.660774781492375,0.0,2.8869446492157663e-07,0.0,0.0,0.0,2.320088223412833e-06,0.009778239607310057,0.0,-8.93650340366482e-09,0.0,0.0,-0.22779017266702525,0.29017101559018044
70,0.0,2.4128461441116932e-08,4.666775863039631e-06,-3.850520848950497e-08,0.0,0.0,0.0,1.1455305416833938e-06,0.0,-3.096528411163476e-05,2.5289024820911057e-10,0.0,1.8141814774566507e-07,0.0,-3.5559176052406945e-08,4.4237339029300344e-05,8.225603669996957e-05,-3.571255757198557e-05,9.730676756446329e-11,-1.1450472764407138e-08,0.0,5.947865444274489e-06,0.0,0.0,0.0,0.0,-3.451021234901594e-05,7.253309163263948e-08,0.0,0.0,0.0,0.0,0.0,0.0,0.0,0.0,0.0,0.0,0.0,-1.3819704299007293e-05,0.0,0.0001660736006679857,0.0,-1.1145079516960303e-06,2.201892064125417e-12,0.0,0.0,0.0,0.0,0.0,0.0,-8.423416080774566e-09,0.0,-0.00012456676327439367,-5.4747334723869454e-05,0.0,0.0,0.0,-9.350830839759536e-09,0.0,0.0,0.0,-8.329802459283286e-12,0.0,0.006054246805334992,0.0,0.0
71,0.0,4.2141318159411993e-10,0.0,0.0,0.0,0.0,-4.3842876138726256e-07,0.0,1.0957470067907515e-07,-3.096528411163476e-05,0.0,0.0,0.0,-2.3235520384813288e-05,-6.327706790362699e-10,4.4237339029300344e-05,0.0,0.0,7.781614890232725e-13,-1.1450472764407138e-08,4.6172569038005625e-11,7.895241722203599e-06,0.0,0.0,5.156734579652182e-06,-5.951390852060542e-13,-3.451021234901594e-05,7.31559864148862e-08,1.0741721500414606e-08,0.0,0.0,0.0,0.0,0.0,-1.9051258049994597e-08,0.0,2.3796820412637854e-07,0.0,0.0,0.0,2.5002978381443404e-16,-3.1692553703235166e-07,-2.693036246044429e-09,1.5730303445075303e-06,9.246350331304959e-12,1.5703860681485495e-12,0.0,0.0,0.0,0.0,0.0,-8.329671794373445e-09,0.0,-0.00012456676327439367,8.184781508626044e-07,0.0,0.0,0.0,-6.222369574147411e-08,0.0,0.0,0.0,0.0,0.0,-0.0015202544588669596,0.0,0.25313344872161087
72,0.0,-2.97647177496505e-06,-4.2700049048394035e-11,7.271626628209556e-11,0.0,0.0,0.0,7.816769845519641e-11,0.0,0.0,1.4361671265156515e-08,0.0,-1.6190187320576252e-07,0.0,-2.5100791061956444e-16,9.10591657716529e-11,0.0,-2.7667497350885554e-10,-2.839288989374064e-08,7.490222695583194e-08,5.356117335942855e-10,-3.2329209925686624e-05,0.0,6.442962820966004e-10,0.0,0.0,0.0,4.3357117290479e-08,0.0,0.0,0.0,1.4735444557217159e-07,0.0,0.0,-8.477278989158849e-05,0.0002676247342549167,0.0,-7.728617480384234e-09,0.0,0.0,0.0,2.6073909317187675e-05,7.5777434760117475e-06,1.626648923136883e-06,0.0,0.0,2.091865882822578e-07,0.0,0.0,0.0,0.0,-7.105568075699447e-20,0.0,0.0,-1.9528180740608435e-07,0.0,0.0,-7.723710617860823e-12,-3.56067703192911e-05,0.0,-2.1624972892476688e-14,0.0,0.0,0.0006548668293712729,-3.403282366990566e-06,0.0,0.020860288924091586
73,-2.2240788111826002e-07,6.174229372962576e-13,3.5119881370116874e-07,0.0,0.0,0.0,0.0,-1.363813785813713e-07,4.2774319352854254e-05,0.0,-9.329617491025666e-07,0.002394013013807622,0.0,0.0,5.6470703438907576e-11,0.0,0.0,0.0,0.0002978306266182597,0.0,0.0,0.0,1.7093150438667742e-05,-0.005842417450379056,0.0,3.197074867436903e-10,-8.480184018923576e-09,0.0,0.0,0.0,0.0,0.0,0.0,0.0,0.0,0.001125516903896234,-3.584629367655383e-05,0.0,0.0,0.0,0.0,-2.3563606978284772e-07,0.011133093361425612,9.460442586019283e-05,0.0,0.0,0.0,0.0,-4.741349510730376e-07,-4.728817728087481e-05,0.0,0.0,0.0,0.0,-0.18766910038983076,0.0,0.0,0.0,0.0,0.0,0.0,0.0,0.0,-2.032806999301487e-07,0.0,-0.5221579541712316,0.009625361518850507
74,0.0,2.673609520955921e-08,0.0,0.0,0.0,0.0,1.7541535286316876e-08,0.0,1.0643789136875573e-07,-3.059651635124627e-05,1.423201972831453e-08,-0.00022490428142117358,0.0,0.0,-3.422512504310694e-08,0.0,0.0,-3.4111618970704294e-05,1.0250902585637057e-10,0.0,1.045838837359471e-13,7.895241722203599e-06,0.0,0.0,0.0,0.0,0.0,0.0,0.0,0.0,0.0,-2.194821876317833e-08,0.0,0.0,-1.905125804999735e-08,0.0,2.5126319177694565e-07,0.0,0.0,1.2608583125036886e-09,0.0,0.0,2.1536854472121106e-11,0.0,0.0,-3.311640284565005e-14,2.0296696297146597e-07,0.0,0.0,-8.44290424854895e-12,0.0,0.0,0.0,-0.00013186335814599576,0.0,-7.396203696980706e-11,0.0,0.0,0.0,0.0,-2.3910491257918605e-14,0.0,0.0,0.0,0.006095284332944284,-5.393020059924215e-07,0.23985771597688982
75,8.9594836355207e-07,2.676353766857521e-08,0.0,0.0,0.0,0.0,0.0,0.0,0.0,0.0,0.0,-1.6286977676307357e-08,0.0,0.0,-2.78593945894222e-10,0.0,0.0,0.0,-1.640509082971954e-06,0.0,5.783525478789478e-06,-6.0778865225234876e-05,-3.179424680579729e-05,-0.00025424043683896624,0.0,-5.0788247747273533e-11,-4.5995481879179324e-08,-7.30166725833824e-08,0.0,0.0,0.0,1.2580014434350249e-09,0.0,0.0,0.0,1.8707025921538463e-11,0.0,0.0,0.0,1.4957347196289533e-10,0.0,1.4731164980097975e-06,6.297705797127541e-07,-1.2230272416415009e-08,0.0,1.114435138757034e-08,7.473089450870402e-10,0.0,0.0,7.280650240157318e-09,0.0,-5.721443897652578e-08,0.0,0.0014097958456626355,-5.772884712751687e-05,-3.810996154046984e-08,0.0,0.0,-6.561121611283877e-08,-4.2792232626050673e-07,4.509489022181164e-09,0.0,0.0,-5.910861375912901e-07,0.0,0.0,0.024120496616456114
76,0.0,-2.241274068583352e-06,8.424016733531113,0.0,0.0007032598822797433,0.0,-0.00021875220599015273,0.0,0.0,-4.537883654636809e-07,0.0,0.0,-9.392336238527358e-06,0.0,0.0,0.0,0.0,-1.004103308675612e-06,0.0,0.0002165248073579401,3.145606271354584,0.0,0.0,-16.405141337169,0.0,0.0,-5.958299267711251,0.0,0.0,0.002450202426151432,0.0,0.0,0.0,0.0,0.0,0.0,0.0,0.0,0.0,0.0,-0.0031068606087745936,0.0,0.0,-0.06217560857650459,0.0,-0.00022934444704300703,0.0,-8.03906356569452e-06,0.0,0.0,0.0,0.0,7.093285025433327e-10,-0.013329184774015956,0.0,2.733868172860186e-07,0.0,0.0,0.0,2.320088223412833e-06,0.009778239607310057,0.0,-8.230192293783776e-07,0.0,0.0,-0.22728940835549766,0.29017101559018044
77,-2.992030227264123e-08,-5.7344580703410676e-11,0.0,0.0,0.0,0.0004277282773627652,0.0,0.0,0.0,-3.128142365975588e-05,-9.331128651522008e-07,0.0,8.443775846444826e-10,-9.2401866529368e-06,-8.793073762089366e-15,0.0,0.0,2.2225202972035306e-09,-2.927674426164461e-08,0.0,-3.24215758423107e-09,-3.190533628497537e-05,0.0,0.0,0.0,-6.375841238888894e-11,-3.465065637737008e-10,5.915717776000393e-06,-1.1009863812042397e-10,0.0,0.0,0.0,0.0,0.0,0.0,0.0,1.23619895492428e-05,-7.6424417831477e-08,0.0,0.0,2.466725147452414e-16,0.0,-2.6903739583158275e-09,-4.775959658249425e-08,8.785879111458793e-12,1.5803610335559202e-12,-5.335408858708314e-08,0.00027597447106129805,6.588563779209104e-12,0.0,0.0,0.0,0.0,0.0,9.417966551050196e-10,1.1134883064519558e-08,0.0,-2.088509770127834e-07,3.1069649522974555e-07,0.0,7.510554204393672e-13,0.0,2.6332898940328082e-12,0.0002640891797066214,4.7038438398263336e-07,0.0,0.2521154405384277
78,0.0,0.0,0.0,-2.6448435887888022e-12,0.0,0.0,-4.514420268991944e-07,-1.1807058860190965e-12,0.0,7.878183472364137e-07,-2.0393130004934867e-07,-9.78841905644026e-07,0.0,0.0,0.0,0.0,0.0,-3.30534904851795e-07,1.4167365789311779e-11,0.0,-7.716198389644449e-10,-2.205581587158513e-10,0.0,1.061665646066455e-08,3.3012802335248223e-06,0.0,0.0,1.4997972768948745e-07,0.0,8.801366345787237e-05,0.0,0.0,0.0,0.0,0.0,-6.969287347086782e-07,1.3076292816922288e-05,0.0,0.0,0.0,0.0,0.0,0.0,0.0,0.0,0.0,-8.689941686841021e-14,0.0,0.0,2.4143528150387592e-14,0.0,0.0,0.0,0.0,-1.2771303888301123e-08,0.0,-1.6146376349154215e-11,0.0,0.0,-7.462518687233572e-09,0.0,0.0,0.0,0.0,0.0,0.0,0.0
79,0.0,2.220387705048312e-09,0.0,-1.2468013494099054e-07,4.2688171556280456e-12,0.0,9.010383246648091e-06,2.1586873712755627e-09,0.0,0.0,0.0,0.0,0.0,0.0012700606184503109,-9.752580272266685e-10,3.7693887933048276e-07,0.0,0.0,6.97460076709048e-10,-1.8247421351016784e-06,5.701245541400179e-06,6.683841606796803e-06,0.0,0.0,0.0,-2.755039459050399e-10,0.0,-3.2990618943764074e-06,0.0,3.625956343219664e-06,0.0,0.0,0.0,0.0,0.0,0.0,0.0,1.7904975939223182e-09,0.0,-6.990991876575623e-11,0.0,0.0,0.0,-5.14222815208676e-12,0.0,-4.385102016451175e-12,0.0,0.0,0.0,0.0,0.0,0.0,0.0,-5.799353106643467e-05,-6.971253075324001e-08,1.1191575590484275e-08,-5.6836063746987925e-12,0.0,0.0,0.0,6.534899331652177e-11,0.0,0.0,0.14844864403192015,0.0,2.9029720799211844e-05,0.0
80,0.0004640187252731541,0.0,8.35478113274243,0.0,0.0,-1.4456853863284747e-05,6.054432319064397e-06,0.0,0.0,0.0,0.00010080566653402126,0.0,0.0,0.0,-8.775668634421739e-06,0.00010927546060247135,-2.9472134611154666e-07,-2.735829640953337e-06,0.0,-4.279994801654482e-07,0.0,0.0,1.8480995612115835e-07,-13.761999260878099,1.4713581325026137e-18,-0.04261308836170675,-6.207401642908826,-0.00016998763072237529,0.0,2.9736740853344643e-05,0.0,0.0,0.0,0.0,0.0,0.0003380788458027793,-2.0991684950249882e-07,2.377826144562591e-09,0.0,-0.0018317001842436335,1.992752617283066e-12,0.0,0.0,0.0,0.00013723666693335338,9.958611700909875e-08,0.0,-1.2455690554543142e-05,0.009612336717533476,0.0,0.0,0.0,0.0,0.0,0.0,-1.7859807705079533e-07,0.0,0.0,1.8708472581217742e-06,-0.0010883724806223238,3.401513694399616e-06,-1.5293558559322864e-12,0.0,0.0,0.0,-0.22606245189953914,0.27739396773320546
81,-2.2240788111826002e-07,6.174229372962576e-13,1.9100612385674167e-09,0.0,4.5628769508083163e-07,0.0,0.0,0.0,2.2670140673773904e-06,0.0,-0.005614707028386956,0.0023940130138075943,0.0,0.0003329863729388191,5.6470703438907576e-11,0.0,0.0,1.917438732628446e-10,0.0,5.3238308583086174e-11,-5.638430852743675e-05,2.3837002811372726e-05,1.814885973128773e-05,-0.005842417450379056,7.013138319828771e-10,-1.6467504111149354e-06,0.0,0.0,0.0,0.0,0.0,0.0,0.0,9.386208719436216e-08,0.0,0.001125516903896234,-3.584629367655383e-05,0.0,0.0,0.0,0.0,-2.3563606978284772e-07,0.0,9.460442586019283e-05,0.0,8.078474692428472e-07,0.0,0.0,3.939189859437418e-09,-2.063767717157767e-06,0.0,0.0,-1.0796473644761884e-13,0.0,-0.0029094655910967687,-9.489799908895257e-12,0.0,0.0,0.0,0.0,0.0,0.0,0.0,-2.032806999301487e-07,0.0,-0.5221579541712316,-0.0018878072946540148
82,0.0,1.538802436484866e-10,8.5943374950055,0.0,0.0,1.037770981391392e-05,0.0,2.22752813888009e-07,0.0,0.0001493631095494277,0.0,0.0,-8.964225801959464e-06,0.10437308456476699,0.0,0.0,0.0,3.063856485720565e-05,0.0,0.00639844854704149,3.145606271354584,0.0,0.0,-16.44847535970942,0.0,0.0,-5.958370978907749,2.7291172176313605e-07,0.0,-9.324229539635511e-08,0.0,-0.4175539286894685,0.0,-1.6232964460381055e-05,0.0013945590445866264,-4.5534379825037485e-07,1.9833804632236136e-05,0.0,0.0,0.10015351844949197,-0.015584297008347736,0.00013698635942646244,2.601371443612509e-07,-0.06217560857650459,-2.5119697866675054e-13,0.013896314626515676,-7.909894542755947e-08,-8.03906356569452e-06,0.0,0.0,0.0,0.0,0.0,0.0003679974239824968,0.0,-3.0067481529667904e-06,0.0,0.0,0.0,2.320088223412833e-06,0.009778239607310057,0.0,-8.663347798094847e-07,-8.236836011152457e-06,0.0,-0.22728940835549766,0.29874148732876515
83,-1.2070927972562372e-09,8.059871169595533e-09,0.0,0.0,1.342757030004292e-09,0.00042384575389324075,0.0,0.0,5.2342762402358125e-06,-3.092957312894929e-05,0.0,-0.00022036008495502415,1.718538497897618e-07,-2.308650205169044e-05,0.0,9.339024527462458e-07,1.7404955952089635e-08,3.6491394608408843e-09,0.0,1.9770396120957767e-05,0.0,-2.496861199428879e-07,-3.550798101110456e-08,0.0,7.870547507774287e-08,0.0,0.0,5.707343471866676e-06,0.0,0.0,0.0,-2.009376436354769e-09,0.0,0.0,-0.007076860400897566,0.0,0.0,0.0,0.0,-5.924939857903998e-07,-8.687771727738267e-09,-4.7312569075246806e-06,-1.719036682396738e-05,0.0,0.0,-5.97709092994168e-09,0.0,0.00021392120772679432,0.0,-4.794469491215584e-15,0.0,0.0,0.0,-1.459051627368201e-05,-5.638941323813282e-05,2.3796450931864945e-05,0.0,9.879014638419323e-11,0.0,3.841625083741784e-09,2.72786732589562e-06,0.0,0.0032180208823605356,0.0,-9.003005250577724e-05,0.018010135366753416,0.03560278001489299
84,0.0,1.2225090712073689e-12,4.065443318290002e-06,-6.19191545157795e-06,0.0,0.0,-1.3294256255173124e-09,0.0,5.1686926310913875e-06,0.0,1.3585254857221793e-08,-0.00022943621147090108,0.0,0.0,0.0,9.84299307701371e-09,0.0,-4.3377680027213714e-13,0.0,3.846424885481604e-07,0.0,6.389968680041099e-06,0.0,0.0,0.0,0.0,0.0,0.0,0.0,0.0,0.0,1.3979267670521933e-07,0.0,0.0,0.0,0.0,-5.409419842576234e-09,-2.4960122832749906e-10,0.0,-1.062385842653066e-06,0.0,0.0,0.0,0.0,0.0,0.0,0.0,0.0,3.4706250392788104e-08,0.0,0.0,0.0,0.0,-1.3306994069782149e-05,1.3835395560866521e-07,-8.261529718656914e-07,0.0,-3.52552619494556e-11,-6.154596080411905e-07,-0.0012233927915333066,0.0,0.0,5.999305338589639e-11,9.434791275788506e-05,0.0,-5.645569477381136e-05,0.021865526584891437
85,-2.916886835909765e-08,-5.7344580703410676e-11,0.0,-2.0357990283431324e-09,0.0,0.0,-4.3895597759248284e-07,2.1807149933030717e-09,1.0686421273401077e-07,0.0,1.4259240180885599e-08,0.0,0.0,0.0,-2.668671595752797e-16,0.0,0.0,2.2943503265676828e-09,-2.9262889881264715e-08,-5.368130025047712e-06,0.0,-3.199018012187702e-05,0.0,0.0,0.0,0.0,-2.0560788189660285e-08,0.0,9.85383272187208e-09,0.0,0.0,0.0,0.0,0.0,-8.438249169067315e-05,0.0,1.23619895492428e-05,-7.419233432814917e-09,0.0,0.0,0.0,5.452689440172003e-05,-2.514369545946841e-09,1.669724696599846e-06,1.0232589495467333e-13,-4.3144157918705704e-12,0.0,0.00013947752766563497,1.2978537721371678e-10,0.0,0.0,0.0,0.0,-0.0001318190144545681,4.143221556596965e-08,0.0,0.0,0.0,-4.2358167730534435e-07,0.0,1.64558553123159e-12,0.0,0.0,0.0006776707869219079,9.196690532541909e-09,3.052320134182991e-05,0.2521154405384277
86,0.0,6.386291191506384e-06,8.354781132742428,-0.004448739225500781,0.0,0.0,-6.52990993496309e-08,0.0,1.2563800861123793,0.0,3.1013230569957762e-06,0.0,0.0013661434709082798,0.0,9.175626242055447e-08,0.0,0.0,0.05835014096463546,3.215123889576375e-07,-0.006325039773835249,0.0,0.0,-1.0913503250640957e-05,-16.40862741856167,1.135718754874393e-06,1.0025631289505021,0.0,0.012952282463451925,0.0,-0.005417587958694037,0.0,0.0046595751099342275,0.0,0.0,0.000261626309024765,0.0,0.0,0.0,0.0,-0.0018317001842436337,0.0,0.0,0.0,-2.6296154042010356e-05,0.0,0.0,-3.5191493034942553e-06,8.772783088584202e-06,0.0,0.0,0.0,0.0,0.0,0.0,1.3731141742798265e-09,-6.224430937435147e-09,0.0,0.0,1.935782438782889e-06,-0.0010883724806223793,-0.00025867839759917096,0.0,0.0,0.0008783228039787698,-1.8946660560517075e-06,-0.22606245189953916,0.29041637664665465
87,0.0,0.0,8.424016733531113,0.0,-4.126631549074977e-05,0.0,-0.00021875220599015273,0.0,0.0,0.0,0.0,0.0,0.0,0.0,0.0,0.0,3.951959202926807e-06,-1.004103308675612e-06,0.0,-5.5693201835808155e-05,3.145606271354584,-2.0219210513690848e-07,0.0,-16.160209594939666,0.0,-0.021109937300557213,-5.826112607988525,0.0,0.0,0.010603003765878992,0.0,0.0,0.0,0.0,-8.422174574635111e-05,-0.21830147930392335,0.0,-8.429273687370956e-10,0.8907826289951704,0.0,-0.0030627248969260913,0.0,-1.995259653038542e-10,0.0,0.0,-0.00023032684602898717,0.0,0.0,0.0,0.0,0.0,-1.3631592320819806e-18,6.771394894479037e-10,-0.00013525461824663245,0.0,-4.911439488723784e-09,-8.882181453389599e-12,0.0,0.0,-3.3767515344605937e-09,-5.89553224291774e-05,0.0,0.0,0.0,0.0,-0.21158191932793283,0.29017101559018044
88,0.0,0.0,0.0,-4.2803742265664355e-11,0.0,0.0,0.0,2.1586873712176047e-09,4.754313097382353e-06,0.0,0.0,0.0,0.0,0.0,0.0,0.0,0.0,0.0,0.0,7.359047318248463e-06,0.0,0.0,0.0,-0.0025406953544801596,0.0,0.0,6.64937307340482e-14,0.0,2.2288083564104942e-07,0.0,0.0,-1.1915230472514734e-09,0.0,0.0,-8.418394862094334e-05,1.5730200580331207e-09,0.0,1.7770985355571133e-07,0.0,5.134937598310329e-10,0.0,-6.896531890858301e-11,-2.6032679090800138e-08,2.8157028682574063e-08,0.0,0.0,0.0,2.471545644418087e-06,0.0,0.0,0.0,-8.589042371420823e-18,0.0,-1.4699704997137779e-06,0.0,0.0,0.0,0.0,-1.2881598776680371e-09,1.2494713720139138e-09,0.0,0.0,-2.8330714568018128e-09,0.15574641722251378,0.0,0.0,0.0017173949729349866
89,8.840546260904571e-07,1.5623352043769223e-10,0.0,0.0,0.0,0.0,0.0,-2.86267314037789e-11,6.487416036838175e-10,0.0,0.0,0.0,0.0,0.0,7.188033522169306e-19,0.0,0.0,-3.585251532897836e-05,0.0,0.0,0.0,0.0,0.0,0.0,0.0,0.0,-3.523152014921801e-05,0.0,-1.813575671434822e-11,0.0,0.0,-1.4624067683282494e-10,0.0,0.0,-8.438249169067315e-05,0.0,3.21346905331754e-08,0.0,0.0,0.0,0.0,5.541830371775363e-05,0.0,0.0,1.0232589495467333e-13,0.0,-1.444631581225996e-10,7.332738420983126e-08,1.2978537721371678e-10,0.0,0.0,1.4422972615471623e-05,0.0,-0.00014428064287006425,-6.227308120760502e-05,5.293787378902139e-07,0.0,0.0,0.0,-1.8528655958178373e-08,-5.34601108954009e-11,0.0,3.8834262599172497e-10,-2.813475073669034e-05,2.182798822209398e-05,0.0,0.03319292528779731
90,-9.907466662665513e-09,6.578632259540323e-10,3.207827276696662e-06,-4.703827808468114e-11,-4.031787080088383,0.0,0.0,0.23826294846996054,7.854212614540873e-09,0.004625078071783627,0.0,0.4023314687470632,1.72319410286525e-05,0.0,-1.3084868148882953e-09,0.0,0.0,3.228656289652916e-08,0.0,0.0,-1.1623055021159302e-07,0.0,0.0,-1.4571546408308942,5.1268341698261006e-08,0.0,0.14743646877315397,0.0,0.0,0.0,0.0,0.0016942722677433658,0.0,0.0,0.0,0.0,0.0,0.0,0.0,0.00017708428897358908,0.0,0.0,0.0,-4.796366337392017e-08,-1.7407542643462847e-10,0.014448678141592196,-2.0386485914557402e-10,2.753912253598183e-05,0.0,-1.114322003275273e-11,0.0,-5.0171564027575833e-08,0.0,-6.173539895959479e-08,0.0,0.0,-5.918810758896355e-12,0.0,9.061780512747351e-08,0.0,-0.04551548700052144,0.0,0.0,0.016347649861530065,0.0,-0.5264270364658247,0.3068999694897081
91,0.0,1.939484457210074e-07,0.0,-1.7859050526459366e-07,0.0,0.0,0.00024335998180340232,-7.351320196102314e-05,0.0,0.0,0.0,0.0,6.338524938514695e-06,0.0,3.1367257361965808e-09,0.0,0.0,0.0,-4.718510915693226e-08,0.0,6.145389792287047e-08,0.0,0.0,5.709460399670437e-08,0.0,0.0,0.0,0.0,0.0,3.616593432969436e-06,0.0,0.0,0.0,0.0,0.0,0.0,0.0,0.0,0.0,1.210918731865489e-08,0.0,0.0,0.0,0.0,-2.8481195361497334e-13,0.0,-5.60646822364028e-09,0.0,1.3025034003367603e-06,7.60606514482797e-09,0.0,1.5800028035643683e-05,0.0,0.0,-6.252488838855585e-05,1.2425622391622848e-06,0.0,0.0,0.0,0.0,0.0,0.0,0.0,0.0,0.0,0.0032707900378089296,0.0
92,0.0,0.0,0.0001038407386204517,0.0,0.0,-1.1686404755803997e-05,0.0,3.0248951282440397e-06,0.0,0.0,1.4357970926903292e-05,-6.415270904172642e-06,-1.2328673643364777e-09,0.0,-5.484985511093483e-12,0.0018588218242580625,0.0,-3.7671575602436034e-05,0.0,0.0051710192091601465,1.2852653306899043e-10,0.0,0.012961614617841568,0.0,8.190830193255183e-14,2.9862308613859585e-09,-4.0624679079442387e-07,0.0,2.1244527303850197e-07,0.0,0.0,-9.639523535283032e-08,0.0,0.0,0.0014117230749249238,0.0,-3.364070274735745e-07,-8.7275635657305e-10,0.0,0.0,0.0,0.0,0.0,-3.9900851890390496e-08,0.0,0.0,-4.9620830708725e-08,-0.007590693797893615,0.0,0.0,0.0,0.0,0.0,0.0,0.0027365774820292906,-7.347160057538833e-14,0.0,0.0,-6.335009544416425e-12,3.760622208987571e-09,0.0,0.0,-0.0001294550254575292,0.001771247647408393,0.0,-0.0002181517145649972,0.042276128559846124
93,-9.245328400197857e-08,1.5243131501885686e-07,0.0,1.9286496596641658e-07,1.355455806635025e-09,0.0,0.005145467856118207,0.0,0.0,0.0,0.0,0.0,0.0,-0.020147103895610065,-1.4801484610682263e-10,-3.140902114473726e-05,1.824002825141021e-08,-5.143029269893431e-07,0.0,0.07229577017434341,5.8159426036040373e-08,-5.8738763897385634e-05,1.0184273180388571e-05,0.0,0.0,8.157268196943299e-05,-3.543826234943182e-05,-8.022141981547202e-05,0.0,-0.008655695073898961,0.0,-9.557490388802929e-08,0.0,0.0,0.0,0.0,0.0,1.7047486308190965e-07,0.0,-3.064739958143122e-08,-8.699671640944844e-09,-4.83484686432365e-06,0.0,1.647968730410193e-06,0.0,6.873612682770639e-07,0.0,0.0,-1.1198454094185238e-05,0.0,0.0,-2.125888302065759e-12,0.0,-0.00011659689807200224,-5.483127457894777e-05,2.3794692266801883e-05,0.0,-6.520818514341851e-07,0.0,3.95433211475928e-12,2.6356668046882688e-06,0.0,0.0032256620997226236,4.202435670978142e-08,-0.0015967822972943893,0.014686568215475669,0.2563970691121195
94,0.0,0.0,8.20731804268153,0.0,0.0,0.0,6.054432319064397e-06,4.131994394619672e-09,0.00027231338017664553,0.0,0.00010229174972726184,0.0,0.0013469938182387982,0.0,-5.012892057399505e-07,0.0029537698931852326,3.116628369698775e-07,-1.1855367739591088e-05,0.0,0.0,0.0,-7.829284390921005e-07,-2.5411913020527e-05,-13.536319803722183,4.702628867388827e-11,-0.04261308836170675,-6.241482183416437,-0.0001704915451635452,-6.048506659994539e-08,2.9736740853344643e-05,0.0,1.3527708810985323e-05,0.0,0.0,0.0,0.0,-2.0991684950249882e-07,5.035571918109836e-08,0.0,-0.0018317001842436335,1.8615504901269473e-12,0.00013145597883151762,0.0,1.5199109574955053e-06,8.974840999286949e-09,1.1322561228166686e-07,0.0,0.0,0.009612336717533476,0.0,0.0,0.0,0.0,-1.0455022208193388e-06,0.0,0.0,0.0,0.0,1.868194964686796e-06,-0.0010883724806223793,3.401513694400109e-06,4.23418879930221e-15,3.8473693185750275e-10,0.0,0.0,-0.22696737846661397,0.27739396773320546
95,-9.467891072562322e-09,6.78070616534709e-10,0.0,0.0,0.0,0.0,4.972121679204335e-05,-3.6327701233444905,-1.9813515637058232e-07,0.005073124181373634,0.0,0.4201754252585715,1.885526202655936,0.0,0.0,0.0,4.034220744696887e-09,3.2282242695804573e-08,0.0,6.229397666652851e-08,-5.8463409527523505e-06,2.3739559073273188e-05,0.0019423036667927714,-1.45708375621962,-5.812215314729979e-08,0.0,-1.724056568738321e-06,0.0,-7.322014791021786e-07,0.0,0.0,0.0,0.0,5.9662811394745554e-05,0.0,3.512333739713345e-06,0.0,0.0,0.0,-6.307318765852865e-12,0.0,0.0,0.0,0.0,2.755421687399527e-06,2.739246993806705e-10,-2.025854328344198e-10,0.0,0.0,0.0,0.0,0.0,-7.1513381365126725e-12,-6.175336632762612e-08,0.0,-3.256146484454459e-10,2.3859094612227144e-12,0.0,-4.872552011609901e-06,0.0,-3.643171196672818,0.0,-2.8923835767165667e-09,0.01589505410817022,0.0,-0.5280130002833274,0.30701304108505806
96,4.764478484633654e-05,0.0,1.1179046485983177e-08,-2.6448435887888022e-12,0.0,0.0,-4.514420268991944e-07,0.0,0.0,7.878183472364137e-07,-3.50964738916848e-09,-0.0002561414139886642,0.0,0.0,3.2134782591655283e-09,0.0,0.0,-2.956832586663006e-11,1.4167365789220169e-11,0.0,0.0,0.0,0.0,-3.6667269531776014e-07,3.3012802335248223e-06,0.0,0.0,0.0,0.0,0.0,0.0,0.0,0.0,0.0,0.0,-4.83388199937377e-08,1.3076292816922288e-05,0.0,0.0,0.0,0.0,0.0,-4.1716866733348624e-05,0.0,0.0,0.0,-8.689941686841021e-14,0.0,0.0,0.0,0.0,0.0,0.0,0.0,2.479267268396815e-07,0.0,-1.6074453292683236e-11,0.0,0.0,0.0,0.0,0.0,0.0,0.0,0.0,0.0,0.2323817548533334
97,0.0,0.0,8.42109099172769,-4.1009055063375463e-07,4.439382139934675e-06,0.0,2.106648192303275e-05,0.0,5.381316448005435e-09,0.0,0.00011122933321481426,0.0,0.001421167070827419,0.0769141478454417,-2.7045956503436847e-10,0.0018749320222487234,0.0,0.0,0.0,0.027751586277816674,0.0,0.0,0.0,-14.909396880619957,0.0,0.0,-5.943921560916099,0.0,0.0,0.0,0.0,0.1111416980746037,0.0,-0.0007489463782288583,0.0,0.0,0.0,1.4580855410568208e-05,0.0,0.06067621833902401,0.0,0.19646206175251713,0.0,4.527082281477468e-07,0.0,0.014267619697045587,-7.3620669331776275e-06,0.0,0.0,-3.3636819971658417e-09,0.0,7.541208792997835e-07,0.0,0.40115359692029234,0.0018841065229181528,6.969460124163043e-06,0.0,0.0,0.0,0.0,0.0,0.0,0.0,0.0,0.0,-0.20880325912168868,0.273348676777849
98,2.682646046891424e-10,0.0,0.0,-1.3130499522228975e-09,0.0,0.0,0.0,-6.92243446611898e-05,-7.879048992146904e-06,0.0,0.0,-0.00022791988962067578,0.0,0.0,0.0,1.1012198958977533e-09,0.0,-3.6420928348418016e-05,0.0,-1.6628283294071392e-05,4.6172569038007486e-11,0.0,0.0,5.5471780674578036e-08,0.0,-1.772317442114553e-07,-1.4686554775013585e-10,5.808933698340725e-10,-1.9832261141978277e-05,0.0,0.0,-2.194821876317833e-08,0.0,0.0,-1.940606886361941e-08,0.0,1.2547798957885921e-05,1.0607942421205317e-08,0.0,0.0,0.0,0.0,0.0,0.0,0.0,0.0,-4.604276334338653e-09,0.0,-7.604222925155768e-07,-8.907194392380903e-12,0.0,6.1835885847771e-07,0.0,-0.00012456676327439367,0.0,-7.405802626268236e-12,0.0,0.0,-3.055174241531086e-07,0.0,0.0,0.0,0.0,0.0,-9.606732940272387e-07,0.0,0.25603581511635837
99,0.0,-6.031489394165852e-09,0.0,0.0,0.0,0.00042384575389324075,0.0,1.3578804831100412e-08,0.0,-3.092957312894929e-05,1.4388792940443488e-05,-0.00022036008495502415,3.0412753464732845e-08,-0.017012473594759825,0.0,0.0,0.0,0.0,0.0,0.0057761294716513496,-3.2803829031786366e-09,7.988733538913302e-06,0.0,0.0,0.0,0.0,1.6992111835189896e-12,5.707343471866676e-06,0.0,0.0,0.0,-2.1661444518067026e-08,0.0,0.0,-0.007076860400897566,0.0,2.4167125857997826e-07,-7.416389152371672e-08,0.0,0.0,0.0,0.0,-1.6422682237983676e-05,-3.704578716866797e-08,0.0,0.0,-5.2792057581256066e-08,-0.007558223210606171,0.0,-8.55944416429066e-12,0.0,0.0,0.0,0.0,0.0,2.3795016414829235e-05,0.0,-2.0850147736889974e-07,0.0,3.857754443558312e-09,0.0,0.0,2.6171300142598164e-12,0.0,0.0,0.018010135366753416,0.035602780014893004
