ant-1.3,824.4987703564057,744.6944091100726,726.4775445138292,224.85609973192444,713.8171901101065,182.49976157851805,264.02695197537673,654.3562062603786,581.8415255039438,135.7268722253005,322.2499583395812,241.17928696632862,694.790588703783,281.09031650972526,823.3955102167542,723.6043300503088,653.8250441100395,707.2911550184336,714.956405684282,816.4551368861912,180.83588007887457,182.49976157851805,678.7364318596951,687.6272692845431,279.97330958877245,318.2883554972216,653.8250441100395,707.7447429547682,653.8250441100395,137.97040459395333,281.09031650972526,699.2668920808321,766.0287397856472,683.9893660955391,724.059440184097,741.6908198991989,224.9848244743905,182.27960765393922,237.56327022399879,281.70182185898574,263.0772933847624,707.744742954768,237.56327022399879,707.2911550184336,322.2499583395812,662.2890562505812,662.289056250581,719.1024988578326,677.857160980341,711.1400229892042,263.615984603895,736.4206602205688,707.2911550184336,652.1303681995338,725.3301258493574,660.6426050269182,673.7322734075677,653.8250441100395,337.6942221838893,707.1907360936194,141.59285708518166,682.2283637383752,310.5873234497807,723.6043300503088,710.3621881068528,737.717772793661,764.4656174374915,337.6942221838893,678.0744671626003
ant-1.4,17.567661568562727,37.26475446841547,37.03496326927973,15.319097411731688,15.359819209478035,16.938848766831406,1.3453437265294355,1.3453437265294355,16.33708264554526,16.940183398833742,1.3477885642257534,0.32004590614563516,33.396562141081546,0.3202880788917873,33.17819373559348,1.3453437265294355,17.2963870608027,0.3231364820416916,34.55086889896118,1.3453437265294355,15.719739354624869,34.71588449128331,16.76891629154179,1.221839686455683,1.3453437265294355,34.7580273117343,15.33042838037245,34.65959809768333,1.221839686455683,16.515860979686547,0.32185780264651975,33.43961200476483,1.3486267254093502,1.221839686455683,15.328113207117696,0.271613789055615,34.81431370533431,16.092139423612103,34.656560087527644,16.365046240572056,34.81431370533431,16.395130992488397,34.7580273117343,16.710714078048127,1.3453437265294355,17.567661568562727,15.75754516279426,14.853019713840794,34.71588449128331
ant-1.5,57.80660337618835,31.11816569601326,14.503462245329692,31.169164486876856,61.70455583837053,32.033893051740066,31.448589434173837,29.13664269048625,35.47176292980756,33.385556943019104,12.970262139116166,30.651249555996507,35.47176292980756,14.887408603539683,14.770855798764307,55.95597424608215,26.494069261741313,32.62372742151866,55.89651726030591,13.094401226778709,31.100838449108405,32.63418891803881,28.82549462163767,57.80660337618835,16.193044343623807,32.15506855432107,58.5606978635859,35.59719171574127,33.385556943019104,24.35384646184228,35.59719171574127,14.770855798764307,16.19304434362381,33.385556943019104,13.653091375763443,27.627626098029893,30.72848806423449,55.869745098721936,35.4389422114791,29.13852427601746,9.987855911549701,14.770855798764307,11.978455897608015,14.975947768005286,30.677098325830794,32.033893051740066,32.181371298867624,55.953607173646475,13.34375162583761
ant-1.6,1074.0419047829562,1039.842730478262,1073.70868048996,1116.2671090587328,912.8116825003168,1066.6082710927644,625.8568099097181,302.86202228447263,581.4556372629959,1009.517571027545,1076.3602130105269,897.2872660226843,1074.521637581034,1064.3460622938685,685.6608690608364,1017.4300060545941,966.9879349761958,888.7462240574472,1036.076483353238,648.1809078268611,921.7289400651157,1022.6108851206671,965.7418921208032,1099.928148354005,1048.9254633972512,901.0065835505636,1085.4484710865768,1075.6539145598456,1036.076483353238,330.60630462687334,887.2881556105364,350.1674488221576,333.2832513675063,900.2087019856071,626.2460254531456,686.4590884987985,1084.4941596544872,686.4590884987985,624.5077120041948,919.5061252155267,1060.3532278124203,919.5061252155267,1074.1003068633065,1063.496287307147,921.1786301451917,945.7047556553945,613.354634492129,1044.7736739001914,614.9949096623004,1056.05171394274,1042.5742360229335,1066.1687059645535,1096.799349001106,650.7474180738551,1114.0905781731558,649.1770458914245,1022.3437782085431,1075.990036258877,1014.5488882565405,625.5998134827271,1012.8129802015712,1044.7939076520413,897.2823263987084,1094.126101855351,1101.4243997349756,314.1361730855905,1044.2022228736832,1017.8146480088632,653.2007116391377,865.9869476500801,1043.5239706287898,1074.8518248224075,1076.0336607154686,1041.6454091128212,1072.829369774246,1012.555875946669,1125.9322404498885,867.7799156163184,683.1846666366093,565.8933620075057,670.7262443231756,1092.350484659259,1056.9055570895173,901.1367163685666,1074.6445072690553,1066.7305733382354,1044.0500158894663,1096.4290794295196,1016.0113209194539,896.658308357436,937.4866806642809,817.6636381640927,1012.8708626110962,1041.636301683119,1041.6032899682118,1069.876610941736,1035.3003163302176,1099.4013403342706,888.6739915236651,647.1857603887521
ant-1.7,13.49433972982239,117.079384818147,14.592308824389864,13.694171240121403,13.49433972982239,113.068456688437,117.90276930019473,13.543391762339525,120.65344436105312,13.480392543725497,0.4907873573422289,0.4907873573422289,12.38894554083095,13.61420453188436,11.710192250715243,0.4907873573422289,0.7814172835468783,13.770183271137165,13.3567740023486,14.074549572457528,0.46811975803984957,126.9580474235677,0.7814172835468783,13.468436872891449,13.906009732982037,13.706963642098229,0.4907873573422289,0.46811975803984957,0.49094158801379667,146.68918807030195,0.7811593500920515,13.731142890657113,118.77327988734902,122.04853067415561,0.48774704035691807,146.67345145745577,0.4694799154023888
camel-1.0,32.47580046096533,20.576120883180906,12.506359657448012,11.767131977800576,35.29368196773462,20.845707599136198,27.206128647795577,33.4745516367143,27.126747639055196,30.11728055899163,19.84969090701753,31.583571014005198,29.082138067591305,29.87883994456538,313.5292639186758,25.29809822390001,315.61808153243254,16.425000738218166,311.99487794020496,4.233380922888439,309.29744701099696,11.767131977800576,11.767131977800576,18.60391751105544,28.793676933422308,308.77448106630743,26.647863797159065,29.41588869302989
camel-1.2,0.9800138119783249,3.8569494296285227,14.120722789163294,0.9875526721499204,1.6742426602822194,0.859859710606171,0.9679794541915719,1.5664425156467072,5.875531908830755,1.761434721057918,11.090239248024426,0.8585530628510276,9.574001288107121,3.8569494296285227,0.9763744436948932,11.526405809236925,6.3591673480066335,3.8569494296285227,3.7288282315521584,0.9875526721499204,0.9783757232762421,1.544064504573055,0.9800138119783249,0.9784640157078147,3.6964780538987285,0.9875526721499204,3.6779886435268923,11.74076329793644,8.592220274907685,1.5707022442097311,0.9682412793640564,0.9840673984930038,0.9837638033944993,0.8620391747348828,4.016012585225002
camel-1.4,38.66508776697912,22.528439823036724,20.891196912913937,18.69341382772541,1.2652309051881483,40.755424784573,36.22825796873951,8.01388557311418,22.65219324644721,13.28279761072389,22.946952717283096,17.356572926453048,21.987800728882867,38.39110426466662,20.01056219513703,22.87317312710863,0.8645302233545817,1.3050530918266274,9.138219173949224,44.322818158590515,12.43855666642769,22.04594208181531,38.56911266397315,55.50999205444335,40.77380038074535,22.34070155265117,55.894353518379994,42.16717170362383,22.332174027782774,15.738173276980087,44.46129832443614
camel-1.6,6.191428244510904,9.334309944266057,8.789723761840758,8.21808471169357,7.657439318154631,9.389932978623396,8.801353653798177,2.02487179729403,7.786697355858115,7.605195453315094,8.60918788634608,8.10764246335094,7.172778815159968,8.153886352406111,9.407091891615467,9.721334323257503,7.5849719239349,7.208753376413692,8.372153098932694,8.59698496115695,8.048525968605842,2.0711307680467343,8.669764178633443,8.930367210626429,8.9035827838657,2.7122928858981066,9.772758999379974,8.223748996493063,6.425199139287022,7.29625409346553,2.100051150650732,9.75925749668581,7.716341320066614,6.9008880745972485,2.02487179729403,9.80896846929499,6.198175190627573,7.75897742447406,7.700797355580402,7.559007746553166,8.247579787850455,8.430935690420347,7.530900232020998,8.171497856277568,8.800220304128597,2.1021819963482016,6.948410362119287,5.1188295768895555,8.528311138654527,7.574142292976167,8.595274687206489,7.090869769974959,6.912570639606923,7.584343566035153
ivy-1.1,28.16246394266751,24.525617399470658,1.5580935025125067,2.0029196417601214,24.629194817869298,29.242318671164412,35.77007776504936,35.76440835654378,30.647089697143755,26.801958827650623,54.78445645944826,28.226105879936963,34.86241953972313,36.050588906093516,2.0029196417601214,2.098790145508165,15.870756682122016,24.525617399470658,21.064215874379343,29.30097546515377,34.2797705934487,28.093408938882867,27.155074477348652,35.40768843744435,35.16558018891761,20.918056316276296,1.9853692661004194,1.6115072473615946,26.964157181912398,27.43279098088782,28.07906188293102,1.6279826901769785,24.8790141880952,29.19086480753955,28.5472601201357,22.654169516912884,2.0032635620960817,30.64708969714376,24.647926410828514
ivy-1.4,86.3532928281992,85.77912969654918,80.82601311628167,139.13711074093496,80.57542199642512,95.09985754610356,84.42222478932523,119.83143632985455,120.63190997546903,141.85505584125005,79.76278220264317,166.72006582595358,81.93610090898638,81.8162946509564,85.86352996247813,117.19048347303412,120.24468404319764,139.2123706177839,91.99153387828657,118.24273460647481,88.41940416866305,84.79030069824978,86.22251277264465,138.4302841556542,120.3493627813042,110.38005862189844,124.36780133081965,139.54640342223706,139.13711074093496,155.12389740803224,81.20843922436907,82.02481270667485,164.64653650544804,89.7467006645921,155.12389740803226,116.16269032254394,83.36921931239773,130.70128979795325,80.66110784216433,93.16648075192491,83.21330284139226,142.35070108418438,85.87123219090144,141.85505584125008,80.0031145778617,171.5779749958974,111.25268874285969,141.85505584125008,83.15122466084478,178.06632855673544,155.12389740803226,110.23537294166401,141.85505584125005,78.82922226522955,117.09736960353763,79.0020351652188,146.4382673229699,82.91074746450889,79.98925675452057,139.13711074093496,96.16030743467572,165.83093812387594,84.12254078008729,101.43090796376131,141.63913318133316,80.56971376954867,79.09675287943004,82.09842440968787,139.13711074093496,110.23537294166401,82.16337403924044,172.84773350039777,118.82935635406196,118.2879625895754,88.001043162519,84.14543889514854,78.79583610556026,172.84773350039777,110.25435507822958,82.84966156397822,138.90350813468694,140.12264094942907,141.85505584125008,85.78177053707196,138.90350813468694,155.12389740803224,168.0857467679888,109.72951678769853,140.66075656795283,79.60686091006832,168.0857467679888,79.0093778159672,129.6739281753541,118.26372598499788,139.2123706177839,90.61547926290413
ivy-2.0,153.06197537925513,148.16942905434243,120.27573857453709,217.3171603334796,115.1736228174234,109.58836325325616,105.4046317483117,148.16942905434243,192.86707301144725,171.5699755798225,111.6472355805002,148.16942905434246,152.83324211026073,120.59288208506136,106.44051846746703,121.28596839715004,114.46829716914486,211.25080119007345,148.16942905434243,121.01121779277615,164.40329765952663,193.863968017108,129.19764944594073,131.84044883962108,133.6646598199626,163.20321730259988,148.16942905434246,115.44099357043005,129.17014121154972,113.25232440850064,208.00239783652157,148.16942905434243,223.3971972248549,151.5810371870525,171.5699755798225,220.94000857795353,113.10773944681033,110.94184148943609,133.8845798426202,168.62108113698318,148.16942905434246,130.33313261438875,218.67596623333137,167.29399031105245,133.6646598199626,119.09101147020456,168.9041437134677,148.16942905434246,224.98574271901123,131.43947258204028,151.5810371870525,114.91348916812484,113.96128727101309,148.16942905434246,131.72690993853564,188.39816905707923,115.30072306358892,119.48745501607651,133.8845798426202,113.02027990853935,132.01695625105492,193.288886659361,194.00816279701237
jedit-3.2,9.677080412809493,144.66990227524948,127.68348264448375,144.53593877344952,141.343946394949,8.44325004010996,11.776066498728216,158.26978012511555,20.990494978065584,8.90681680848849,20.674659515241814,141.43107332663303,8.45631577937769,128.33320085012943,147.16849014353443,7.349362373574325,7.761150646841961,137.68667885185917,8.755481956333925,8.770876274816798,151.22562584548345,114.85180024489482,114.7422576019308,7.251873083914554,8.770876274816798,20.99200050187901,142.31801435231733,7.965278315181213,8.91703571636048,140.64553556142698,20.990494978065584,142.56878662904336,157.89013679396362,117.97453502372298,133.039383296935,7.7409403444570275,142.07120622603776
jedit-4.0,676.2836089252744,561.9409471523333,727.0506100825172,593.5546372044871,628.6311492383522,590.0207500160195,637.4234209811129,628.1602247640399,600.5123595694828,492.23268314078194,614.4122564381341,607.5821399633513,688.9639092422223,503.00060307254375,639.5878026460852,590.4053194800028,472.52907965393604,727.0506100825172,646.9381757769968,614.4122564381341,542.6404536436972,735.8574001542328,630.8955270570652,595.4910748254831,739.2005853296715,658.2080816400836,591.1927971681332,635.3123428007406,635.5445262633294,601.3390857041151,489.0753054284058,594.8800255452824,594.4288898799937,574.8091748270995,587.2423796153263,643.2498373193997,606.0880352497734,619.0003900373432,657.7423177177155,623.1053812937021,587.2423796153263,682.6511583947691,688.9639092422223,636.3336132267061,613.1367678808916,641.0718048420767,592.141864505261,537.8147504027412,580.3839724164255,588.3337851384699,640.4154923011977,640.7572146858886,636.3336132267061,591.4495273958022,620.9365806041842,631.9518560466632,559.0241345577384,634.2363498527046,631.627756413058,727.5440358909799,620.1436077508072,613.1646114499489,632.4097014375827,634.3484930852101,673.1952132587056,542.6404536436972,640.132200184467,606.4403445742348,636.7468919586746,719.2360136325706,587.1412050419056,632.8741830109805,637.301161379886,643.8911325826898,622.4401956757058,727.0506100825174,537.8147504027412,599.4625101261117,637.5130029164297,637.2559044321478,616.2545540015266,638.08641546962,587.672188351306,637.1038815230866,615.2488249819805,548.2467995002146,598.0580500645833,613.0239021699005,641.2826390030937,659.7609391268102,631.958817470848
jedit-4.1,27.96352572912858,21.52591098811978,16.944147437410358,20.945285637205103,31.814978824119788,17.84573668173479,32.04016580820464,17.083314927145743,28.152253630029293,31.54983926344268,53.85912952333869,18.59154391261756,31.426067962603366,15.907895991637979,17.496952682938193,18.353236636405352,22.518126843612627,28.13424371463938,28.152253630029293,32.08547216455668,18.03761494780231,21.051876213327862,32.04016580820464,27.66716565932151,28.06749236897278,17.149513728554172,28.06749236897278,17.202267728339333,27.876903742700097,66.56694434697711,18.22239869376526,18.11168836633665,18.27440745830275,15.513034856567357,17.46778050842544,20.935516364755046,17.083314927145743,54.69708132650737,18.012506280680924,16.89380802296404,30.054229171503568,16.265412052092884,22.724292515161935,17.473806354743168,28.512971595377515,20.952224340295828,28.06749236897278,15.717122033318214,32.08547216455668,17.14537494799782,20.57589538310438,17.290010706429605,18.100804843930614,27.44392808139267,54.67348877077326
jedit-4.2,14.490939946301772,9.196938757002927,16.948958122782134,2.9555370186884535,21.79046981928993,9.068824779535685,20.1317256522952,22.336383026844388,1.1093593939741213,16.94655034546971,6.056014581453668,14.490939946301772,14.490939946301772,224.96898857402658,14.490939946301772,219.57962361246103,14.552472061253836,6.660384999718449,6.928968105681762,217.45044683827203,14.552472061253836,1.4150661794295032,20.904220162262035,216.09228090947087,21.92491120539591,18.425169889010025,22.840917624977955
jedit-4.3,44.30803680937089,102.99075313418857,98.89263560578293,48.39916517812264,74.99250970354623,85.13584473161032,93.19320674240757,98.89263560578293,81.00657269222631,81.32304400294502,50.4605336935665,92.96619337592864,99.16182498787896,98.47389288944183,121.20938630586082,78.01837437450169,99.91578076702514,80.64234692562702,97.58826717599068,93.18568035232937,97.08474958926848,81.31698876341366,42.77099951667117,42.38778825450724,77.27139947413652,100.2446850913051,98.47389288944183,93.64672373307236,100.16484437704298,86.847138317626,44.609343989955256,93.06378040249308,98.9502694844781,95.89480469319112,43.225575782021615,81.2893460847161,98.57289554533097,100.16312604574415,50.23465070188972,100.16484437704298,77.29320105614569,77.87888330823009,82.05789166947132,75.75088657845068,96.43055050972943,98.29847249356487,42.65565461026763,100.16312604574415,75.21483719573433,86.65638789809366,77.28910121806649,98.33018952650107,97.39539294240898,97.48359885694487,77.20899983587135,97.36719392366392,97.64781261992631,97.07773865286805,95.625738598945,99.4934970733835,52.87929843628827,95.49287004950367,96.86899137515061
log4j-1.0,11.99791307684541,23.681435419912155,4.845580036289919,6.830125591553316,0.45212672368415424,0.45239277294247776,23.43709247200236,11.126231372452756,0.46928854274909365,0.465818108397123,27.10863500207584,0.45212672368415424,6.836501418090647,6.830125591553316,0.4660250097994402,24.236883839903882,0.4537926017331788,24.38615227855118,5.951048085782115,22.267371860905588,6.701524109755854,24.336863568173385,0.4660250097994402,0.45185304071402443,6.720190091930038,8.154850844228841,5.799582534155726,29.410312919635185,0.45212672368415424,11.126231372452756,24.303507527058738,23.3083248632902,5.722887530152793,24.74351976899829,8.221567059986251,0.4590237301234291,29.387703972220763,0.46789479354331176,26.331963454173923,25.54653849517534
log4j-1.1,71.22159962906854,63.96535691723898,3.9117854945289396,66.6992940049897,72.11989255115834,75.75972694180527,76.28690026183843,76.58271023074857,76.61994734257289,73.97094928044316,2.9209859181335758,73.44446921225445,80.28677008932277,0.781900665160285,76.0472287895762,4.047716036942328,71.88062244168765,69.26923546809473,71.22505165911377,72.87145145872272,69.47053948313467,0.7750326022609186,0.7820696325974761,73.36576706581388,0.7751907999918377,74.62670999340125,3.004972121433766,70.76737722953189,76.04969496375882,0.7889170195665003,73.36576706581388,73.36576706581388,0.7745493147930903,73.82464226400774,76.23319276370854,0.781900665160285,5.308655289543362,69.41255653096435,0.7745493147930903
log4j-1.2,5.227509685031372,6.156304319830779,1.4739087756458404,6.447074169973228,3.29929819698192,5.950267393536219,2.2596011884875455,4.447395351695948,1.469595111618317,5.957349901625791,4.261272662952983,2.1314946781769115,6.00809049819688,1.5260675094516765,3.863198484484298,4.797094275859614,2.3383772822764883,10.841448441617933,4.632051521674809,8.90767516431329,12.624233134863756,2.1314946781769115,5.957349901625791,10.721464448954862,8.296829225927482,10.721464448954862,4.387939330007084,4.250073097032725,9.040004542647862,8.90767516431329,12.265717659767894,9.040004542647862,9.714477739569258,2.86403296206728,11.422670846637196,5.122567530653336,1.4858845110174015,10.111833500474365
lucene-2.0,72.10272432132635,69.67783630987927,59.93757927249016,71.53490260697836,72.59960307240749,59.509641148414815,38.19188726412893,86.76848137024258,41.354467960062976,38.184413102908266,87.92333960051383,71.97059485115618,68.81035082200606,1.250967274420513,65.46018938762553,1.2803554426783732,74.6276476948201,86.88066496832958,55.6712788641154,1.2803554426783732,69.2060817776612,41.6277123804759,1.25511134994617,70.94865961887648,58.53630671501231,65.46018938762553,41.66127024875501,1.2426455813394015,1.2423230516971517,1.2803554426783732,68.6425869463498,69.16085606509199,38.184413102908266,1.1865926169162233,59.19653045141724,43.67333409794184,67.70383316850648,61.36317326651457,68.6425869463498,62.09851175929324,42.02470101931687,41.04660401929879,86.21039550488513,34.57243668855026,1.2859042835504573,70.35441217426515,61.88417219652276,1.2423230516971517,1.2518047305192856,71.8249397324283,69.16023891748802,71.5487351817213,67.88168250914175,59.34551339292756,41.030749476357286,42.040742323451774,67.88168250914175,41.597952049823654,34.56333052676048,73.06334819185106,71.89393120567287,61.72832610343106,56.62117468171309,83.92365740009407,72.15743432297533,73.66310646508558,65.46018938762553
lucene-2.2,676.8690797058233,877.7355423576457,646.291729183615,687.7942455772325,781.7765032964098,793.6518643739397,693.0681978576454,797.5020973980864,888.9138452312757,689.7976090442851,691.2648035334196,885.375308671585,874.8253979072697,688.8520167277128,671.9617630921872,409.87353136073415,709.991674700978,848.8076086946747,497.97656350808285,799.8800007004625,686.3085181711616,718.5676188658447,872.0340361969958,686.1215920833819,881.7795154632774,709.6171569791413,673.7600185988191,717.8438153619799,717.092531605668,672.0800282924166,691.408234023871,874.8253979072699,494.1139834307939,717.556631647227,796.8897669645372,712.469314522613,668.519882238782,535.3871152615361,434.13028713941725,676.8690797058233,793.4850844704004,334.68225395225465,716.9016298690947,908.5294642860225,618.007523954828,770.7535539982729,324.63830394706986,650.3830513435599,671.2949801636651,673.7600185988191,672.9698342948617,713.3595320537828,872.8825100579835,715.3410036268535,770.7535539982729,761.6078190602166,882.3624933739859,687.2215967111936,686.4870252641746,760.7844002586138,794.0941342853615,884.364343591143,347.8711557011318,498.63761814694584,881.2762046276005,494.92724538497674,799.0008376553653,882.6726662833912,671.2949801636651,649.6552301165237,330.20033922365764,845.3866197872132,690.1295970209894,693.8137196339786,543.2517685561075,883.6419155004344,719.0870550309447,649.6552301165237,794.685031792778,896.6538014526509,877.463378420781,800.2188972440206,536.3254296618245,878.9364960417345,432.57700270210813,716.6653724296689,890.6323835752398,667.7697978582164,348.38667797152635,882.6981110791802,535.8209478424948,804.6488876454266,796.8897669645372,882.1472562067997,523.9048632205468,324.63830394706986,671.9617630921872
lucene-2.4,7.087106808132994,54.79916811140172,16.834396095567364,13.764426578948623,12.068372644748255,61.61297464775505,48.332240249030676,12.003342162545819,41.085562637718176,13.437555955843926,44.83697545285537,13.124378399577031,61.95037410201055,11.85546191083071,63.03384931140315,55.06735590705729,7.035795862283173,13.780735319541304,59.68400591303232,11.57270303749196,12.95480233590086,45.068524831034225,13.432639748957937,55.7840201780475,45.0070484583827,11.99964130583034,45.14655755210757,6.725080138900714,14.82750935212982,61.65856914850445,16.219607823075037,17.249847842842172,61.90460165881512,62.757358226442875,14.831696056119728,8.443027064848177,13.65667189192767,11.529614285131437,7.477503513542576,14.757982703322215,11.429690846565018,7.087106808132994,57.441427804365084,11.001825419521127,12.593905971230871,59.88806309558698,59.762846395564154,13.63074297799279,12.821637552639814,13.363730298236813,13.84154099458307,13.440507008198903,13.018580987958368,58.31104391492555,60.1950833664404,11.543489449599422,61.68073912282793,7.651318533946017,10.740329416041929,58.71343535771091,10.683106001914874,13.76525344018527,61.8247446030971,61.95870433985077,11.67173883927612,55.5056638557421,14.834261778001746,11.640101579815598,14.108554496521888,45.35996811326903,58.25847518144402,13.865062909214796,61.577060556294356,15.88088802453465,50.68964870556892,17.246533562388414,14.81041601687134,61.90661503483145,11.577436820769186,7.035795862283173,44.00248696808903,16.74259921085043,11.379311284683753,46.662396074360856,11.954119954398204,14.90293739719731,17.246533562388414,59.07071495727275,17.168331706662208,10.493619750766682,54.97686787581373,60.62645981480761,58.66670946828783,6.726434709140845,11.63373549731109,54.84147999505377,12.434429064494541
poi-1.5,175.12623495238364,272.83317760455753,287.96141256335426,275.78513739850064,205.10525565345543,265.7954613991376,207.574937857106,195.10115789407996,199.78751898906046,188.2851181787872,4.314813944547355,200.41782849317994,19.968693751379664,251.46153613590252,4.270810459160769,206.43985146797496,208.74319300716337,286.7265694028895,196.70855519131456,206.21922438944753,332.71512691637184,4.46967669753326,188.84371693613042,258.5580051124153,274.5202378275189,200.88732136402282,333.85794828481767,23.099283076868996,272.83317760455753,18.495618925256828,4.296859671670953,259.0653164305452,248.68636758008736,4.270810459160769,4.314813944547355,308.2917342529163,277.0755288610087,10.647280538489145,206.21922438944753,203.08407684791672,333.90301850256003,197.9058359940487,275.6581537025513,190.26252994094793,4.270810459160769,272.83317760455753,209.89883871886317,4.314813944547355,4.410485560400297,195.03341388172967,4.4104855604002955,251.46153613590252,4.4104855604002955,4.2054050693920955,279.0804896046868
poi-2.0,11.131645051113413,13.587946823672779,27.765641409372435,22.87743555920874,26.118118506874445,2.084764505525683,6.937200962454486,15.889507560296789,25.395368690072097,3.6662496876374093,21.54604616550214,22.061505773147395,2.084764505525683,12.13663494012838,13.562844776527829,22.061505773147395,22.061505773147395,10.649553152668389,10.531900177057965,17.294744146229295,25.934532577695997,25.64719958852107,10.86640755597567,21.204222284219348,10.919013858700213,2.084764505525683,3.980368719220037,25.744489870643118,9.861035046664032,25.777348160250515,2.5172552795452403,14.219759421890451,25.324151542421102,9.616115522150922,25.777348160250515,2.084764505525683,17.45187377251903,22.85370058322685,9.616115522150922,3.4179347501386244,5.58068142278019,7.346972091988174,10.589213241375298,11.175630708939666,25.042590331525698,21.24484426032957,22.040144360753082,7.195236268716722,25.777348160250515,25.269603698425602,2.938335910711457,24.97135202852759,11.238050837610691,25.777348160250515
poi-2.5,10.867062713708716,0.9016159522993561,0.7914669232250113,0.7768771309187192,0.7711161669053487,1.2292348140236231,0.745237031420006,0.7928054772349927,10.114228594551019,1.1310443371120509,1.1025625703241966,0.7707129870463522,0.7914669232250113,15.279897870908444,10.879079646338358,1.2287821741402787,1.1025625703241966,1.254103467737166,1.2540530668443408,0.7549187459003367,1.2423652563466403,1.2287821741402787,0.7909747564398754,0.7768771309187192,0.7549187459003367,1.2329346021037555,1.1025625703241966,1.1025625703241966,1.2552087788665247,0.7707129870463522
poi-3.0,10.125281459448251,5.761579955259114,55.16534120347217,6.577530499003661,6.955120058776052,6.299008997811101,9.924575701131598,7.0467749841616945,7.636393720337405,55.15685730358902,5.756587884733297,7.613397026767735,7.151870159917707,6.835067617424168,6.8179575139765785,4.2904489460145205,5.210529988250144,5.734166942189954,8.21460453333328,7.118480705415998,9.490836629038201,5.780159734157737,6.958416295752863,7.308366875797237,4.7210399503306535,6.645491298899282,6.599424813295687,6.2187252719058685,3.179935342871646,7.037461801755757,1.941445792643824,5.650841438456059,5.76116585242823,5.8038398637161865,6.53727105795301,6.587356456140709,8.197465651526196,9.178489523076026,3.0431822524518566,7.308366875797237,6.455372144233048,6.479203619989222,6.6748493704550285,6.589096628254213,6.2203802977447085,55.10142993247772,7.851991620261742
synapse-1.0,369.3613049855301,147.2356828225034,335.0726505703446,355.90451998248324,128.34601415767978,149.8624648126308,326.7410598791232,334.4474050937774,20.23411690608479,178.38371896371308,0.8686871087641669,121.95373976229772,329.81233219547204,12.825702880261302,1.9037853460056766,177.1902614741776,0.8686871087641669,326.7410598791232,2.8140427834289117,326.7410598791232,350.5601023295702,512.6214497067483,326.7410598791232,383.10013727387593,12.825702880261302,37.234765256391334,13.778682848933569,0.8686871087641669,344.78244149818016,326.7410598791232,383.10013727387593,0.8686871087641669,125.41067416824859,344.78244149818016,2.351475806812304,326.7410598791232,337.55132517272705,4.002808322000973,224.40893133922955,226.00773144800556,376.2545609913477,2.351475806812304,7.25505749771195,128.34601415767978,138.7758514895632,369.3613049855301,178.32845463081847,145.1860559104564,515.2406650317386,0.8686871087641669,344.78244149818016,367.06710683788987,12.979061106407407,518.8802348322798,376.57899575592216,140.00072824107883,355.90451998248324,523.8076477517005,347.9836147619019,347.9836147619019,350.5601023295702,347.9836147619019,148.00265056231507,0.8686871087641669,355.90451998248324
synapse-1.1,47.82827798869627,44.66103553551099,38.79641307161247,48.646612419683045,29.4197940431235,43.29806606841303,38.264584303088796,35.49668895447358,46.67947457829932,48.646612419683045,48.646612419683045,41.96590656314125,42.12413678512403,41.7617126189791,39.80832067605563,1.480720035588193,37.82331698164092,1.5440974653434356,50.7497932091144,37.564771400056046,42.514034196007266,46.58003829872292,48.5386712214355,13.83453060505058,38.47712149684414,42.530002945552646,42.62030271909111,48.63502985964253,37.941561409351344,35.45958921994308,38.26472860530296,48.6546673278286,1.5440974653434356,35.09220623554899,51.82652315221293,40.757856844717864,46.58003829872292,32.064226484706204,42.35477525267393,42.55373958449248,49.67671861232515,42.11901596747984,48.52946776687514,42.0393333763137,1.5440974653434356,42.640404035319406,30.124166239002033,42.11901596747984,46.28364463137128,0.5420621445676596,38.35764691551087,44.66103553551099,48.55291805162784,42.35477525267393,0.690784588589145,16.189285450762426,38.69346141994767,37.93802902255015,1.464584553799577,1.2689827010953458,48.52878381530318,46.82711098256074,43.29806606841303,37.32235481913601,33.13050079106263,41.96713535101891,45.01859473801783,43.111216176134384,41.758802132764046,38.81904002229225
synapse-1.2,720.3886047420361,909.2426108897273,770.9313639223533,678.8080623735719,717.3865680831624,820.2669729680896,738.0929639900589,718.7980952490307,729.1929354045312,783.5125465033234,758.4274559919266,717.0938654662078,747.2600982988621,836.6939767302028,772.9621760490613,726.1609469580063,787.5325889523409,712.4693300338974,861.714656783686,735.2359674471801,700.3375897389963,773.963970066167,854.2965219651311,746.1867588402304,718.7980952490307,652.2447807558079,877.7025529000822,772.6443290184847,854.3113026356162,796.0324819377671,747.0287358819891,908.0310327108557,743.3294146615641,714.4671801869512,730.6655202651438,658.1843027705265,786.6055233139806,678.8080623735722,606.2421906862718,874.5061953372732,771.2181669082095,700.3375897389963,770.9313639223533,763.8706797539834,900.0333307031121,778.4156415169621,743.3864451294359,720.9717763391038,740.9156510747475,843.0859374823522,899.6866183810831,846.9362049795063,770.7862097544804,775.3934527378598,606.8788391908603,925.1539059559227,820.1558829251891,739.8585439230545,742.1919146274514,904.185997559459,765.5059026025458,764.0097661551836,767.975406570925,708.0327046935037,848.0736085994331,770.7862097544804,903.1529052146637,787.538096391094,916.8437402278358,852.4761038242672,711.0378911007276,737.3828233178306,868.2579427661409,714.4671801869512,905.9045632252538,848.2686615429873,727.4930528120093,903.1529052146637,746.614129046005,820.0155957973719,702.4878363273097,726.758838881311,760.3199978861185,655.3941307584189,747.0287358819891,783.6277224988295,831.5066619673851,747.2600982988621,678.8080623735719,644.0191858252541,775.6532420999921,796.8075127802966,854.3113026356162,758.1479460633054,718.4965750185677,736.4134476251793,904.185997559459
velocity-1.4,460.26046963571844,426.59247704580173,409.69867431354356,442.4630608033721,422.61763023310453,421.32518495152647,442.2307953868404,444.19017897922356,141.8745602168519,414.5250543272982,470.65558170426084,424.10184326851635,404.66653000298083,435.59587150718556,448.4584370184661,468.08440299461677,433.37046952456683,426.7335033959294,435.94224466886345,435.2028341698746,460.9354881808048,461.0412761848332,470.09895601887035,366.85115265502213,472.4807507501654,468.7991892338058,391.2312231688644,464.93571812969753,427.59592655037676,459.26869790521204,391.203270785495,418.6946769854025,396.903876322997,457.2901286644926,388.6961068630662,450.4654612182327,449.38342755412907,431.7914437227834,469.0750793093216,456.20664834593214,472.46669950615467,390.546913457964,436.0838133998804,463.2803688619507,466.0754624123137,449.0419724326927,422.36059010755434,420.9536373624374,468.5210735742231,398.01911216921707,457.0218352660825,445.4417940773317,451.3290483952735,426.9097594635346,436.4818955000252,471.99137424333117,391.62042354604483,433.4136988379708,433.9948874042284,444.0107320566906,387.21694071885656,472.9428542982178,460.67823103323326,373.74055465824466,453.7557032848966,409.881030069281,432.4046595032665,458.96124227619043,456.739565443817,433.2803468001907,467.1340444531326,411.6404829528634,436.8564931941093,464.5262438372966,458.068380439985,373.316541698259,415.7283649246034,442.23981458585274,458.85715783022283,413.1326649772711,410.2770158845597,464.52364814663304,398.67221411739956,462.3626108319729,460.58987585886894,373.3146683814857,463.30306493501394,462.36067635261276,351.9134840803352,469.0673123725537,423.5447202149913,392.5969597814669,435.6898807478082,409.46933527923846,463.1428911595407,365.02436098093074,392.39763414000583,353.33560330496744,435.6898807478082,462.4450731011828
velocity-1.5,22.905674961425532,22.97275539080024,49.35225397303073,50.87396946918648,53.292288010145114,67.3696364537275,49.091640279578435,23.226242109138788,53.292288010145114,34.84110198854949,23.50784653638134,52.399235472814624,19.73152913791481,48.39657754064275,23.562214106264673,23.50784653638134,25.11553663015432,22.5366908590771,18.600236453387858,63.99326115721458,30.638149120200712,23.191046941703533,54.25844426619853,29.055643844658768,23.573522118129816,54.297284605105396,19.48553308255484,22.268379859797903,20.24656561392978,54.25844426619853,19.93144553358353,19.852655106870454,20.451193583782118,48.48571248836481,62.43018523592914,62.330478981057574,31.794165548296444,35.08297680863006,31.018674311973726,54.25844426619853,18.007977846864797,18.6226453734908,1.5074146137372693,23.224076062312896,30.828141130145788,53.777941927211465,39.8198257462513,23.933145465044113,30.638149120200712,19.65028190706707,49.35225397303073,33.61581377219189,53.25344767123829,62.36727406260992,52.42071702052904,29.03249453952421,60.16248010754609,22.638220738369807,20.212127190663484,32.00615663350932,57.35351402178124,22.542376885375294,40.30072773205169,58.114425685197304,17.76000886212027,54.25844426619853,23.416448174154716,54.25844426619853,30.987601763440757,21.318300639680192,23.48848538212051,24.26394072971038,53.77794192721144,21.32321106016725,32.28408215691474,48.659960621015095,21.747259006056655,23.544572899180395,46.23053660931108
velocity-1.6,49.39608389602822,23.39204994561645,29.334198304221246,49.96981017077054,28.70833241793332,49.07736011205939,49.02198060713144,62.06653378035812,1.7831258619801653,46.87133579150555,49.407886802528964,49.27754258241659,23.80678302937984,1.4568388071381213,1.4568388071381213,50.01099211358355,20.687055424476085,50.33661373712675,28.0525199252256,1.4568388071381213,20.679614356971978,23.45168132529873,49.15978187524744,50.39907079399643,49.53545559216166,24.035255720235675,50.30848029777715,48.9803886691263,48.084110812398094,47.69796708544711,1.8211864285020576,49.14184827209173,48.081037618904205,50.47569106926451,23.15527492719139,29.643304317039956,47.866752301939655,51.10760076536298,24.03116819596672,24.01846293931653,48.36659602059335,0.829694326843308,50.52575785614202,45.589323114212654,47.87668094095561,29.565534931275547,24.367361712622127,24.522303001212403
xalan-2.4,159.69635731399478,65.03033511638738,296.305484689914,178.8487636493193,45.769298748985165,67.7050923039564,35.28703217567003,280.40670559134975,27.637964209223437,252.80145133871602,67.74976929897527,53.79740728475614,270.7747525697499,305.0100691141304,67.7050923039564,156.4616314663679,266.0348694400342,63.20890889234833,65.7117147138039,428.9899075011215,155.97860985867501,65.7117147138039,45.90184237275362,279.0212423154235,35.370398078050904,258.42261949467013,42.266955925758104,278.30837046511874,305.0100691141304,306.9428070538505,292.1619865553517,301.5867095052456,42.26695592575812,292.90527332206625,201.5676978897949,54.07399377203154,268.1713576060231,267.8533243937847,154.36576322241288,280.40670559134975,46.33205638330799,163.65567551151963,155.42860841405906,67.67842403750255,429.7391958685557,304.3459224121342,335.97690435529097,273.8728855475973,65.7117147138039,70.99322041486087,238.45538441685224,281.7556017857324,188.28939821455975,303.0518974465246,27.637964209223437,53.84494677830301,68.1446493204017,280.40670559134975
xalan-2.5,266.4479590405509,214.62732357305975,216.52897460092987,209.43575775893174,220.3864469610035,364.6518244270369,154.78191876389232,218.56165857762088,209.71900577055274,364.6518244270369,98.37433697106665,212.9914220545584,139.4430427332222,218.19563737847474,91.06464879335384,97.11678282501695,215.76977985147116,117.53924621478461,219.13066271888408,105.98664357332254,133.99487429302224,216.67924812140896,333.3636486335519,144.31958487731782,265.17100810573567,288.5177827420819,202.91790220199948,226.98317610570393,217.00720797771123,155.61596645344895,143.3796410932259,213.3166533779429,288.5177827420819,331.75721334645027,382.528063832674,324.91803362986894,214.3292797178518,216.15909092254898,94.00064613494533,216.29950448089653
xalan-2.6,54.86394687770369,271.44167799100296,249.1174364267594,263.71714427990173,271.6810115725171,269.9168205019502,335.01616622984176,17.238300345486817,266.81193223789575,261.8131755753381,326.38893787916766,326.17594437927403,267.2504661089885,328.40668464388085,262.0866595931726,327.8165347203549,261.59443555328494,326.17594437927403,253.64873304052767,17.356159831126295,341.12486468809374,265.9090079495927,333.9293886738298,326.44536222508236,269.46577722772236,364.04557868106684,326.2660845578657,271.44167799100296,268.2836988653989,263.4163063927994,260.9619069958361,262.20258643940855,267.1242263503462,326.1871789885948,325.5557565589902,262.0866595931726,324.488608680859,326.4453622250823,362.79983940782535,335.65965455263074,58.70465816430129,335.56570327682675,265.96095100602514,235.08851833498818
xalan-2.7,1895.774069200906,1133.6290200124006,1471.474284612428,1140.5001437378166,1363.8981374441544,1890.0599829554533,1108.2816508069186,2132.9168131281203,1221.393145534566,1922.98609005381,1402.9186785074992,1367.3846629279421,1936.3261828456252,1322.487987262924,1420.7690392239263,1131.3060867556144,1912.9261280287205,1349.3830534744325,1157.7503619905822,1380.3573458696674,1900.5202648261545,1545.1065184720671,1924.1025503836772,1940.0539733076978,1351.893028744167,2124.7491147690057,2199.175831554174,1207.5112841711355,2187.748863136516,1398.4480107640854,1692.8998232459383,2128.1864227108176,2130.431539903406,1280.9020158391036,1045.0751242624442,1314.213103485676,1276.3422734839428,1372.567973753707,1352.5095696011806,1056.9675567229062,1351.9194255160332,1910.8639960728103,1928.9252893881328,1313.4716481357166,1049.9689336680674,1372.9673985127783,1923.1223592778947,1377.7815769436609,1380.3573458696674,1319.254052749157,1111.1891676537646,1929.303552377686,1313.093461131464,1362.3473645717938,1356.3576536794014,1040.8248124730767,1560.682908671663,1047.2565336567754,2200.623102090116,1889.3296106722828,1939.3223249423957,1899.449843048128,1890.0599829554533,2185.6266286803398,1366.2473869953794,1948.7209709822725,1058.8994424476668,1208.4398120693725,1221.393145534566,1263.8865642633486,1685.9149994237825,2133.6150861452966,1109.0617003693135,1373.363287365707,1350.8495046806656,2133.6150861452966,1922.726668020266,1943.7898971420943,1056.9675567229062,1045.0751242624442,1049.9689336680674,1320.0736284126044,1686.9235759340147,1901.904393183908,1167.5073971103104,1313.4307983676515,1130.3186393587669,2129.9492482817045,990.6519288188913,2142.974555150739,2125.794687743009,1939.5439830108078,1557.1251900607292,1229.909921060081,2128.1864227108176,1109.4188085371507,1078.060634610334,2166.42256793123,1111.396778286679,1062.0209758905303
xerces-init,468.48563739447997,21.51919058581474,142.80255168483382,17.506899738783584,469.6530742120074,136.01065975086988,17.45085660849928,462.4463758012292,120.08512863761567,469.4606200827418,463.4819698880053,473.0773081387044,17.456821113336964,472.55191502414067,25.19416764040445,468.08250328765,121.89534688599204,141.65243595729515,469.1427517773943,460.66044086601613,467.12696949788835,17.680915448349438,17.440864435681686,457.24551016079516,121.42343128768594,17.53657321148809,17.456821113336964,17.456821113336964,26.871652316382388,17.13216826042652,468.104910256812,146.83087611605006,473.0000744342852,445.3647574132426,471.9295596323867,18.05611826563211,135.9507403020617,470.90691187701617,121.42343128768594,25.076130398592248,463.07549520026964,21.7693095186257,461.5553320736647,25.124696952332073
xerces-1.2,70.95483017871706,174.72921958815485,0.8849337203786048,68.97603036475496,174.78947083911936,72.79307091158728,173.44376180973958,4.989668939144649,80.84337872884264,107.01827299915779,174.15152345271662,1.1840278666547441,174.80379378217563,0.8849337203786048,174.59222630205517,3.274177227385832,77.96117170599723,108.18681900003834,107.84299093499533,78.22690308958315,69.59618128037475,109.60427127132023,80.22700214786838,173.44376180973958,175.16904100593322,174.12525606363576,69.35998988933895,77.28531347288106,79.20363726876549,80.22700214786838,175.59923563529006,108.64712268930616,69.35998988933895,175.8398637655432,174.75888684968533,69.4038990593525,108.18681900003834,172.69679285792085,0.9950111085450551,3.7226129017078247,71.89319232983067,79.79120450826441,4.966114006269707,3.7226129017078247,80.22700214786838,72.83983713863162,67.57758019834816,107.84299093499533,3.274177227385832,71.86440051739956,176.58554408903723,3.2741772273858305,173.32266376732042,1.278557529635729,109.68650937842264,80.92007314415939,109.5733144450633,67.86321114067326,0.9827359964252591,69.35998988933895,107.84299093499533,67.54712009558526,69.35998988933895,68.97210112915188,174.72921958815485,71.83638966850987,3.7226129017078247,173.44376180973958,0.3565639045901597,176.62436432726557,72.6429365593769,106.97732603773883,81.49729319681119,107.84299093499533,70.47154868651818,69.38790876458526,71.51300046241776,72.48269469815975,77.61403476802748,77.39958248174257,74.5380437450075,173.56873449069832,174.7557855084898,110.6333309542115,77.39957778803856,76.45120151351696,69.78882211694336,70.48094528954427,3.563776563315733,73.53716005294838,71.83638966850987,69.09261318766738,68.97210112915188,109.63561871903298
xerces-1.3,1373.2959878389674,1224.6121625914843,983.4564748903914,1195.8278816214186,1252.762027599268,1224.0502669672792,1180.4570424839658,1206.9008604847056,988.5225470551088,993.1641093985577,1245.2864974285972,1151.3902290929987,1201.4934107842423,1246.2035149774715,1009.259824297635,1239.4863713867562,1180.0275671893323,1364.5841787670659,983.9184629524626,1197.7410667499853,1209.1789564615926,1371.7861620585636,1134.3798159248254,1199.4013702278369,1143.9672811724358,1069.2295796283536,1141.5371315911589,1221.2977990588176,850.6009363726075,1330.4163466174577,1210.7300978247877,1105.434353694496,984.6445405178146,1018.9030903827665,1228.7405154691642,1198.6319036958728,1355.3088684243637,964.1642696125988,1222.8591394809832,1237.8777717963296,1140.3991225289387,1200.75646687126,1216.20990965545,1009.3879154526993,974.5211565561991,1246.4291710984987,1011.3502584864264,1142.2637827086216,1136.4862671485826,1359.738883441717,1015.8756035633776,1221.350197081876,964.8056082824331,1374.9369781282846,1198.5948259896652,1198.0724218237049,1228.2537715395604,1021.1962420854372,1134.1251858811863,1195.058779716153,985.4823196511209,1229.9317343883902,1364.3785288553483,1075.3435995050718,1217.2955330579668,1066.7437246828556,1011.788052916444,984.5330581249151,976.2848972284303,1242.5767055947993,1015.1577419996762,1355.6656995588694,1243.644247075909,1133.813835128296,1334.864424059895,1200.6373575315192,1338.931484847512,1378.444246914538,1379.4604768189301,1179.574288031662,1238.5244816525665,1208.9634662380327,1200.618671051304,1157.435664284136,1074.1887116578275,1136.1672539723768,1179.609428179315,1379.809826191183,985.4823196511215,965.2185468445626,1229.7360437472914,986.0762411699504,1209.0255924927435,985.7513555644917,1071.9438246574305,989.7451355693719,1208.6472502265017,1068.7366907796866,1139.1200824558564,1132.8686904616945
xerces-1.4,239.52136428437225,323.5323556356456,318.5564158941008,491.77948524153106,204.1199028792043,311.52953438112473,488.64681954700274,200.76828348572823,475.9566379058429,271.0957948684378,266.23313128982954,292.55907003681074,313.7368268581152,331.0067718850654,496.3355373216059,311.37113935546176,310.746605654293,220.56137434501022,327.11859670899156,304.8942163511228,511.07606806734714,310.8391451956684,495.80357424681256,312.0438569785382,311.9219202396439,290.84621558052226,305.6881087181521,312.110791435577,313.87617840515094,496.3355373216059,219.8523098950227,285.65614392743686,219.8523098950227,291.97901939383104,264.3969014657895,314.39613175524335,275.4888463394801,239.52136428437225,211.4168487822042,228.94250538319287,264.43862900607957,317.69943913902665,327.2332119339237,482.4926633586986,312.847702670456,323.0119341342038,330.5432183107707,312.1202637634991,310.0075601484327,331.5491455368371,323.3965059051701,228.94250538319287,294.1349751284589,313.89491873596376,199.6527502141094,266.4480775828814,292.4539971553845,327.0358373739917,496.3355373216059,312.89680811824707,313.4494224835354,311.318880089894,275.52240270878553,299.8952618395072,230.04403137688104,183.17217204084298
