ant-1.3,0.7209696969696969,0.8014545454545454,0.8024242424242424,0.7641212121212121,0.7842424242424243,0.8016969696969697,0.8007272727272727,0.8024242424242424,0.8024242424242424,0.8065454545454546,0.7750303030303031,0.801939393939394,0.7733333333333333,0.7369696969696969,0.7362424242424243,0.8041212121212121,0.504,0.504,0.8041212121212121,0.801939393939394,0.8,0.8014545454545454,0.8082424242424242,0.8075151515151515,0.7733333333333333
ant-1.4,0.7470117140808032,0.7277671527611762,0.7458163997131245,0.7545421945971791,0.7490437485058571,0.74635429117858,0.730635907243605,0.7155749462108535,0.7476691369830265,0.7488644513507052,0.7245398039684438,0.7483265598852499,0.5259980874970119,0.7311737987090606,0.737987090604829,0.7448003825005977,0.502808988764045,0.7277671527611762,0.7155749462108535,0.7255558211809705,0.7333253645708822,0.7310542672722927,0.747250776954339,0.7442624910351422,0.7473105426727229,0.7470714797991872,0.502808988764045,0.7271694955773367,0.7309945015539088,0.7489242170690892,0.7488046856323213,0.7488644513507052,0.7486851541955535,0.7284245756633995,0.7456371025579728,0.7354171647143198,0.7449199139373656,0.7314128615825962,0.7155749462108535,0.7447406167822137
ant-1.5,0.8387128230131643,0.8379327157484154,0.8376401755241346,0.8378352023403218,0.816382252559727,0.8086299366162848,0.7930765480253534,0.807313505607021,0.8340321794246709,0.7336421257922965,0.5017064846416392,0.8373476352998537,0.8086299366162848,0.8341296928327645,0.8372013651877133,0.5017064846416392,0.808824963432472,0.8373476352998537,0.7335446123842029
ant-1.6,0.8277746810355506,0.8208224947355383,0.830267558528428,0.8264895330112721,0.830267558528428,0.830267558528428,0.830267558528428,0.8283553202031463,0.8302985259506999,0.825428898798464,0.830267558528428,0.8253514802427846,0.8282546760807631,0.8302520748172922,0.8135606342128081,0.8256147033320946,0.8253514802427846,0.8302365911061563,0.820574755357364,0.8283708039142822,0.8264275981667286,0.8313049671745324,0.824492134274743,0.8131270903010034,0.8108432429084603,0.8198005698005698,0.8198005698005698,0.830267558528428,0.8296714356496965,0.82973337049424,0.8201412114455593,0.5014245014245015,0.8140406292580206,0.8283553202031463,0.5014245014245015,0.8295475659606094
ant-1.7,0.8275743616218577,0.8311484849688257,0.8312338668043366,0.831372860490052,0.8180155672928001,0.5006711409395973,0.819141416147095,0.831893093999444,0.8324053850125094,0.7968349152138517,0.7970890750963028,0.796952067034669,0.8306699495651483,0.8300365354831023,0.8323497875382233,0.8312497517969898,0.827731225924308,0.7970930463444661,0.7968349152138517,0.8321829951153648,0.8297764187284064,0.8276259878479806,0.7969957507644653,0.8303661490806561,0.8311484849688257,0.796358365434256,0.8311643699614789,0.8299392399031016,0.8313768317382153,0.7972777093840594,0.8280231126643104,0.8281720344704341,0.5006711409395973,0.797212183789365,0.8302867241173901,0.8316587903578094,0.8274413248083873,0.8315237679202573,0.8276815853222668,0.8300603629720821,0.8187284063381121,0.8274115404471626,0.8305607402406576,0.8326317461578174,0.8311842262022954,0.7974921567848775,0.829919383662285,0.8274115404471626,0.8312159961876018,0.8317660140582185,0.8325284937055717,0.8321035701520988,0.8314284579643382,0.8317779278027084,0.8326714586394504
camel-1.0,0.6504424778761062,0.6529709228824273,0.8284871470712178,0.8162663295406658,0.7404129793510325,0.8282764433206911,0.8282764433206911,0.8495575221238938,0.8225874420564686,0.8506110408765276,0.7481036662452591,0.8495575221238938,0.8506110408765276,0.5014749262536873,0.8510324483775811,0.8447113358617784,0.850189633375474,0.8284871470712178,0.8282764433206911,0.821849978929625,0.5014749262536873
camel-1.2,0.691692188445251,0.6912747025610002,0.6944806790683605,0.5008223684210525,0.693450355414398,0.6659624546279492,0.6922577636620286,0.6818867841298649,0.6863404920346844,0.6821924153055051,0.6957536171607179,0.6757395014115749,0.6814236111111112,0.6933211711030449,0.6932234951603146,0.6876685697721315,0.6837678337366404,0.6923964004839686,0.691726847650736,0.6682956493244606,0.6815071082879612,0.6932833610606978,0.6707533020770317,0.6838119454527123,0.6935039196410566,0.6670463425085703,0.6706997378503731,0.6682956493244606,0.6825437336156484,0.6658679295220811,0.7003711685823755,0.6650030248033878,0.6817843819318411,0.6863625478927203,0.6962026114135914,0.6906571385359952,0.6946429471667674,0.6710022181891511,0.6817843819318411,0.6962782314982859,0.6819403483565235,0.5008223684210525,0.674773769913289,0.6912747025610002
camel-1.4,0.7866561686977954,0.7731993701218677,0.7722990551828016,0.7722648226756128,0.769984937696837,0.7721073531425442,0.7890729837053265,0.7719464603587567,0.784699780911954,0.7905723675201972,0.7871525400520334,0.7820450499794604,0.7856754073668355,0.7873904559769958,0.7825825003423251,0.5005733944954139,0.7873579350951664,0.5005733944954139,0.7721073531425442,0.7885697658496509,0.7721963576612351,0.769984937696837,0.7852988497877584,0.7706011228262358,0.7825465562097768,0.7821100917431193,0.7872449678214433,0.7709177735177324,0.7816530877721485,0.782132342872792,0.7721073531425442,0.7816428180199918,0.7844618649869917,0.782175133506778,0.7721963576612351,0.7828666301519923,0.7814391346022183,0.7822333287689991,0.7873082979597426,0.7666352868684102,0.7904046282349719,0.7820553197316171
camel-1.6,0.7487544041450778,0.7494549222797927,0.7500621761658031,0.750161658031088,0.7662777202072539,0.7499575129533679,0.7543689119170984,0.7494715025906735,0.755541968911917,0.7547865284974093,0.5005181347150255,0.7502466321243524,0.7495067357512953,0.7661450777202072,0.7550932642487047,0.7504,0.767279792746114,0.5005181347150255,0.7502341968911918,0.7623813471502591,0.750100518134715,0.7656756476683938,0.7683896373056995,0.7461896373056994,0.7631461139896373,0.750178238341969,0.7673678756476684,0.7704766839378239,0.7633077720207254,0.749479792746114,0.7494683937823834
ivy-1.1,0.8049723543285775,0.8110621350964698,0.8142133549858872,0.8109268066349612,0.7877276418048951,0.8135560453157019,0.8126280787224993,0.8066349611413989,0.8049916869659359,0.8103081622394928,0.8090708734485559,0.7879789660905541,0.5045045045045045,0.8113521246568457,0.8130533967443838,0.8094961914704404,0.8002551908131307,0.8127440745466497,0.8068282875149828,0.8051270154274446,0.8126280787224993,0.8053203418010285,0.7822371727951127,0.80938019564629,0.811816107953447,0.8116614468545799,0.8128987356455167,0.8096895178440243,0.8108108108108109,0.7874569848818775,0.8126280787224993,0.8111974635579786,0.8031164211421722,0.8130147314696671,0.8130147314696671,0.8012991532304837,0.7701349418087615,0.8069442833391332,0.8097281831187411,0.5045045045045045,0.8156439701504079,0.8126667439972161,0.8065576305919654,0.80938019564629,0.8129374009202336,0.7816185283996443,0.8066736264161157,0.8116614468545799,0.7839384448826509,0.7978192785059738,0.8114294552062793
ivy-1.4,0.8238819732595666,0.8241124942369755,0.8116643614568926,0.8049792531120332,0.8268787459658828,0.830567081604426,0.8381742738589212,0.8121254034117105,0.8022130013831259,0.8289534347625634,0.8312586445366529,0.8115491009681881,0.8294144767173813,0.834946980175196,0.8312586445366529,0.7805440295066851,0.830567081604426,0.8414015675426464,0.7710926694329184,0.8287229137851545,0.8278008298755186,0.8102812355924389,0.5020746887966804,0.7743199631166436,0.8208852005532503,0.8303365606270171,0.8384047948363301,0.5020746887966804,0.8284923928077456,0.780774550484094,0.838865836791148
ivy-2.0,0.8382711038961039,0.8354301948051948,0.609476461038961,0.842583198051948,0.8388291396103896,0.8456270292207793,0.8356331168831169,0.8391842532467533,0.5014204545454546,0.8426846590909091,0.8270596590909091,0.7678825081168831,0.8390320616883117,0.7620738636363636,0.8457284902597403,0.8415685876623377,0.8456777597402597,0.8428875811688312,0.7620738636363636,0.8285308441558441,0.8354301948051948,0.8254616477272727,0.8400213068181818,0.8415685876623377,0.8426339285714286,0.8457284902597403,0.609476461038961,0.8426846590909091,0.8389813311688312,0.8389306006493507,0.8429383116883117,0.8426846590909091,0.5014204545454546
jedit-3.2,0.8541490221743148,0.8465266014782876,0.8287072682476132,0.8491877117339082,0.8536437480751463,0.8282260548198337,0.8506121034801355,0.8563866646134893,0.8465266014782876,0.858340391130274,0.825848860486603,0.8288035109331691,0.8112969664305513,0.8544810594394826,0.8523252232830305,0.8492791422851863,0.8465266014782876,0.8287842623960578,0.8246939482599323,0.8256467508469356,0.8319698952879581,0.8284859100708346,0.8509393286110256,0.8465266014782876,0.8595338004311672,0.5018382352941178,0.856675392670157,0.8532780258700339,0.832114259316292,0.8544521866338158,0.8630466584539574,0.8538410455805359,0.846401485987065,0.853181783184478,0.8568438173698799,0.8555108561749307,0.8486728133661842,0.8259066060979365,0.8594664305512781,0.8529171157991993,0.8511991838620265,0.8487113104404065,0.8465266014782876,0.8473494764397905,0.825848860486603,0.825896981829381,0.852079804434863,0.5018382352941178,0.8512569294733601,0.8298044348629504,0.8478258777332923,0.8335386510625192,0.8524118417000308,0.8566657684016015,0.8622863412380659,0.8487353711117955,0.8564444102248229,0.8545724899907607,0.8562423005851555,0.8515119725900832,0.8244052202032646,0.825098167539267,0.8581190329534956,0.8120380351093317,0.8609389436402833,0.8486872497690175,0.8567427625500462,0.8544233138281491,0.8533983292269788,0.826060594394826,0.8467672081921774,0.8120380351093317,0.8501982599322452,0.8470222513089005,0.8561893671080998,0.8630755312596242,0.8544618109023714,0.854471435170927,0.8629889128426239,0.8564155374191561,0.8301797813366184,0.8264936864798276
jedit-4.0,0.8414092775753369,0.8296460176991151,0.6370163109491584,0.8451688935161085,0.6453886864480305,0.8478801550118572,0.8292555960437272,0.8279108103418359,0.8494852218173405,0.84059951414194,0.8480681358088958,0.8493984614494765,0.8280409508936318,0.8523338538955405,0.6376019434322402,0.8293712765342125,0.7779657585748163,0.846318468390306,0.8432384753311354,0.8377581120943953,0.8429781942275435,0.8480247556249638,0.6452296257736133,0.8429058939209902,0.6424099138180346,0.8280554109549424,0.8380400832899532,0.8146943143038926,0.8279831106483891,0.8430649545954075,0.8479813754410319,0.8522470935276766,0.8293568164729018,0.838343744577477,0.8281710914454278,0.8402235525478629,0.8397969807391983,0.6438125397651686,0.8526375151830644,0.6139019029440684,0.6412386488518711,0.8525507548152004,0.8420816704262826,0.5016339869281047,0.8476487940308867,0.8294146567181445
jedit-4.1,0.8449426917168853,0.8447654496041593,0.7938526527236205,0.8361765922249793,0.8123006026231833,0.501602564102564,0.8411910669975186,0.8355267044783173,0.8409547441805506,0.8128914096656032,0.8071015006498877,0.8460209145693016,0.8340127614321162,0.8407184213635827,0.8120642798062153,0.8447654496041593,0.8419886565047855,0.8447211390759778,0.8415455512229706,0.836907715939974,0.8346774193548387,0.842771475835992,0.8105355665839536,0.8430521091811415,0.8337173579109063,0.8324471227697035,0.826095947063689,0.8360362755524046,0.8348694316436251,0.804974595297176,0.8402457757296466,0.8123375280633345,0.8423726810823585,0.8338798298475718,0.8336878175587853,0.842328370554177,0.8072196620583717,0.7952115089211863,0.826982157627319,0.8054620111071724,0.8418704950963015,0.8059494269171689,0.8216058135412974,0.8355562448304383,0.8360215053763441,0.8140139430462011,0.84271239513175,0.8459322935129386,0.8417523336878175,0.8459175233368782,0.8355414746543779,0.7982467801016188,0.501602564102564,0.8411615266453976,0.8406741108354011,0.8464197093229351,0.8106241876403166,0.8105798771121352,0.8057426444523219,0.8264578163771712
jedit-4.2,0.8710092026116909,0.8702637396534882,0.8642743303686186,0.8751992185491748,0.8776926636162665,0.8578479255565267,0.8765616163693384,0.5013623978201636,0.8575137525062979,0.863040460644697,0.8754305691224101,0.8914194642948948,0.8883862012235875,0.8793892344866587,0.8641972135108735,0.8651226158038147,0.8575137525062979,0.8634260449334225,0.8574109300293044,0.8569353760732096,0.8628862269292067,0.871086319469436,0.8617423268726544,0.8753791578839134,0.8708549688962007,0.8754562747416585,0.8737211454423937,0.864441416893733,0.8694925710760372,0.8711377307079328,0.8712405531849262,0.8756619196956454,0.8588761503264614,0.5013623978201636,0.8736183229654002,0.8736440285846486,0.8756876253148939,0.8837591897588812,0.8862783404452214,0.8753020410261683,0.8639915685568865,0.8704436789882268,0.888077733792607,0.8574623412678012,0.8866639247339468,0.8632461055986839,0.872063133000874,0.8881805562696006,0.8737211454423937,0.8794406457251556
jedit-4.3,0.5010162601626016,0.9026084010840109,0.8507791327913279,0.6186483739837398,0.8440040650406504,0.7562669376693767,0.7797256097560976,0.8257960704607046,0.7642276422764228,0.8521341463414634,0.8707655826558266,0.8257960704607046,0.8529810298102981,0.7523712737127372,0.8325711382113821,0.9003218157181572,0.8555216802168022,0.9120934959349594,0.8360433604336044,0.8526422764227642,0.7642276422764228,0.5010162601626016,0.7646510840108401,0.9009146341463414,0.8412940379403794,0.8523035230352304,0.8568766937669376,0.8771172086720868,0.7787940379403794,0.8439193766937669,0.8431571815718157,0.8507791327913279
log4j-1.0,0.5350941105039466,0.8255009107468124,0.5140862173649059,0.5273831208257438,0.8114146933819065,0.8277474195506982,0.8343655130540376,0.5121432908318154,0.8168791742562235,0.7600485731633273,0.8327868852459016,0.82829386763813,0.8091074681238616,0.8088646023072252,0.8332726168791743,0.5126897389192471,0.8268973891924711,0.8132361870066788,0.7746205221615058,0.607164541590771,0.8333333333333334,0.5037037037037037,0.8347298117789921,0.8281724347298117,0.8183363691560412,0.5123861566484518,0.8132361870066788,0.8286581663630844,0.5037037037037037,0.8284153005464481,0.8279295689131755
log4j-1.1,0.8270748879880521,0.8247279709835715,0.5045871559633026,0.8070194154043098,0.8086195860891828,0.808726264134841,0.80819287390655,0.8020055472583743,0.8012588009387668,0.8247279709835715,0.8272882440793685,0.8247279709835715,0.7322381053979091,0.8287817367185834,0.8016855131213996,0.7945380840623,0.8094730104544485,0.7949647962449328,0.801898869212716,0.7944314060166418,0.7845103477704288,0.8012588009387668,0.8270748879880521,0.826541497759761,0.8247279709835715,0.8080861958608918,0.7733091529763175,0.5045871559633026,0.8020055472583743,0.7949647962449328,0.8168337956048645,0.7707488798805205,0.7786963942820567,0.7945380840623,0.8023255813953488
log4j-1.2,0.588245665589186,0.5882652561465374,0.5898814771280243,0.5876530512293074,0.5881183269664022,0.5895680282104026,0.5847389558232932,0.5924184543050249,0.5936624546968361,0.5904398080125379,0.5923205015182682,0.5904300127338623,0.5932216671564307,0.5898031148986189,0.59220295817416,0.5906161230287001,0.5872759330002939,0.5937897933196199,0.5923645802723088,0.5024390243902438,0.590714075815457,0.5899500440787541,0.584533254971104,0.587271035360956,0.5923009109609169,0.5896855715545107,0.5934273680086198,0.5911646586345382,0.5901361543735919,0.5737633460671956,0.5905083749632677,0.590772847487511,0.5902928788324028,0.593574297188755,0.5838133019884416,0.5932902341071603,0.5904398080125379,0.5024390243902438,0.5877950827701048,0.5910373200117544
lucene-2.0,0.5025641025641012,0.7587447378492155,0.7682931496364332,0.7754401071565251,0.7692116341370072,0.7596440872560275,0.7540566398775354,0.7754018369690011,0.7572809031764256,0.7696326061997704,0.7528702640642939,0.7559701492537313,0.767948717948718,0.7699196326061998,0.5025641025641012,0.769785686949866,0.7697761194029851,0.7601798698813624,0.7601607347876005,0.7698622273249139,0.7676999617298125,0.7678147722923843,0.7586490623804056,0.7691924990432453,0.7703214695752009,0.7678530424799082,0.7678530424799082,0.7736318407960199,0.7691924990432453,0.7562571756601607,0.767920015308075,0.7697378492154612,0.7584577114427861,0.7595484117872178,0.7639112131649445,0.7612801377726751,0.7691159586681975,0.7661882893226177,0.757548794489093,0.7637581324148488,0.769804822043628,0.7649062380405663,0.7584003061615002,0.7693647148871029,0.758936088786835,0.754247990815155,0.7678339073861462,0.7535017221584386,0.7691733639494833,0.7580367393800229,0.7607347876004592,0.7639877535399924,0.7522770761576731,0.76415996938385,0.7699004975124378,0.7607156525066973,0.7655185610409491,0.7640068886337543,0.7683601224646001,0.7592613853807884,0.7681209337925756,0.7633084577114427,0.7566398775354,0.7704936854190586,0.7575105243015691,0.7695560658247226,0.7592805204745503,0.7574531190202832,0.7653654802908534,0.7661882893226177
lucene-2.2,0.7174890962076317,0.7154061295937726,0.7172299477791468,0.7255471454556123,0.7285200179937023,0.7173130708599816,0.5020242914979757,0.6396369966164016,0.7162031332511881,0.7229654403567447,0.7249750630757495,0.7259676504527763,0.7178313677169512,0.7173424084179233,0.7171859414422344,0.7196698546812963,0.7199241135167909,0.7157386219171116,0.7198996655518395,0.6674930078820239,0.7177971405660193,0.7178509260889123,0.6655518394648829,0.5020242914979757,0.7173130708599816,0.7164916192376146,0.7197823153200728,0.7199045551448298,0.7257622875471845,0.7272878405601517,0.7296152868235248,0.7139001349527665,0.723723327270238,0.7210193823466134,0.7264566097518043,0.7162715875530521,0.7173130708599816,0.7223004557100667,0.7198458800289463,0.7285102388077217,0.7173081812669914,0.7259089753368929,0.7023655850886972,0.7177678030080776,0.7173619667898844,0.6986201568581432,0.7137730055350192,0.713909914138747,0.716672534178255,0.7243638639519646,0.7172446165581177,0.7302900506561834,0.7118367267108686,0.7234886268067046,0.7246376811594203,0.7154354671517142,0.7283439926460521
lucene-2.4,0.7097682427401341,0.6881608339538346,0.6803425167535369,0.6881096425912137,0.7219331720029784,0.7100125651526433,0.7215515636634401,0.7134959046909903,0.7224962769918094,0.6933776991809382,0.6803425167535369,0.7200716679076694,0.7215887937453462,0.7219005956813105,0.7179774758004468,0.7054774758004467,0.7213514519731944,0.7211141102010424,0.7119973938942665,0.501470588235294,0.6943526619508563,0.710450018615041,0.7168326507818317,0.7058172002978407,0.7102150037230082,0.7174934847356664,0.7097542814594192,0.7098915673864482,0.7105407669396873,0.7167721518987342,0.7199227475800447,0.7077671258376769,0.7097845309009679,0.7171211839166046,0.7145848845867461,0.697147244973939,0.7062732688011913,0.7096705137751304,0.7055193596425912,0.7175260610573343,0.7175167535368577,0.7158227848101266,0.501470588235294,0.6951088979895755,0.7104639798957558,0.7168279970215935,0.7008144080416977,0.7098101265822785,0.7099427587490692,0.709905528667163,0.7213421444527178,0.7000325763216679,0.7226358897989575,0.7104779411764706,0.7105035368577811,0.7215981012658228,0.7180519359642591,0.7103918466120626
poi-1.5,0.6841550077725961,0.6659881066943025,0.6658832383349372,0.680392084289486,0.5021097046413502,0.660411577466874,0.6835443037974683,0.5021097046413502,0.666407580131764,0.6744454314407679,0.6658400572457868,0.7022478841266316,0.6850741480987983,0.7022478841266316,0.6594739309596072,0.6994349446048314,0.6665864732153872,0.6799047548547882,0.6660251190564315,0.6658709008808942,0.666006612875367,0.6671231524662571,0.666833222296247,0.7014706245219237,0.6703000468823254,0.6514669232857108,0.6525587879685149,0.6655069459866262,0.6832235299923508,0.6655192834406691,0.6997248747748415,0.6586843339008562,0.6533607224813087,0.6806943519135391,0.7005761591038073,0.6658338885187652,0.6659634317862166,0.6510597873022923
poi-2.0,0.7912379552506941,0.6354319777886657,0.6571941858566063,0.7928303119385922,0.7451821002776416,0.7627796831618487,0.7735587130491589,0.7349338559529642,0.7933202678425608,0.762943001796505,0.70276008492569,0.7878490935815776,0.7929119712559203,0.7188469704393271,0.7831128531765474,0.5015923566878981,0.7884207088028744,0.7768250857422832,0.70276008492569,0.7768250857422832,0.7590641842234199,0.7382410583047526,0.7871141597256247,0.5015923566878981,0.7744569655397681,0.7827045565899069,0.7191736077086396,0.6354319777886657,0.7770700636942676,0.7751102400783929,0.7822146006859383,0.7884207088028744,0.7832761718112037,0.6626245304589253
poi-2.5,0.6756938625890239,0.6765552995391705,0.6734237536656892,0.668291788856305,0.6728477167993298,0.6735180142438207,0.6511075617930456,0.6784693129451194,0.6761049434436531,0.6743192291579388,0.6758562002513615,0.6736855886049434,0.6592244449099288,0.6735651445328865,0.6758562002513615,0.5012987012987012,0.6731776288227901,0.6568548387096774,0.673413280268119,0.6757671763720151,0.6735180142438207,0.668171344784248,0.6732457059069963,0.6761049434436531,0.6538594470046083,0.6719574780058651,0.6601461038961038,0.6718736908253037,0.6755289065772937,0.6758509635525765,0.6718632174277336,0.5012987012987012,0.6770842061164641,0.6758509635525765,0.6680613741097612,0.6764767490573942,0.6734918307498953,0.6764296187683284
poi-3.0,0.7063280542986425,0.6940950226244343,0.7032601809954752,0.7128009049773756,0.6945656108597285,0.6894819004524887,0.6786651583710407,0.6978461538461539,0.7130407239819004,0.5011312217194569,0.7072398190045249,0.6972466063348416,0.6948235294117647,0.6889683257918552,0.7060701357466064,0.6914819004524887,0.7033936651583711,0.7020588235294117,0.7035271493212669,0.6929977375565611,0.710866515837104,0.694,0.696920814479638,0.5011312217194569,0.7009230769230769,0.6972420814479638,0.6916493212669683,0.7015316742081448,0.7017828054298643,0.6973009049773755,0.7015316742081448,0.7037556561085972,0.7031923076923077,0.7038054298642534,0.7035203619909502,0.7126176470588236,0.7086244343891402,0.6972466063348416,0.6929004524886878,0.7060339366515838,0.6995022624434389,0.6948506787330316,0.6972737556561086
synapse-1.0,0.851380042462845,0.5031847133757961,0.840612678192296,0.8562329390354868,0.8536548377312708,0.8547164088565362,0.8662420382165605,0.861995753715499,0.856839551107067,0.8601759175007583,0.8535031847133758,0.8489535941765242,0.8554746739460115,0.8519866545344252,0.8539581437670609,0.8629056718228693,0.848650288140734,0.851380042462845,0.8547164088565362,0.8533515316954807,0.8471337579617835,0.835304822565969,0.8413709432817713,0.8506217773733697,0.8589626933575978,0.8528965726417955,0.8397027600849257,0.8480436760691538,0.8527449196239005
synapse-1.1,0.7643097643097643,0.7760487760487761,0.5022522522522522,0.7672672672672672,0.7674947674947675,0.7625807625807626,0.7683592683592684,0.5022522522522522,0.5691373191373191,0.7741377741377742,0.7672672672672672,0.7642642642642643,0.7528437528437528,0.7754572754572755,0.7725907725907726,0.7697242697242698,0.7752297752297752,0.7663117663117663,0.7664710164710165,0.7580762580762581,0.7674492674492674,0.7796887796887797,0.7587360087360088,0.750978250978251,0.7548685048685049,0.7728182728182729,0.7284784784784785
synapse-1.2,0.7207974137931035,0.7177801724137931,0.6945851293103448,0.7116918103448275,0.7115571120689655,0.7181303879310345,0.7231681034482759,0.7153825431034483,0.7188577586206897,0.7321390086206897,0.7240840517241379,0.7019935344827586,0.7251346982758621,0.7180765086206896,0.7178071120689655,0.7245150862068965,0.7203394396551724,0.694665948275862,0.7066945043103449,0.7176724137931034,0.7177801724137931,0.7340517241379311,0.7250538793103448,0.7063038793103448,0.7241918103448276,0.719396551724138,0.6950161637931035,0.501953125,0.7011584051724138,0.7170528017241379,0.7116918103448275,0.7337553879310345,0.7127693965517241,0.6948275862068966,0.7116379310344828,0.7180226293103448,0.7336476293103448,0.7177801724137931,0.7149919181034483,0.6955549568965518,0.7014008620689656,0.7123922413793103,0.7179418103448276
velocity-1.4,0.6244412050534499,0.6194970845481049,0.6241010689990282,0.616362973760933,0.616156462585034,0.6255709426627794,0.5693148688046648,0.5025510204081632,0.6242225461613217,0.5790208940719145,0.6204567541302235,0.6262390670553936,0.5734086491739553,0.6276239067055394,0.618452380952381,0.6247327502429543,0.5785835762876579,0.6237123420796891,0.616362973760933,0.6232385811467445,0.6260568513119533,0.5690354713313897,0.5025510204081632,0.624514091350826
velocity-1.5,0.6369610638958693,0.695753451732219,0.6993251828218088,0.7029251489397746,0.6948075782816162,0.695329926306576,0.7026569161702008,0.6948922833667448,0.7024733884857555,0.6951746336505068,0.6961134483440156,0.7024733884857555,0.6948922833667448,0.6944264053985374,0.7030239715390914,0.6805065364090691,0.7041392551599515,0.6911652596210859,0.6945252279978541,0.6962052121862382,0.6993957703927492,0.5023364485981306,0.695485218962645,0.6960781545585454,0.7026145636276364,0.6966710901544456,0.6993251828218088,0.6786430245362397,0.5023364485981306,0.7028404438546461,0.6945816980546066,0.6948852246096507,0.6995228280204422,0.6986969534404383,0.6952946325211057,0.6942569952282802,0.6998545896038626,0.6951746336505068,0.7034333794505464,0.6922523082135698,0.6995228280204422,0.6677654798543072,0.7029110314255865,0.7041533726741396,0.6838665047858373,0.6959228619024762
velocity-1.6,0.7860951505401057,0.7776603079751782,0.7385888301539876,0.7398529073776143,0.7386577798207309,0.7639852907377614,0.7868765800965295,0.7877959089864399,0.7385888301539876,0.7773385428637095,0.7384968972649966,0.7385198804872443,0.7386922546541025,0.7789358768099287,0.7614226614571363,0.7387037462652264,0.7806481268673868,0.7390025281544472,0.7516892668352103,0.7444150769937945,0.7398529073776143,0.7509308205010342,0.7610894047345438,0.7497356929441508,0.7386807630429786,0.7823948517582165,0.7495633187772925,0.7867156975407952,0.7858883015398759,0.7386118133762354,0.7119053091243392,0.7440243622155827,0.7666628361296254,0.5021834061135373,0.5021834061135373,0.7145139048494599,0.76297402895886,0.7386577798207309,0.7410250517122501,0.7383360147092622,0.787313261319237,0.7861181337623535,0.7858653183176282,0.751999540335555,0.7805791772006435
xalan-2.4,0.5006915629322269,0.7898623967088697,0.7914494449764159,0.7900042557718906,0.7869720182998191,0.7901195162605951,0.7901106500691563,0.7914494449764159,0.7914494449764159,0.7918484235911621,0.790075185303401,0.7914228464020995,0.7914139802106607,0.791307585913395,0.7869188211511863,0.7922385360144696,0.7913962478277831,0.79089974110721,0.5006915629322269,0.7866528354080221,0.7945348795971202,0.7912366563818846
xalan-2.5,0.6604470523671824,0.6566371868206091,0.633680665489349,0.6522644602514581,0.5006226650062264,0.6568165987715558,0.6423170643045266,0.6448088969565635,0.6584207526859024,0.642131789217928,0.6483854097041931,0.6562267673249795,0.6539295907765841,0.6464423665491694,0.6600589127870298,0.6582987994643439,0.6332667281123283,0.6423839040509577,0.6387194442685504,0.6455195089975679,0.6339304350681179,0.6446939794977873,0.6490948491180671,0.6541125206089218,0.6448886356014287,0.6334895272670986,0.6580642740382698,0.6593342292204609,0.5006226650062264,0.633680665489349,0.6484839103831442,0.6387733851165475
xalan-2.6,0.7026115254237288,0.7005432768361582,0.7005505084745762,0.7014445197740113,0.6954901694915254,0.7015927683615819,0.6943385310734463,0.7036122033898305,0.7014526553672317,0.7015764971751413,0.6952750282485876,0.6990752542372881,0.6952804519774012,0.6943385310734463,0.7025157062146893,0.7010232768361582,0.6982833898305085,0.6997776271186441,0.7036049717514125,0.6952714124293785,0.6943385310734463,0.7036248587570622,0.6952985310734463,0.7025066666666666,0.5005649717514123,0.7012438418079096,0.7022255367231638,0.6998409039548023,0.7036510734463277,0.6977030508474577,0.7025229378531074,0.7010974011299435,0.6945157062146893,0.7009274576271186,0.6946277966101695,0.7025211299435028,0.6834865536723164,0.7025238418079096,0.7009943502824859,0.7024614689265537,0.7024994350282486
xalan-2.7,0.5719003062713526,0.5716844561620218,0.5721134355809859,0.5729732082853792,0.571190177550319,0.5748383164779792,0.574762587553067,0.5751008736487828,0.5748891047389982,0.574339503200114,0.5721093543814398,0.5713575067317119,0.5005500550055006,0.5700592318094134,0.572122958379927,0.5750047387261398,0.5721215979800783,0.5748872908725332,0.5005500550055006,0.5741041540262848,0.5740619816309743,0.5738483988547247,0.5749421603330984,0.5721184237137646,0.5747222290242214,0.5748931859385444,0.5738325275231563,0.5721796417069571,0.5747775519514029,0.5721814555734221,0.5713479839327709,0.573053471876454,0.5721533406432152,0.5740742252296128,0.5710636603643876,0.5749222078019838,0.5699254591576223
xerces-init,0.6990278701855548,0.7100059140977305,0.6988430546314778,0.758593923264582,0.6506801212390034,0.7115398831965698,0.7327751903600206,0.6189288090485695,0.6507910105714497,0.6147150144156133,0.7444370518222814,0.7477082871294448,0.5030864197530863,0.7615879352406298,0.7293006579433725,0.699822577068086,0.5030864197530863,0.6994899090707474,0.615103127079175,0.6999889110667554,0.6988800177422931,0.7340319361277445,0.759591927256598,0.6969948990907074,0.6967546388704073,0.699767132401863,0.711281141420862,0.7477267686848525
xerces-1.2,0.6396442687747036,0.6288241106719368,0.741600790513834,0.7461462450592885,0.7229841897233201,0.6222134387351779,0.745395256916996,0.6229347826086956,0.6095652173913043,0.640197628458498,0.7505138339920948,0.7238932806324111,0.5011363636363636,0.7418379446640316,0.7524308300395257,0.7478063241106719,0.6238438735177866,0.7487351778656126,0.7419367588932806,0.6222134387351779,0.741798418972332,0.6412351778656127,0.7222727272727273,0.7216205533596838,0.7463833992094862,0.750602766798419,0.6412549407114625,0.6222134387351779,0.609703557312253,0.7207114624505929,0.741798418972332,0.6228853754940712,0.5011363636363636,0.7308695652173913,0.6724407114624505,0.6458300395256917,0.7418577075098814,0.639802371541502,0.7215711462450592,0.7527272727272727,0.7406818181818182
xerces-1.3,0.8346772809937206,0.836673186242551,0.8281977375927896,0.8307769733154903,0.820522938613046,0.831034324995139,0.7939184938635921,0.8365130563085476,0.8407279049285706,0.8231422068192477,0.8388692539088861,0.831863569296229,0.501103752759382,0.830897070765993,0.8387205618273113,0.8386919671962393,0.8141577737364033,0.8005066968625971,0.8366274348328357,0.8266364707362546,0.8255727504603736,0.8403275800935617,0.8365244941609763,0.8365759644969061,0.8344256482402864,0.8388578160564573,0.8277688181267085,0.501103752759382,0.8361241693259673,0.8306168433814867,0.8141577737364033,0.8402132015692734
xerces-1.4,0.7662465048676113,0.7753578248341944,0.7558309037900874,0.7754068419347689,0.7605871609295347,0.7753887269193391,0.7573903935007587,0.7530534456890525,0.7546171977562955,0.7527849172250354,0.7640428665200416,0.7470163503998091,0.7371639131843214,0.7650621025352496,0.7669140964656539,0.7602605578572281,0.7755102040816326,0.7670504918759484,0.7371751018703221,0.7533145150290693,0.7735788237600805,0.738810248410141,0.7667920865087889,0.5008503401360545,0.7527849172250354,0.7397325158133429,0.7461873220466131,0.7387356571701362,0.7416255349257498,0.7527849172250354,0.7480638245273047,0.7164041055018499,0.7530811510067686,0.7608333120215505,0.745503213816855,0.760967576253559,0.7609334774009855,0.7730545539017613,0.7478187390244319,0.7522217533629993,0.7559150853323786,0.7372278485328969,0.5008503401360545,0.7271393833222513,0.7604299865309533
