ant-1.3,0.0,0.0,0.6295230085827942,0.6340058193156071,0.0,0.6561900982211719,0.0,0.0,0.0,0.0,0.0,0.0,0.00014502761312026446,0.5464760604231227,0.0,0.6260038197062467,0.6334132033051765,0.0,0.0,0.0,0.0,0.6295230085827942,0.0,0.0,0.0,0.0,0.0,0.0,0.0,0.0,0.0,0.0,6.191983760876085,0.0,0.0,0.0,4.1903455378622345,0.0,0.0,0.0,0.0,0.0,0.0,0.00014502761312026446,0.0,0.0,0.0,0.0,0.0,0.0,0.0,0.01136953565322104,0.0,0.0,0.01136953565322104,0.0,0.0,0.2534014062731593,0.01136953565322104,0.0,0.0,0.0,0.0,0.0,0.0,0.0,0.0,0.0,0.01136953565322104,0.0,0.0,0.0,0.664759891322548,0.0,0.0,0.0,0.0,0.015125747718331639,0.0,0.0,0.0,0.0,0.0,0.0,0.0,0.0,0.0,0.681911979022521,0.0,0.0,0.0,0.0,0.0,0.0,0.0,0.0,0.0,0.0,0.0,0.0
ant-1.4,0.0,5.503218803671581,0.0,0.0,0.05305834491868122,0.36811710061447567,0.0,0.0,0.0,0.3697462177230302,0.0,0.0,0.0,0.0,0.0,0.0,0.0,1.9386420197353642,0.0,0.0,4.505121799866907,0.0,0.0,0.0,0.0,0.0,4.549312719137557,0.0,0.36811710061447567,0.0,0.0,4.505121799866907,0.0,0.0,0.0002631673729922325,0.0,0.0028480582336507226,0.0,0.0,4.8373071468598827e-05,0.0,0.0,0.0,0.0,7.4989327659210385,0.0,0.02640082007995881,0.057504114071959433,0.0,0.0,0.3752389070706581,0.0,0.0,0.0,1.2243639094727365,0.0,0.0,0.0,0.0,0.0002592949881466748,0.0,0.001028526087560877,0.0,0.0,0.0,0.0,0.36811710061447545,0.0,0.0,0.0,0.0,1.6522527601242443,0.0,0.0,0.0,5.399623393205118,6.09423843951187,8.309489045234611e-06,0.0,6.02020676220847,0.35981042491075055,1.9386420197353642,0.0,0.0,0.35981042491075055,0.0,0.0,0.0,0.0,0.005837652501784502,0.0,1.943816269018364,0.0,0.0,0.0,0.0,0.0,0.0,0.0,0.022677598865632476
ant-1.5,2.2545826107360556,47.48031151790475,0.0,3.0309332570019847,0.0,0.0,2.9638330890474416,0.0,0.0,0.0,0.0,0.0,0.0,0.0,0.0,0.0,0.0,0.0,0.0,0.0,0.0,0.0,0.0,0.0,0.0,1.2331776164077652,1.266211699586976,0.0,0.7941238606048094,0.0,0.0,0.0,0.0,0.04701352817947895,0.0,0.0,3.0415960165192777,0.0,0.0,0.0,0.0,0.0,0.0,0.0,57.34550773766793,0.0,0.0,0.0,0.0,3.603595671267402,0.0,51.50354085686133,0.0,8.277822871605167e-13,47.48031151790475,0.0,0.0,0.0,0.0,58.49178069710149,0.0,0.0,0.0,0.0,0.0,0.0,0.0,0.0,0.0,0.0,0.0,0.0,0.0,0.0,57.46652488242482,0.0,0.0,0.0,0.0,0.0,0.0,0.0,0.050660037572989,0.0,0.0,0.0,0.0,0.0,0.0,0.0,0.0,0.0,0.0,0.0,3.474298972078844,0.0,0.0,2.165981739478897,0.0,58.28555805725466
ant-1.6,0.0,0.0,0.0,0.0,0.0,0.05494336851664449,0.0,0.0,0.0,0.0,0.0,0.0,0.0,0.0,0.0,0.0,9.41886670711557,0.0,1.6311872051261163,0.0,0.05494336851664459,0.0,0.0011357630027081843,0.0,0.0,0.0,0.0,0.0,0.004721699133339419,0.056701356097430766,0.0,0.12183945978921051,0.0,1.5527117825972239,0.0,0.0,0.12183945978921074,0.0,0.0,0.0,0.0,0.0,1.5532613216285545,0.0,9.456052408404808,0.0,0.0,0.0,0.005835032593143983,0.19429927931934032,0.0,0.0,1.6648292319712459,0.05494336851664459,0.0,0.0011357630027081843,0.0,0.00838846662621677,0.0,0.0,0.0,0.0,0.0,0.0,9.456052408404808,0.0,1.5931637675696462,0.0,0.0,0.05494336851664449,0.0,0.0,0.0,0.0,9.41886670711557,3.148786815354637,1.4871189391907103,0.19429927931934032,0.0,0.0,0.0,0.0,0.0,0.0,0.0,0.0,1.5532613216285545,0.0,0.0,0.0,0.0,0.19429927931934032,1.5001629952044244,0.0,0.0,0.0,0.0,0.0,0.0,0.0
ant-1.7,0.0,0.0,0.0,0.0,0.0,0.0,11.923059453666646,1.6412724392112112,0.0,0.0,0.0,0.0,0.0,0.0,0.0,0.0,0.0,0.0,0.0,0.0,12.157065501002666,13.379874617649339,10.631902352082646,0.0,0.0,0.0,0.0,0.0,0.0,0.0,0.0,0.0,0.0,0.0,0.0,37.136830324925526,0.0,0.0,0.0,12.912245988645719,1.6412724392112112,12.156363133819397,0.0,13.942523508336677,0.0,0.0,0.0,4.789322396929903,0.0,0.0,0.0,0.08407080073460449,0.0,29.436900503241183,0.0,0.0,0.0,0.0,1.4864015973288287,0.0,0.0,34.84719529408921,0.0,0.0,0.0,0.0,0.3820657494422752,0.0,12.187267651393837,0.43871650895221403,0.0,0.20097355542708772,11.797751739423486,0.0,0.04961523986212413,0.0,0.0,0.0,0.0,0.0,0.0,42.067790630970784,31.33834325507471,34.84719529408921,12.114869821429263,0.0,0.3593305301859431,0.0,12.035360833031572,29.425523725963707,0.0,0.0,0.0,0.32847748336048177,0.7338917969930847,12.249334381902678,0.0,0.0,0.0,0.001429509635121103
camel-1.0,0.0,0.0,34.564927153340534,0.0,0.0,0.0,52.793989187723035,0.0,0.0,1.4710472280350034e-08,0.0,0.0,0.0,0.0,0.0,0.0011726213632898257,0.0,0.0,0.0,0.0,0.0,0.0,52.79039047648019,0.0,0.0,6.278802894794828e-07,0.0,0.0,0.0,0.0012621635317382539,6.198664573481066e-07,0.0,0.0,0.0,0.0,0.0,4.0133260917334455e-09,0.0,0.0,0.0,0.0,0.0,56.75845999565968,0.0,0.0,0.0,0.0,0.0,0.0,0.0,0.0,0.0,0.0,0.0,0.0,0.0,0.27651383275934194,0.0013790773315655036,0.0,0.0,0.0,0.0,0.0,0.0,0.0,0.00126525551851716,0.0,6.278802894794828e-07,0.0,0.0,0.0,0.0,0.0,0.0,0.0,0.0,0.0,0.0,53.78389742438984,33.85737023007513,34.564927153340534,0.0,0.0,0.0,0.0,34.564927153340534,0.0,0.0,0.0,0.0,0.0,0.0,0.0,53.78389742438984,0.0,0.00126525551851716,6.238669633877494e-07,0.0,0.0,0.0
camel-1.2,0.0,0.0,0.0,0.0,0.0,0.05481780492334595,0.0,0.0,0.0,0.0,0.02581326426317533,0.0,0.0,0.02380979641886971,0.0008184484513324656,0.0005706346362157524,0.0,3.1203671062527905,0.0,0.0,0.0,0.0,0.0,0.0,0.0,0.0,0.0,0.0,0.0,0.0,0.0,0.0,0.0,0.0,2.6764134350881397e-06,0.0,0.0,0.0,0.0,0.0,0.0,0.0,0.0,0.0,0.0,2.62665193104169e-06,0.0,0.0,0.0,0.6673877888371921,0.0,0.03328679585472116,0.0,0.0,0.0,0.6673087616134687,0.0,0.0,0.0,0.0,0.0,0.0,0.0,0.0,1.1403804916300566e-10,2.6083536020603065e-06,0.0,0.0,0.0,0.0,1.2518367114217008e-08,0.8327463264030321,0.0,0.0,0.0,0.0,0.0,0.0,2.6681735731046152e-06,0.0,0.0,0.0,0.0,0.0,0.0,0.0,0.0,0.0,2.6681735731046152e-06,5.5181559806819885e-08,0.6673877888371921,4.1521642062925116e-08,0.0,3.6311241417381825e-08,0.0,0.0,0.0,0.0,0.0,0.0
camel-1.4,1.9305973088507815,0.0,0.0,0.0017708734277943616,0.0,1.9285702815398675,0.0,1.9080312020420251,0.0,10.207273562094187,0.0,0.0,0.0,0.0,0.0,0.0,0.0,1.9285702815398675,0.0,0.0,0.0,0.0,0.07292559355699774,0.003479214722177243,0.0017708734277943616,0.0,0.0,0.0,0.0013464458503872677,0.0013126166604825393,0.0,0.0,0.0,0.07847753154596165,0.0,0.0,0.0,0.0,0.0,0.04907652636948486,9.29127664191673,0.0,0.0,0.0,3.988318164812595,0.0,0.0,0.0,0.0,0.0,0.0,0.0,0.0,0.0,0.0,0.0,0.0,0.004437120575990605,0.0,0.07895141397213168,13.831042223423486,6.4482408002399536e-06,1.228782507121009,0.1302826132058288,1.9285702815398675,0.0,2.638514109299517,0.0003945005091865885,1.9107324284663805,0.0,0.0,0.061560410068906224,0.003479214722177243,4.108993575754746,0.0,0.0,0.0,0.0,0.0,0.0,0.0,0.0,3.988318164812595,0.0,0.0003945005091865885,0.0,0.0,0.00011545277792460846,0.0,0.0,0.0,0.0,0.0,0.0,0.0,0.0,1.9285702815398675,0.0,0.0,0.0
camel-1.6,0.18205824538948592,0.0,0.18225086367171478,0.00011430010176239486,0.0,1.0440582708786725,0.6182754383221113,0.0,0.0036659738787554186,0.0,0.0036447127317283043,0.0,0.0,0.1888765844868912,0.0,0.0,0.013343553935837422,0.0,0.18236993607460697,0.0,0.0,0.0,0.0,0.0,0.0,0.0,0.18202200701231377,0.1834583450005813,0.0,0.0,0.0,0.0,0.0,0.0036447127317283112,0.0,0.0,0.7830404689858919,0.003678253036309121,0.0,0.0,0.0024395533012444154,0.49677123378078303,0.7830404689858919,0.0,0.0,0.17898830675206648,0.0,0.18715493395359917,0.0,0.0,0.6182754383221113,0.0,0.0,0.0,0.0,0.0,0.0,0.0,0.0,0.0,0.0012628043958142349,0.0,0.5025089208648152,0.6184680566043401,0.0036659738787554463,0.0,0.0,0.0,0.0036447127317283043,0.0,0.0,0.00271686188138702,0.0,0.0,0.45615375620858145,0.0,0.0,0.0,0.0,0.17898830675206648,0.1834583450005813,0.0,0.0,0.0,0.015189372436169385,0.0,0.0,0.0,0.18414622671836248,0.0,0.0,0.013454544522108577,0.0,1.0440582708786725,0.16860039135188615,0.0,0.0,0.18421088484523834,0.015189372436169399,0.01580623315471072
ivy-1.1,0.0,6.044566605517485,0.0,0.0,18.05653136408931,0.0,0.0,0.02216565730188469,0.0,0.0,0.0,3.6201516387778603,0.0,0.0,35.894025280740955,0.0,0.0,0.0,0.0,0.0,0.0,0.0,2.145213050401529,6.040271164572949,5.079297657530055,0.0,0.0,2.218415099798989,0.0,0.0,0.0,0.0,0.0,0.0,1.3675164370015525,0.0,0.0,0.0,0.0,0.0,2.179070436540724,0.0,0.0034154911150181713,2.0912836580403074,0.0,2.161286913538482,0.013648658389782312,6.342316674593947,3.6324819693390356,2.120589729657002,0.0034154911150183764,0.0,0.0,0.0,0.0,3.6324819693390356,0.0,0.0,0.0,0.0,0.0,0.0,5.836191662638137,0.0,0.0,0.0,2.120589729657002,0.08579001804344477,0.0,0.0,6.342316674593947,35.45814423327917,0.0035184969368744915,33.06046920579985,0.0,0.0,33.06046920579985,0.0,0.0,0.0,3.7483089815747026,0.0034154911150181713,18.174929563182577,2.0912836580403074,2.003572975465093,0.0,2.047238138387712,0.0,0.0,6.330044951728544,0.0,6.152502429988036,5.423776005641424,0.0,0.0,0.0,3.6316067735484996,0.0,0.0,8.697458380958881
ivy-1.4,0.0,0.0,16.02659776040695,0.0,0.00040041562223391836,0.0,16.143786283659065,0.0,0.0,0.0,16.162691234076807,0.0,0.0,0.0,0.0,30.955077868868035,0.0,0.11812612716756074,0.08675089862764862,0.00040041562223391836,0.6699832849869589,0.0,0.0,0.0,0.0,0.0,0.0006373255341055456,0.0014030962733183605,0.0,0.0013958424231900403,0.0,0.0,0.0,0.00040041562223391836,0.0,0.0,0.0,3.905753310009618,0.0,0.0,0.0,30.955077868868035,0.21744302760357465,0.0,16.143786283659065,0.0,0.00012000246578037306,0.0,31.51647376679765,16.143786283659065,0.0,2.7719711964743722e-05,0.0,0.0,0.0,0.20671435758215834,0.13272821281150898,0.0,0.0,0.0,7.925770799095303e-06,0.2067635933481758,0.0,0.0,0.0,0.0,0.0,26.344726753935625,0.0,0.0,0.0,16.067569189591424,0.0,0.0,0.0,0.0,0.0,0.0,2.0891368996607618,0.0,26.347034865426167,3.796877775211988e-07,0.0,0.0,0.0,0.0026052313477528954,0.0,0.0,0.6442704419396514,0.0,0.0,0.0,0.0,33.44266674385905,0.0,0.0,0.0,0.0,0.0,0.0
ivy-2.0,0.0,0.0,3.627159399073157,0.0,0.0,0.0,0.0,0.0,0.0,0.0,0.0,0.0,0.0,12.670851140888562,0.0,0.0,0.0,0.0,0.0,38.32761289435445,29.446913580327433,0.0,0.0,0.0,0.0,0.6338445823689586,38.32761289435445,49.92302929837893,0.0,0.0,0.0,0.0,0.0,0.0,0.025724036943015616,0.0,3.7319816565429207,0.0,0.0,0.0,0.0,0.2815914038555274,0.0,0.6342014219804835,0.0,0.039046186212239764,0.0,0.0,0.0,0.0,0.0,0.0,0.0,0.0,0.0,0.0,0.0,3.5667934386178857,0.0,0.03624921143061888,5.201377002703118,0.0,0.0,0.0,0.0,0.0,0.0,0.0,0.0,3.5667934386178857,29.446913580327433,0.0,0.0,0.2639299374891755,0.0,58.35119449325985,0.0,1.1344428539052043,0.024255723842236065,0.0,0.0,0.0,0.0,0.0,0.0,0.0,0.0,0.0,0.0,7.370436481767477e-08,0.0,0.0,0.0,0.0,0.0,0.0,3.627159399073157,0.0,0.0,12.670851140888562
jedit-3.2,21.19195383574321,5.242537768122526,8.248023955514618e-05,0.0,0.0,0.0,0.0,0.4666276854649547,0.0,0.0,0.0,0.0,0.0,0.0,0.0,0.467597189563852,0.0,0.0,0.0,19.503177912099304,0.013487452679318557,0.0,3.8504650204060766,0.4675971895638522,0.0,7.273365223461892e-05,3.057576223744813,0.0,0.4744013075629405,0.0,0.0,0.0,0.0,0.0,0.2362873752092755,0.0,0.0,0.0,0.0,0.0,0.0,0.0,0.4840902425070498,0.24326779258230663,19.34639690351907,0.0,0.0,0.0,0.0,0.0,0.0,0.0,0.0,0.0,0.001605099094642607,0.0,0.0,0.0,0.0,0.0,0.0,0.0,3.057576223744813,0.0,0.0,0.001605099094642607,0.4430797826596753,0.4835271160077346,0.0,0.0,0.0,0.0,0.0,0.0,0.0,3.8504650204060766,0.0,0.0,0.0,0.0,0.4780227351043299,0.0,0.02531066380484326,0.0,0.0,0.0,0.4675971895638522,0.0,0.013487452679318557,0.0,0.0,0.23847377887574406,0.0,3.9983915242541763,0.0,0.0,0.0,0.2517214649217084,0.0,0.0
jedit-4.0,0.3855628991074758,0.0,0.0,0.00015870292922343446,0.0,0.0004686050205753345,0.0,0.0,0.004635009539935758,0.0,0.0,0.0,0.0,0.0,0.007750728505603308,0.0,0.20898560147496248,0.0008891612618460859,0.0,0.0,0.0,0.0002463756538781248,0.0,0.39584862461471526,0.0,0.0,0.0,0.0008891612618460859,0.0,0.2591671441628959,0.0,0.0,0.0,0.0,0.0,0.0,0.0,0.0,0.0,0.0,0.03449402009987289,0.0,0.0,0.7248940301787816,0.0,0.0,0.0,0.0,0.00018712919757454919,0.0,0.0,0.0,2.860323968198942e-06,0.0,1.7231872489932654,0.0,0.0,0.0,0.000910523744780045,0.0,0.0,0.22359670018940506,0.0,0.0,0.0,0.03325081044149571,0.0,0.0,0.0,0.0,2.046986413620277,0.00023328864583971543,0.0,0.005754182649228366,0.0,0.0344940200998729,0.0,0.0,0.0,0.0,0.0,0.03403735645795698,2.0003562864060953,0.0,0.0,0.0,0.0,0.0,0.0,0.0,15.169881534898533,0.0,0.0,0.0,0.0,0.0,0.0,0.0,0.0,0.0
jedit-4.1,0.7043765473768502,2.027601222357079,0.0,0.0,0.0,0.00016396992712640974,0.0,0.0,0.012573809041304505,0.0,0.0,0.0,0.0,0.0,0.0,0.00015919707755232548,2.5554938750462517,0.012616905251670339,0.0,0.0,0.0,0.0,0.0,0.0,2.7689034768501073,0.0,0.0,0.0,0.0,0.0,0.0,0.0,0.06551748914379585,0.0,0.012573809041304505,0.0,0.46516117821392844,0.0,0.0,0.013140849364380314,0.0,0.0,0.0,0.0,0.0,0.0,0.0,0.0,0.0,0.0,0.05211473866073771,2.679756650133383e-09,0.0,0.0,0.2512053923269293,0.0,0.0,0.0,0.6916271208270379,0.0,0.0,0.0,0.0,0.0,0.0,0.0,0.0,0.0,0.0,0.0,0.0,0.029228016388187283,0.0,0.0,2.0276012223570787,0.0,0.05327610826658824,0.0,0.0,0.0,2.067823301390505,0.0,0.0,0.0,0.0,0.0,6.197913951456368e-06,0.0,0.0,0.0,3.8720632636677887,0.0,0.0,0.0,0.0,0.0,0.0,0.0,2.3847362865484802,0.0
jedit-4.2,0.0,0.0,0.0,0.0,0.0,7.399171400081662e-05,0.0,1.0501550399509416,0.0,0.0,0.0,62.68457722361573,0.0027749506140102424,0.0,0.0,1.5391723689401053e-08,0.0,0.0,0.0,0.0,0.0,0.006436991973918449,0.8845148842706707,0.0,5.348901011644583,0.0,0.0,66.10258788224809,0.0,63.64903858346537,0.0,3.3341229847592766,2.651381508168493,0.0,0.10776502766028018,0.8845148842706707,0.8845148842706707,0.0,2.759146535828773,0.0,3.3949143116043707,0.0,0.001666391511206964,0.0,2.651381508168493,0.17641276334746314,3.4809982135214694,0.0,1.0542418591547698,0.0,0.0,0.0,0.0,0.0,0.0,0.0,0.0,0.0,0.0,0.0,0.8845148842706707,0.0,0.0,0.029807825548161082,0.0,0.0,0.0,81.5980583022836,0.0,0.0,0.0,0.0,0.0,8.171631491455961e-07,1.0501550399509416,0.0,8.329392821812785e-07,0.0,5.323786041840574,0.0,0.0,0.0,0.1700663703905264,0.0,62.68457722361573,0.0,0.0,0.0,0.002697914314558094,0.0,0.0027009589000094258,0.0,0.0,0.0,0.0,0.0,0.0,0.0,0.0,0.0
jedit-4.3,1.1556635489085605,4.351132691803055,0.0,0.0,0.0,0.0,0.0,0.0,0.0,3.8277123086145837,0.0,0.0,0.0,0.0,0.0,3.9069134571958637,0.03340963956492435,0.0,2.697468545824683e-06,4.067240204241376,1.2034174821661079,0.0,0.0,0.0,0.0,0.0,0.0,0.0,0.0,0.0,0.0,4.051278259998072,0.0,1.1670949606693615,0.0,0.0,1.1505765036384843,0.0,0.0,0.0,3.2045099908541586e-06,1.6697976973893525,0.0013633014848738849,0.0,0.0,0.0,0.0,0.0,0.0,0.03672144956712384,0.0,4.351132691803055,0.0,3.9069134571958637,0.0,0.0,0.0,0.0,0.0,0.0,0.0,0.0,0.0,0.0,0.0,1.1973303370370991,0.0,0.0,0.0,0.0,0.0,0.0,0.0,0.0,3.8855937980543223,2.697468545824683e-06,0.0,0.0,0.0,0.0,0.0,0.0,4.555086725705973,0.0,0.0,1.1527148498642843,0.0,0.0,0.0,0.0,0.0,0.0,0.0,0.009911758952281802,0.0,1.669538621367358,0.0,0.0,0.0,0.0
log4j-1.0,8.108367668686318,0.0,0.0,16.02705123599273,4.042405703336489,4.034610666536361,0.0,0.0,0.0,0.017885341482577477,7.488588948822077,0.0,0.0,0.0,0.0,6.219053901897773e-05,0.0020257344426965473,0.013913111116442056,0.00012932126024735313,8.108367668686318,16.030971663511462,0.0,0.0,0.0008762933127533096,4.042405703336489,0.0,0.0,0.0,0.13283487274240513,0.0,0.0,0.0,0.12594699121046254,2.2492400080559652e-05,0.0,1.9835926636037737e-05,0.0,0.0020257344426965473,0.0,0.016323471549515745,0.0,0.00285485676022015,8.372373238233111,0.0026906867373849624,6.0394440129574745e-05,0.006027808456635031,0.0,0.0,0.0,8.860505925158195,0.01217991402120111,0.0,0.0,0.0,0.0,0.0,16.02705123599273,0.0,0.0,0.0,16.859449409603954,0.0,0.0,2.664393513315399,0.0,0.0,0.2265281003605808,0.0,0.05421072942859662,0.13283487274240513,4.230350130298918e-06,0.1289443661217149,0.6462489237377356,0.0,0.0,0.0,0.0,0.0,4.042405703336489,4.057995053760149,0.0026906867373849624,20.12418550400048,0.0,1.2196272610012482,0.0,8.13936776006048,0.12499966297844298,0.0,0.13283487274240513,0.0,0.0,0.0,0.0,0.0,2.1933182980020227,0.0,5.501941950459631e-05,0.0029674873249644616,0.0,0.0
log4j-1.1,0.0,0.0,4.504532486994502,0.0,2.0312427192152733,0.0,0.0,0.0,0.0,0.0,0.0,0.0,0.0,0.0,0.0,0.0,0.0,0.0,0.0,2.1227790279688112,0.0,0.0,0.0,0.0,0.0,0.0,15.573824979328784,45.02288617416434,0.0,0.023054584027798697,2.1227790279688112,0.0,0.0,0.0,0.0059413559173489006,0.5697182523354405,0.0,1.0932806851540562,0.0,0.0,0.0,0.0,0.006035061819414654,0.0,0.0,0.0,0.0,0.0,0.0,0.0,0.0,0.012531308794959256,0.0,0.0,0.0,0.0,0.0,4.018766059716312,0.0,0.0,0.0,45.02288617416434,1.1316235496841134,15.004106726993342,18.135146251644496,0.0,1.1567218260879653,0.0,0.0,1.528791787460328,1.528791787460328,0.21745836332593116,0.0,0.0,0.0,0.0,1.0932806851540562,0.0,0.0,0.0,0.0,0.0,0.0,0.0,0.0,0.0,0.0,0.0,0.0,0.0,0.0,0.0,0.0,0.0,2.2487010825412046,0.0,0.0,1.319051038477445,0.0,0.0
log4j-1.2,1.2418931149742933,0.007045069853183206,0.008241524315699973,0.0,0.0,0.0,0.0,0.00926078153775518,0.0,0.0,0.007045069853183206,0.0,1.1372480488460446,0.0,0.0,0.0,0.0,14.502519598965666,0.0,0.0,0.0,0.008872052129288738,0.5278789932118209,0.0005460024141281843,0.0,0.007045069853183113,0.0,0.532508651257984,15.62679134821259,0.0,0.0,0.0,0.0,0.000157335854707597,0.20358355470694534,0.0004591854673449171,15.037231294634246,0.007045069853183113,0.0,0.0,0.01793917078452789,0.0004591854673449136,0.0,0.0,0.0,0.0,0.0,0.0,0.0,1.9842350327106684e-05,0.0,0.0,0.0,0.5420583376344172,15.037231294634246,0.0,0.0,0.5165042380154801,0.0,0.0,0.0,0.0,0.0,0.0,0.00023120064531701205,0.0,0.5246376463984002,0.0,14.505903473915641,0.0,0.004437552264565658,0.0,0.0,0.0,14.502519598965666,0.0,0.0,0.009260781537755225,0.0,1.146172047632505,0.0,0.0,0.0,0.0,0.0,0.0,0.0,0.0,15.037231294634246,0.0,0.008870539447441712,0.0,0.0,0.0,0.0,0.0,0.0,0.008375823752108547,0.008931902008394221,0.0
lucene-2.0,0.0,1.1438028400207811,0.0,0.0,0.004545848414613633,0.0,0.0,0.004545848414613633,3.183164735393577,0.0,0.0,1.1371794334604106,1.9736496315697702,0.0032349274895571156,0.0,0.0,0.0,0.01009970280326944,0.0,0.0,1.9736496315697702,0.022795214123444207,0.0,0.001733536569787017,0.7250749782426942,0.0,0.0,0.12225170181893197,0.0,0.0,0.8640357442250512,0.0,0.010099702803269404,1.2925293415488879,0.0,0.0,0.009050254147096249,2.1487685476606857,0.0,0.0,0.1329835791610796,1.97364963156977,0.0,0.0,0.009859850440889257,0.0,0.0,0.0006940576164831264,0.0,0.0,0.0,3.2258001984066382,0.0,0.0017192033465968436,0.0,0.8640357442250508,0.0,0.0,0.12225170181893197,0.0,0.01009970280326944,0.1329835791610796,2.1487685476606857,0.0,3.3645153327291633,0.0,3.2258001984066382,0.2291578768158254,0.0,0.022795214123444207,0.0,0.0,0.0,1.1903023489737166,0.0,0.0,1.1374129187279804,0.0,0.0,0.0,0.0,1.3938965185449792,0.0,0.0,4.102958938235813,2.2613141557500205,0.0,0.0,3.203004984283194,0.0,0.0,0.010099702803269217,0.0,0.0,0.2291578768158254,0.0,0.0,0.22368403605158543,0.0,0.0
lucene-2.2,0.0,0.0,2.4019966318169095,0.0,0.0,0.0,0.0,0.0,3.955500799503136,0.0,0.0,0.0,0.00361106427519924,3.107782047695826,0.0,0.0,0.0,0.0,0.41630114590136863,0.0,0.0,0.0,0.0,0.0,0.0,0.0,0.0,0.0,3.7867686708918714e-05,0.0,0.0,0.0,0.0,0.0,0.0,0.0,0.0,0.00020781117915506103,0.0036617825759520093,0.0,0.41729569387093424,0.0,0.0,2.4019966318169095,0.0,0.4301300653586483,0.0,0.0,0.011834485846878545,0.0,3.107782047695826,0.0,0.0,0.0,0.0,0.0,0.0,0.0,0.0,0.0,0.0,0.4202694022035264,0.0,0.0,0.0,0.0,0.0,0.0,0.0,0.0,0.0,0.41729569387093424,0.0,4.079928982216142,0.0,0.4094011950180527,0.0,0.0,0.0,0.0,0.0,3.955500799503136,0.0,0.0,0.0,0.0,0.0,0.0,0.0,0.0,0.0,0.0,2.4019966318169095,0.0,0.0,9.021043908077038e-08,0.0,0.0036212623257048633,0.0,0.0
lucene-2.4,0.0,0.0,3.553645920031021,5.528328280674952,0.0,0.01820495854012285,0.0,0.0,19.020049689950635,19.020037996186403,1.883926777969135,0.09297942086986716,0.09411095570377365,0.0,52.70497840323952,0.09324688578169045,0.0,0.0,0.4703027702783409,0.09411095570377365,0.00036895664340775083,0.0,0.0,0.6540710337459419,0.0,0.0,0.0,0.0,0.0,0.0,0.0,0.0,52.2204107232077,0.15611002086569492,0.0,0.20606739392691953,51.35320445932669,0.0,0.0,0.15588132363507032,8.196222284511553,0.0,0.7218856028688458,0.6620234971602668,5.637762523897032,0.021085727263777,0.0,0.0,0.4645025593689033,49.286501631910795,0.0,0.483803163974335,5.464359345247719,53.13136801443116,0.05916856205761736,0.0,0.4703027702783409,0.0,51.601956753360604,0.06767109222267931,0.0,1.2758322278950462,0.0,0.09297942086986716,0.20606739392691953,0.0,1.8516494603164904,0.0,0.15611002086569492,0.0,0.0,2.0056122169514223,0.01796569585300579,0.0,0.0,0.20606739392691953,5.464359345247719,0.05893986482699276,0.0,0.01787542616369598,0.0,0.0,0.0,0.0,0.0,8.454851541139607,0.0,0.6540710337459419,5.634459807725656,5.6910654306375505,31.806100851089766,0.0,0.0,0.0,0.0,0.0,0.0,0.0,0.0,0.0
poi-1.5,0.0,0.0,0.0,0.0,0.0,0.0,0.004932252639280543,0.0,0.0,0.0,0.0,0.0,0.0,0.0,10.899511356876735,0.0,0.0,0.0,0.09249495974719144,0.0,0.0,0.0,0.0,0.0,0.0,0.0,0.0016681238116649441,0.0,0.0,0.0,0.006558484885034341,0.0,0.0,0.0,0.0,0.0,47.86546889483546,0.0,0.0,0.0,0.0,0.0,50.31179841891043,0.0,0.0,0.01085448365850811,0.0,0.0,0.0,0.0,0.0,0.09448479845915303,0.0,0.0,0.0,0.0,0.0,0.0,0.0,0.0,0.0,10.572641711329522,0.9889653546006871,0.004932252639280543,0.0,0.0,0.0,0.09249495974719144,0.0,0.20604959594742056,0.0,0.0,0.2539031160755576,0.9676560472366096,0.0,10.572521973004164,0.0,0.0,0.0,0.0,10.572641711329522,0.0,10.899511356876735,0.0,0.0,0.0,0.0,0.0,0.0,0.0,46.479963468009444,0.011209245073392948,0.0,0.0,0.0,0.0,0.0,0.0017254743923185885,0.0,0.0
poi-2.0,0.0,0.0,0.0,0.0,0.06027075714693264,0.0,0.0,0.0,0.0,0.0,35.462796339170396,0.04271189597382863,0.0,0.0,0.577099557819813,0.0,0.0,1.4086014395159063,0.0,0.0,0.0,0.0,0.004424428679358064,0.0,5.279403273129651,0.0,0.0,0.0,0.0,0.0,0.0,0.0,0.0,26.554929925013138,0.0,4.93438072763625,5.16876375294089,0.0,0.0,0.0,2.313517240096365e-06,0.0,0.0,0.0,0.0,0.2558002784235577,0.0,0.5651970507579085,0.0,0.0,0.0,0.0,0.4281463116642037,0.0,0.0,0.12149880813267144,0.0,0.0,0.0001310552910210594,0.00012678435728143145,0.0,0.07292102648740979,0.2552125411449456,1.3560810946923805,0.0,0.0,18.494589607262352,0.07304781084469122,0.0,0.0,35.74722111439107,0.0,0.0,0.5651970507579085,0.0,0.0,0.0,0.0,0.0,0.0,0.0,0.0,0.00013021733365115533,0.0,0.0,0.0,0.0,0.0,0.0215495238340995,0.0,0.0,0.0,0.0,0.0,0.0,0.0,0.0,0.0,0.0,0.0
poi-2.5,0.0,0.0,29.21459505166773,0.0,0.0,0.0,0.0,0.0,0.0,1.3287703353907268,0.0,0.0,0.0,3.18711247850424,2.328011093969329,0.0,1.3287703353907268,3.5967850346101864,0.0,0.006114965902890734,0.0,0.0,26.692659268386777,0.0,0.0,0.0,0.0,0.0,28.054924780613867,0.0,0.0,0.0,0.0,0.0,6.765565585625626e-05,2.2825924494199733e-06,0.7115725428293349,0.0,0.0,0.15970379888587516,0.0,0.0,1.3121394407932208,0.0,0.0,0.0,0.0,0.0,0.0,0.0,2.488833786359721,2.2904867910493327,0.0,0.22010628245792246,3.499326625796973,0.0,0.0,0.0,0.0,0.0,0.0,0.0,0.0,1.3121394407932208,0.0,0.0,0.0,2.2904867910493327,0.0,3.5967850346101864,0.0,0.0,0.0015684421145937266,0.0,0.0,0.0,0.0,0.0,0.0,0.20918235779484373,28.054924780613867,0.0,0.0,0.0,26.685857854922922,0.030418206795857605,0.0,0.0,0.0,0.0,1.5086358541099145,0.0,0.0,0.0,0.0,0.0,0.0,0.0,0.0,0.0
poi-3.0,0.0,0.0046065059065238945,0.0,0.0,0.18092164347121198,0.0,0.017501835702355417,0.0,17.081243124746447,0.177607995396027,10.667882196279304,0.7432710360948592,0.0,0.0,13.261411640330646,0.0,27.185152643630985,0.0,0.0,0.0,5.383586401118071,16.109251183248993,0.0,0.12090316740754936,0.5651001532053221,16.778493576238347,0.0,0.0,0.0,5.495113673872487,34.660111915798765,0.0,0.0,0.0,0.7438096054785132,0.0,0.7538050019205054,16.778493576238347,0.0,5.384480226966643,0.0,0.0,0.0,0.0,0.0,0.0,0.0,0.0,0.0046409661632242916,0.5651001532053215,5.134670941553505,0.0,0.0,0.0,29.416173023177706,0.0,0.0,0.0,0.0,0.0,10.667882196279304,16.251677823503986,0.0,0.1979286368757755,0.7669425569787596,0.0,0.0,0.0,0.0,0.0,0.0,0.0,4.2501263788172206e-05,0.0002330790561776344,0.0,10.667882196279304,0.7538050019205054,0.7086524481932656,16.778493576238347,0.0,34.660111915798765,0.0,5.368663883750994,0.7249015402186373,0.0,17.081243124746447,0.7337446822350882,0.5651001532053221,0.0,0.0,0.0,0.6805995339532176,0.0,0.0,0.0,0.0,0.18092164347121198,0.0,0.18092164347121198,2.6566310154035236e-06
synapse-1.0,0.0,0.0,0.0,0.0,0.0,0.0,24.268628524210822,0.0,0.0020077320356199774,0.0,0.0,19.03532621436623,0.0,19.03532621436623,0.0,0.0,19.128296754128108,0.0,0.0,0.0,0.004062398095306599,8.761147215743568e-08,0.1968640506580196,0.0,0.02597187721953191,0.0,5.388932837948026,18.603589905719197,18.603589905719193,0.0,0.0003180080391476897,3.88514036983173e-05,0.0,0.0,0.0,0.0,0.0020077320356199774,0.0016487076731905026,0.0,0.0,0.0,0.0017179472886207894,0.0,0.0,0.0,0.0015977139147406016,0.0,0.0,0.19463650941635713,0.0,0.7940078930422388,0.0,0.0,0.0020688103009879333,0.0007656528101353064,0.0,0.0003180080391476936,0.1946459751012224,0.0,0.0,0.0,8.756059059709279e-08,24.268628524210822,0.002325770403737215,0.0,0.0,2.35319545807889e-06,0.025122435504623737,0.0,0.0,0.0,0.0,0.0,0.0,0.0003180080391476936,0.7940078930422388,0.0,0.0,0.025045872756616627,0.0,0.1923107390126199,0.02504587275661664,0.0,0.0,0.0,0.0,0.0,0.0,0.0,0.0,0.0,0.0,0.0,0.7940078930422388,0.0,0.0,0.026284955032464676,0.0,0.0019692854174737442,0.0
synapse-1.1,0.0,0.14124181801994462,0.0,0.0,1.2545321268024986e-07,0.0,0.0,0.0,0.0,0.0,0.0,0.0,0.0,0.0010144968094316859,0.0,0.0,0.0010201374462571232,0.0,0.0,0.0,0.0,0.0,0.0,0.0,0.0,1.2341061453311377e-07,0.0,0.0,0.1384762179589455,0.0,0.0,0.0,0.0,0.0,0.0,0.0,0.0,0.0,0.0,0.1384762179589455,0.0,0.0,0.0,0.0,0.0,0.0,1.8520349409464883e-09,0.0,0.0,0.0,0.0,0.0,0.0,0.0,0.0,0.0,0.0,0.0010144968094316859,0.0,0.0,1.2877383416660314e-07,0.0,0.0,1.6849812720287674,0.0,0.0,0.0,0.0,0.0,0.0,0.0,0.0010144968094316859,0.0,0.000982206852699496,2.6467097866434557e-14,0.0161248615398173,0.0,0.0,0.0,0.0010144968094316859,0.0,0.0,0.0,0.0,0.0,0.0,0.0,0.0,0.0,0.0,0.0,0.0,2.704157641569349e-07,0.0,0.0,0.0,0.0,0.0,0.0,0.0
synapse-1.2,0.0,0.0,0.0,0.0,0.0,0.0018013275380780922,0.006399146517304508,1.0554319209489629,0.0,0.0,0.0019225529413376317,0.03802354152576626,0.12616211216400286,0.0037268487379371537,1.1484250875354474,0.0,0.0,0.0,0.0,0.0,0.0,0.0,1.0485858569336162,0.0,0.0,0.0,0.12484497278177331,0.012812345214447435,0.0,0.0,0.0,0.0,0.0,0.0,1.0554319209489629,0.0,0.0,0.0,33.669886771094205,0.001779261920900839,0.0,0.0,1.0554319209489629,0.0018013275380780922,0.0,0.0,0.0,0.0,33.65525403291858,0.0,4.131351845024396e-05,2.897005279144481e-05,0.0,0.0,0.0,0.001779261920900832,0.0,0.11952047790333108,0.0,0.0,0.0,0.04047420023080672,0.0017733737091061939,0.0,0.0,0.0013171393822295485,0.0018013275380780922,0.0,0.0018683437222866415,0.00010041166036955018,0.0,0.0,0.0,2.658161207498295e-05,0.0,0.012812345214447428,2.6628163470741394e-08,0.0,1.1446903520689233,0.0,0.0,0.0,0.0,0.12616211216400286,0.0,2.658161207498295e-05,0.0,41.67399751801304,0.0,0.0,0.0,2.6628163470741394e-08,0.0,0.0,0.012812345214447435,0.12351260771579729,0.0063106081960381715,0.0,0.0,0.0
velocity-1.4,0.0,0.0,0.0,3.5869372959608e-07,6.511351869909042,0.0,9.403528877855687e-10,3.0688634987446983,0.0,0.0,3.1540379270410894e-11,8.681177459397578,0.0,0.0,0.0,0.0,0.0,0.0,0.0,0.0,0.21245087178480393,0.0,7.859163794256982e-05,0.0,0.0,0.0,0.0,3.6311685922425e-07,0.0,0.0,0.0,6.0324278611592395e-09,0.0,0.0,0.0,0.0011850514696691572,3.643659912636925e-07,0.0,0.0,0.0,0.0,0.0,0.0,0.0,3.6311685922425e-07,6.411448963383173,0.0,0.0,0.0,0.0,0.0,0.0,0.0,0.0,0.0,0.0,0.0,0.0,0.0,2.307251055684058e-09,3.6311685922425e-07,3.543618882216147e-07,0.0011850514696691572,3.712520685226924e-09,0.0,0.0,3.38419803694312e-07,0.0,0.0,3.8458955492342987e-07,0.0011850514696691572,1.285813930040472e-10,0.0,6.411448963383173,2.2483563148393513e-09,0.0,0.0,0.0,0.0,0.0,0.007427727191248762,0.0,3.0378580061569593,0.0011850514696691572,0.0,0.18307930815690146,8.681177459397578,3.6311685922425e-07,6.663816679574657,8.508027615761193e-12,2.2471678260040078e-09,0.0,0.0,3.5446330289659885e-07,0.0,0.0,8.508027615761193e-12,0.0,0.0,0.0
velocity-1.5,0.0,0.0008937220451372403,0.0,0.0,0.0,1.7190133752982182,0.0,0.0,8.496814336335756,1.0490322896984878e-07,0.0,0.0,0.0,0.0,0.0,0.0,0.0,0.0,0.0,0.5783971702124864,0.0,0.0,0.0008649552420276255,8.44668445994942,0.0,2.004910660156818,8.496814336335756,1.0318660714755943e-07,0.043001759851264025,0.0,0.0,0.0,0.0,0.0,0.0,0.0,0.0,0.0430011407274676,0.0,0.0,0.0,0.0,0.0,0.0,0.0,0.5783971702124864,0.0,0.0,1.9865788576836467e-07,0.0,0.0,0.5691211322125289,0.0,0.0,0.0,0.0,9.325534751374175,0.0,0.0,0.0,0.0,0.0,0.03141848215107046,0.0,0.0,0.0,0.0,0.0,0.0,8.496814336335756,0.0032747649469777595,1.1689460829261384,0.0,0.0,0.0,0.0,0.0,0.0,1.0385633885516948e-07,0.0,0.0,0.0,0.0,0.04300114072746811,0.0,0.5887029898158704,0.0,0.0,0.0,0.5691211322125289,0.0,0.0,0.0,7.644792095470468e-05,0.0004261734636385392,0.0,8.319331872814968e-05,0.0,0.0,0.0
velocity-1.6,0.0026234656524790623,0.0,0.0,0.0,0.0,0.0,0.0,0.0,0.0,0.0,1.8066194106481044,0.0,0.0,1.8203609454048528,0.0,13.693689497157814,0.002473737205428859,0.16979347684392646,1.9462477114359271,0.0,0.0,0.0,0.0,0.0,0.0,0.0,0.0,0.0,0.0,0.0,0.0,5.042771730367611,0.16979347684392646,0.0,0.7321277539633606,0.0,2.7693648484381814,0.0,0.0,0.16979347684392646,0.0,0.0025189458665911477,0.0,0.0,0.0,2.742590374460967,0.057438637438163916,0.0,0.0,0.0,0.0,0.0,1.5713508853774383,0.0,0.0002952753287906156,2.0118876324915735,0.0,0.0,0.0,0.0,0.003966792545052148,0.0,0.0,0.0,0.0,0.0,2.692288739023285,0.0,0.0,0.0,0.0,5.453364195784349e-05,0.0,0.0,0.0,0.0,0.0,0.0,0.0,0.0,0.0,2.108635959106464,4.960074446152558,0.0,1.7082434930786272,0.0,0.0,0.0,2.822462935580975,1.5326503138648329,0.0,0.0,0.0,0.0,0.0,3.785324574547122,0.0,11.810839592764458,13.689718486162134,0.0
xalan-2.4,2.1988448193309418e-10,0.00479569677618516,0.0,8.477940948567575,0.0,8.980003889653673,48.189239768921226,0.0,0.0,0.0,55.30764689719583,0.0,0.0,0.0,77.2221827853528,0.0,0.0,0.0,0.0,0.0,0.0,0.0,0.0,0.0,0.0,0.0,0.0590461496263881,0.0,0.0,0.0,0.0,0.0,0.0,0.0,0.0,0.0,0.0,0.0,0.0,8.652448186083955,0.2709103526415323,0.0,0.0,0.0,0.0,0.0,0.0,0.0,0.0,0.0,0.0,0.0,0.0,2.1884236557763227e-10,0.0,0.0,0.0,0.0,8.303491713563524,0.0,0.0,0.0,0.0006197410435000118,0.0,0.0,0.0,4.112679128934666,1.301194693184602,0.0,0.0,4.2500801024390205,0.287068208799961,0.0,0.0,55.3062852946894,0.0,0.0,4.112679128934666,31.301201681818885,0.0,0.0,0.0006081202635909166,25.37641769894017,6.497698206712121e-07,0.0,0.0,0.0,9.343772791162692,0.0,4.584036544443943,0.05129510411571392,0.33483278767016733,0.0,0.0,0.0,0.0,0.0,4.112679128934666,0.0,10.612196161863672
xalan-2.5,0.0,0.0,0.0,0.0,0.0,0.0,0.0,0.0,0.005388162937032359,0.0,0.0,0.0,0.0,0.0,0.0,0.0,0.05128775072982822,5.915396382943916e-05,0.0,0.0,0.00017852881556484651,0.0,0.0,0.0,0.0054137570520581295,0.0,0.0,0.0,0.0,0.0,18.330232889248222,0.0,0.06400177734793083,0.0,0.0,0.0,0.0,0.0,0.051065431798351296,0.0,0.00022231893147692597,0.0,0.0,0.0,0.0,0.0,0.0,0.0,0.0,0.254351559944046,14.032348978066068,0.0,0.004237222069676921,0.0,0.0,0.005452536397816736,0.0,0.7836831318084541,0.00017595028398233073,0.8938099561984499,14.032348978066068,0.0,14.033080156616169,0.05128775072982822,0.0,0.0,0.0,0.0,0.0,0.0,0.0,3.662179180091023,0.005440239816811107,0.0,0.0,0.0,0.0,0.0,0.0,0.0,0.005527185701738029,0.0,0.0,0.2493979781486469,5.915396382943916e-05,0.0,0.0,0.0,0.0,0.0,0.0,0.0,0.7966194773580335,0.0,0.0,0.0,0.0,0.0,0.0,0.0
xalan-2.6,0.0,0.13230239231450247,0.0,0.1351911632969024,0.0,0.13230239231450247,0.014045447272479555,0.0,0.0,0.341774127902658,0.0,0.00019073644938394428,0.0,0.0,0.0,0.341774127902658,0.1321361220464831,0.0,0.0,0.0,0.17652386139318477,0.0,0.34496371644555107,0.1351911632969024,0.0,0.0,0.0,0.05258884030306821,8.104061212105771,2.4411323574993187,5.8183596444508805e-06,0.0,0.0042189584099248945,0.0,0.0,0.360283938685357,0.0,0.0,0.0,0.0,5.85904785971704e-06,0.0,0.0,0.0,0.01242933047113453,0.04603437022723597,3.6740733095727967,0.0010607480187798946,0.0,1.910860053602102e-07,0.004944729520012389,0.13230239231450247,0.0,0.0,0.0,0.0,0.0,0.0,0.0,5.8183596444508805e-06,0.1321361220464831,0.0,0.0,0.0,0.0,0.0,0.05319643084716849,12.03636761399322,0.0,0.0,0.0,8.104061212105771,0.0,0.16905017847566947,0.0,0.1704291081364273,0.0,0.17652386139318477,0.0,0.00019073644938394428,0.34918682918445276,0.0,0.0,0.3681700245419066,0.0,0.0,0.0,0.0,0.0,0.0,0.35568674406542067,0.0,0.0,0.013793167278480567,0.0,0.0,0.0,0.00018867545082738857,0.0,0.0
xalan-2.7,0.0,0.0,0.0,0.0,0.0,0.0,0.0,9.396239446961881e-07,0.0004787579532903514,0.6133273325059032,0.0,0.0,0.0,0.0,0.0,0.0,0.0004725503801513506,0.0,0.0,0.0,0.0,0.0,0.0,27.54506886079554,6.3720562580472695,0.0,0.0,0.0,0.0,0.0,0.0,0.0,0.04282797958914819,23.82727013988702,0.47238043451935186,0.0,0.042337080779623754,0.0,0.5297312461718047,0.0,0.0,0.0,27.54506886079554,0.0,0.0,0.6133273325059032,0.0,34.15314512713766,0.0,0.0,0.0,0.0,0.0,0.0,0.0,0.0,0.00046346379105825254,1.3454422069909334e-05,0.0,0.0,0.0,0.0,0.0,0.0,0.0,0.0,0.0,0.0,0.0,0.0,4.075593646135509e-06,28.3997862438045,0.0,23.77251303212303,0.0,0.0,0.0,0.0,0.4631411828163572,0.4631411828163572,0.00048041956841323114,0.0,0.0,1.3454422069909334e-05,0.0,0.5999260980636489,0.0,0.0004757502117088613,0.0,23.53148302082723,0.0,0.5957790627025759,0.042337080779623754,0.0,0.0,28.3997862438045,0.0,0.0,0.0,0.0
xerces-init,0.0,0.0,46.09347159461557,0.0,0.0,0.0,0.0,0.0,1.3491467535957583e-09,0.0,0.0,0.0,0.0,0.0,0.0,2.061401903264002e-10,0.0,0.0,0.27693540803476596,0.0,0.0,0.0,0.0,0.0,0.0,0.0,0.0,0.0,0.0,0.0,0.0,0.0,0.0,0.0,0.0,0.0,0.0,0.0,0.0,0.0,0.0,0.0,0.0,0.0,0.0,0.0,0.0,0.0,29.764456779744236,0.0,0.0,0.0,0.0,0.0,0.08598488832306206,0.0,0.0,0.0,28.51770622315063,0.0,0.0,0.0,0.0,0.0,29.67113426645439,1.2965755330510917e-09,0.0,28.519133029369122,0.0,0.0,0.0,0.0,0.0,0.0,0.0,0.0,0.0,0.0,0.0,0.0,0.08633523474659421,0.0,0.0,0.0,2.056594384363811e-10,0.2825159255558587,0.0,0.0,1.1070576678654167e-10,0.0,0.0,0.0,0.0,1.3491467535957583e-09,0.0,0.0,29.764456779744236,0.0,2.056594384363811e-10,29.764456779744236
xerces-1.2,0.0,0.0,29.142575401648124,2.2311799423268353,0.005211945278603025,0.0,0.0,0.0,0.0,0.0,0.0,0.0,0.0,0.0,16.918310947598094,0.0,0.16620519429177405,15.901323796043279,0.0,0.0,0.0008616338305823257,3.232050810309075,0.0,0.5917511825989096,0.0,0.0,0.05348314158610504,28.519319900969403,0.0,0.09327485765041105,0.0,0.0,0.0,0.001158886015080518,0.0,0.0,0.0,21.389339923097356,0.0,0.0,0.0,0.09329425061929908,0.02219910989974061,0.0,0.0,0.0,0.0,2.4686421821378746,0.0,0.0,0.0,0.19531505782212183,0.004638723879749989,0.0,0.0,0.0,0.0,0.0,0.03568869931698426,0.056497655828184445,0.0,0.0,0.0,0.0,0.0,0.0,0.0,3.5089715768330594,0.0,3.4879846045285463,0.0,0.0,0.0,0.0,0.0,0.0,24.772596721564526,0.0,17.87363468680223,0.0,0.0,0.0,0.0,2.969619961398111,0.0,0.0,0.05330607247593422,0.0,0.0,0.0,0.0,0.0,0.0,0.0,0.0,0.0,0.05334269168785501,0.0,0.053469154729967376,0.0
xerces-1.3,0.0,0.0,0.0,0.0,5.77253053518547e-05,2.0965490694425834e-06,0.0,0.0,0.6216518966731619,0.0,0.0,0.0,0.0,0.0,4.509407170667034e-05,0.0,0.0,2.8026883957892075,0.0,0.0,0.0,0.0,0.0,0.0,6.391567727477392e-05,0.0,0.0,0.0,0.6079960133083917,0.0,0.0,0.0,0.0029570805986912497,0.0,0.0,0.0029570805986912497,0.0,4.401287570414471e-05,0.0,0.0,0.0,0.0,0.0,0.0,0.0,0.0,0.0,0.0,0.0,0.0,0.0,0.0,0.6155562118652325,0.0,0.0,0.0,0.0,0.6311369168281921,0.0,0.0,0.0,0.00011659544101940951,0.0,0.0,0.0,0.0,0.0,0.0,2.05122477861421,0.004468138946297795,0.0,0.0,0.0,0.0,0.0,0.0,0.0,0.0,0.0,0.6085915074890427,0.6228516389328108,0.0029570805986912497,0.0,0.0,0.0,0.0,0.0,0.0,0.0,5.983456605142937e-08,0.0,4.509407170667034e-05,4.503423714061891e-05,0.0,0.00011659544101940951,3.945604552325942e-05,0.0,0.00948502015503011,1.3028946469701764e-06,0.0
xerces-1.4,0.1587824434333452,0.0,0.0,0.005762953583226177,4.6494128759344555e-05,0.0,0.00037252341878330603,0.004406351992212197,0.0,0.0,0.0,0.008195682229760595,0.0,0.0,0.1533857912695658,0.0,0.0,0.0,0.0,0.0,0.0,10.69360603497607,0.0,0.0,0.0,0.0,0.013565156567331576,0.0,0.0,0.0,0.0,0.013636098804199602,0.0,0.0,0.0,0.0,0.0,0.0,0.0015309172509474084,8.500794183321997,8.500794183321997,0.0,0.0,0.0,0.0,0.0,0.0,0.0,0.0,0.0,0.00011593575051241107,0.0,0.0,0.00037252341878330603,0.0,3.8882460773528438,0.0,0.0,9.916867022722998,0.014053808751328667,0.004525794359538364,0.0,0.0,0.0,0.0,0.0,0.0,0.0,0.14519010903980523,0.15566918362339255,0.0,0.0,0.0,0.0,0.0,0.013565156567331576,0.0,0.0,0.0,0.0,10.332260052770774,0.0,0.0,0.0,0.0,0.0,0.0,0.0,0.0,0.0,0.0,0.0,0.0,0.013590869389244219,0.0,0.0,0.0,0.0,0.0,0.0
