,0,1,2,3,4,5,6,7,8,9,10,11,12,13,14,15,16,17,18,19,20,21,22,23,24,25,26,27,28,29,30,31,32,33,34,35,36,37,38,39,40,41,42,43,44,45,46,47,48,49,50,51,52,53,54,55,56,57,58,59,60,61,62
0,-8.235243337602686,-10.845022469254376,-16.324816621446026,18.40826001689046,-4.692447632464379,-16.391371197756694,6.243091393988135,14.843478051684412,0.0,-16.12219413443208,0.0,-17.831032423650974,0.0,0.0,0.0,6.038739306124164,-12.050807242399504,4.510701528282657,-14.654812770048217,0.0,-18.913208104677466,-9.665870402912532,18.34149247961267,0.0,-13.116814735602402,12.893077968017586,-14.435540759690173,0.0,15.554867933280192,-14.085440034425515,0.0,0.0,0.0,0.0,-4.52929923119936,-5.1139434802702635,7.963088669561252,-13.529543455424783,-13.709634436502203,-6.425486611080346,-11.997263574100641,18.801561070809367,-5.521894964164437,-9.497299261076734,17.36088349434622,15.519640146061555,0.0,8.006123052000996,0.0,-7.62388011170264,9.609653954685411,-16.840444310998407,-8.457217225450913,0.0,-20.0,-18.89017586511538,8.323631782246192,6.595619738620011,-18.009039103834898,7.576193124596051,0.0,-4.841933847575053,4.282614356644821
1,-10.18315530131699,-5.54651137191567,-16.27986106493679,14.208759428479926,-4.366410200266445,-16.391562178933782,6.305658653493104,15.322720296427963,0.0,-16.122585236891062,0.0,-17.80007725395638,0.0,0.0,0.0,5.471138194383814,-12.758622429043491,4.767600040021246,-17.68500266469105,0.0,-18.927647587098768,-11.331112909251459,19.684870787820117,0.0,-15.44725745725724,-9.155631828645088,-13.849114170639549,0.0,15.582446828717629,-14.08723388495875,0.0,0.0,0.0,-4.051464060244374,-4.625110970225812,-5.111648664699504,7.962047189501592,-13.546568460479875,-14.480561092228157,-5.458552178065947,-11.99712392963383,18.762072873768957,-5.486754542887873,-9.482934572595072,17.293839012041303,15.840850336443545,0.0,12.918261747805854,0.0,-7.805590210641626,9.296364817060935,-17.287288540621578,-8.42440397333047,0.0,0.0,-16.715568152037577,8.676242813760956,0.0,-18.069930860514887,7.9500908103525125,0.0,-5.132405875509185,4.287318040986622
2,0.0,7.542062927434973,-16.318789661414737,18.161471766635458,0.0,-16.435385542086674,19.815815645052698,17.391791870555593,0.0,-16.0992914393695,0.0,-17.880837065213434,0.0,0.0,0.0,5.450151731920478,-12.562951807455047,4.790329705718198,-18.42229545673614,0.0,-18.62793986640441,-17.519082071534736,0.0,0.0,-12.492710104477368,13.223057215620774,-19.524848935515138,0.0,15.58809273530958,-14.158061377353864,0.0,-6.815619600370982,0.0,0.0,-8.816071655088042,-5.482327386470211,18.33160662355705,15.821019517295667,-14.438703872036893,-4.786581007110103,-12.166029249718662,18.76196129623419,-5.496984748432839,-8.603468726959301,17.56931326579423,-15.796962923530202,0.0,12.570226944378229,0.0,-7.673714767820325,7.9705132934793355,-19.219259092049874,-9.328751172170998,0.0,-15.98837949631651,-17.839985371617033,7.801967224343225,5.9256904163847,-18.15002214735436,7.404800845030591,0.0,0.0,4.2211120041277015
3,-10.206960571994793,-5.546539380198111,-16.324182767682295,-17.230299519536967,-4.699435456984904,-16.697881428237448,18.743181173468727,17.481847731623308,5.80681608843685,-15.97045508525476,0.0,-19.695786494473506,0.0,0.0,0.0,5.4513493621174405,-12.52510715039729,4.517345590899223,-18.536833532639974,0.0,-18.918198369374586,-10.788537486254306,0.0,0.0,-15.444235034860125,12.89859483327756,-13.808272478632306,0.0,16.273143809801663,-13.989295796871644,0.0,-6.713774149289425,0.0,0.0,-8.883580189854563,-5.113919503934943,7.845068713935624,-16.03599435511163,-14.477416247316507,-5.73536278220333,-12.085346322362398,18.801560771773893,-5.204493823434965,-9.425490929895076,14.790107972442698,-17.487443278297135,0.0,19.173234388192938,0.0,-7.80559339880057,7.979127775580853,-17.45443840712489,-8.378202609255919,0.0,0.0,-18.048782912619544,8.311547507219332,11.575445747228827,-18.070163323642458,7.410136678179564,0.0,-5.150067060315772,4.286231687543562
4,0.0,-5.6477234521233015,-16.378440455754824,16.56506942776563,-4.69579492111707,-17.695290106655627,17.789696120966795,10.960734223507828,0.0,-16.486045483108487,0.0,-17.846445168343415,0.0,0.0,-19.116307958963944,5.4410840076612725,-12.522641837885992,4.790502438838662,-14.538830872200904,0.0,-18.912899398433968,-18.26826833919997,0.0,0.0,-15.341752662759117,12.904420676141802,-13.819263960815002,0.0,16.29058636066425,-14.121373169426338,0.0,-6.713924449398642,0.0,0.0,-5.318355412159727,-5.43815727671262,8.009763261784835,-12.731666357587972,-14.4575455774118,-5.434134935067812,-11.915461430199427,18.803294873223464,-5.495738959209582,-8.59777692561206,15.175971613562833,-19.9894121905093,0.0,18.9675206468592,0.0,-7.8123008386,7.996951169804458,-17.50436632195641,-8.455881940875415,0.0,-19.04975265310214,-19.39558248769106,8.715862582331656,11.002278501387641,-18.065340556832794,14.008879582286838,0.0,-4.8358132194728585,4.275150780919527
5,-10.259608487932388,-5.488842635680712,-16.376151874441923,-17.25575737867646,0.0,-16.69442701581493,6.071304338178738,16.09473148706728,0.0,-16.112931860488345,0.0,-17.843148976526614,0.0,0.0,0.0,6.031099464935231,-12.52510715039729,4.517229690706024,-18.577794283176914,0.0,-18.918198369374586,-9.656595305017447,0.0,0.0,-15.35937444198462,13.982046323216238,-13.808272478632304,0.0,-12.937713938423808,-13.991821117468962,0.0,-6.619668219182821,0.0,0.0,-8.88472581231943,-5.154889008544808,18.626169065252444,-15.087113126118334,-14.476062206234284,-5.729504149418339,-12.094541442965545,18.768427297142328,-5.33353456653931,-8.581936477015887,14.907494833103522,-17.519868266486462,0.0,9.123116717942253,11.792071933705671,-7.662613332324281,7.171397592107567,-17.46303003731616,-8.379087797366545,0.0,0.0,-15.798512323503912,7.732771957506382,11.521128888456552,16.90104281471661,14.299898172805454,0.0,-4.858292266908045,4.288256354268382
6,-10.516312304451958,-5.6477234521233015,-16.324548854737124,16.56506942776563,-4.69579492111707,-17.695290106655627,17.789696120966795,14.783051644183999,0.0,-16.113202413583924,0.0,-17.846426021583888,0.0,0.0,-19.116307958963944,5.4410840076612725,-12.766644609683174,4.777258697766037,-14.631258345965893,0.0,-18.912899398433964,-9.633926717712104,0.0,0.0,-15.341418783246322,13.332345205571011,-13.819263960815,0.0,16.29058636066425,-14.121488259797506,0.0,-6.747447999443924,0.0,0.0,-5.318355412159727,-5.43815727671262,8.018173115907024,-12.732421699542384,-14.4575455774118,-5.434134935067812,-11.915461430199425,18.803294873223464,-5.495738959209582,-8.59777692561206,15.175971613562833,-20.0,0.0,18.9675206468592,0.0,-7.815191463624281,8.594742926976668,-17.50436632195641,-8.456441083956307,0.0,-19.04975265310214,-16.63846053871115,8.715862582331656,10.9477852337997,-18.065340556832794,14.008879582286838,0.0,-4.8358132194728585,4.296032457929856
7,-5.335008825517557,-5.5591188760916435,-16.411846614209303,-18.539825521038168,-4.707074556306652,-17.07883588293983,6.335013103270299,14.810882245266422,0.0,-16.191862532547177,0.0,-17.796363754648894,0.0,0.0,16.60027404549649,5.44116118540957,-12.755193827526732,4.898195632667077,-18.25432409939657,0.0,-18.340219769611494,-9.490820900199441,18.34087152870618,0.0,-15.318667808191872,12.810235173443338,-14.725010483994037,0.0,14.287411474546534,-14.045167923087545,0.0,0.0,0.0,-4.01482960983463,-8.783250574237915,-5.441868222536359,8.312939993956206,-13.545189752085712,-14.463052664097141,-5.766855322845553,-11.890005932451473,18.7649097717022,-5.454404045843118,-8.247191241973479,-10.508545447705435,-16.652992548951936,0.0,8.68167886905232,0.0,-7.928919249352164,-15.055487688889887,-16.370759517040696,-8.388204023862361,0.0,0.0,-16.76120646716315,8.781449035385755,6.656340515720638,-17.256513568041562,7.663740043280752,0.0,-4.836445424332513,4.289684379427607
8,-8.178708117197843,-5.138690437142905,-15.366040515501057,-19.671913622521085,-4.707208918340157,-17.112424738304092,6.337015750614002,14.273158349023866,0.0,-16.189195099581156,0.0,-17.853411291819803,0.0,0.0,16.605089569622475,5.44116118540957,-12.755261361232838,4.784891721742914,-17.115147021124685,0.0,-18.914210510746567,-9.603616578304354,18.34087152870618,0.0,-15.314469966935103,13.325732956834308,-14.727112240760318,0.0,14.289015655949083,-14.077624008023065,0.0,0.0,0.0,-4.067445913925839,-8.783992742430936,-5.441868222536359,8.323913850694284,-13.545189752085717,-14.040461574619387,-5.764432107935637,-11.88994416309215,18.76233518373496,-5.454404045843118,-8.247191241973479,-10.508335867432084,17.46818952317347,0.0,8.681774017141489,0.0,-7.934853588848363,-15.049790346483793,-16.46295430268811,-8.388204023862361,0.0,0.0,-16.76024167474205,8.655953066180007,6.469527165140832,-18.043310711247265,7.706696259493164,7.145065944396156,-4.841326983349621,4.926817557391271
9,0.0,-4.962895689161321,-15.116937461051823,-18.629321159742773,-6.936985367186079,-17.105193649451554,0.0,0.0,0.0,-15.387166682743015,0.0,-18.658290379218194,0.0,0.0,15.662804484994318,6.6742106613896155,0.0,8.184319749580085,-18.255307679929032,0.0,-18.574674379426135,-10.525122286401654,0.0,-4.12243368466542,-14.934435233964052,12.054714216908195,-11.721728756381466,-20.0,-12.167981593851689,0.0,5.36108187189819,-10.71759005149422,-14.93941708588196,-4.255270354647168,-5.308528499502305,-13.532441880133206,8.319597047170031,8.421469316771447,-13.47622828074957,-5.737966282309418,-11.727784764422537,8.4357335913686,-9.804612617963215,-8.329938498145037,-19.307580484158635,15.835217077434677,-17.04496703097277,11.679201025811258,16.659160122321545,14.474661870460846,8.154965108970778,6.256426263791422,-8.251978278719971,20.0,-17.225390339032465,18.943766032369012,0.0,16.99474535289952,15.924277492193282,6.471014596690336,0.0,-5.273317157379118,0.0
10,0.0,-4.962895689161321,-15.116937461051823,-17.201850955660348,-6.936985367186079,-17.119189894737456,5.974932699707459,16.09359909636959,0.0,-15.387166682743015,0.0,-18.658290379218194,0.0,0.0,16.226954925748206,6.6742106613896155,0.0,8.267032064686699,-18.232439648656683,0.0,-18.916896687185382,-10.525122286401654,0.0,0.0,-15.360218068544334,13.998462144516207,-11.721728756381466,-20.0,-12.14371880290661,0.0,0.0,-10.71759005149422,-15.245619681152858,-4.255270354647168,-5.308528499502305,-13.838037691816965,7.84238477302053,8.421469316771447,-13.47622828074957,-5.737966282309417,-12.075998240477498,8.4357335913686,-5.359482481237923,-8.329938498145037,-19.40047633641622,15.835217077434677,-17.367674702692348,11.738992048591651,16.659160122321545,0.0,8.154965108970778,-17.165011362765824,-8.248397577912211,19.995853003963067,-17.225390339032465,20.0,0.0,16.99474535289952,15.924277492193283,6.491915142827963,0.0,-4.853148803860252,0.0
11,0.0,7.208596596594438,-15.437121835799362,15.215863189458458,0.0,-16.435385542086674,6.379405535002451,17.391791870555593,0.0,-16.099292844241546,0.0,-17.880837065213434,0.0,0.0,0.0,5.444077526078496,-12.562951807455047,4.790329705718198,-18.199715566526915,0.0,-18.917645620351017,-17.502088549766036,0.0,0.0,-12.39435389665475,13.997706705250291,-19.524848935515138,0.0,-12.389685177986957,-14.158061377353864,0.0,-6.812785186957383,0.0,4.550791496877483,-8.816071655088042,-5.482327386470212,18.33160662355705,15.821019517295667,-14.438703872036893,-4.75943275932608,-12.163765197698323,18.76196129623419,-5.496984748432839,-8.6034687269593,17.60124272506426,-15.796962923530202,0.0,12.57022694437823,12.111781217250336,-7.673714767820325,8.023912584960488,-19.219259092049874,-9.355494054998983,0.0,-15.98837949631651,-17.839985371617033,7.800274874933135,5.744974530214043,-18.150022147354356,13.95792367435613,0.0,0.0,4.2824048763689095
12,-10.317959922626711,-5.4451021453761195,-16.3373907938545,-17.230299519536963,0.0,-16.69442701581493,18.715359603467014,16.088955844471734,5.705503701537596,-16.10059558867979,0.0,-19.733352385900986,0.0,0.0,-18.911372134460255,5.450712701605607,-12.502668430652049,4.510648956716819,-17.457627958176786,0.0,-18.918198369374586,-9.745645956452666,0.0,0.0,-9.916582312550174,12.89859483327756,-13.78221313617432,0.0,-12.829670082248668,-13.170182589662678,0.0,-6.675334238895143,0.0,0.0,-9.132122044468655,-5.107909574078927,19.18638856882469,-13.693212158653191,-13.720715654121676,-4.658691184579576,-8.29375664807495,18.751514585371062,-5.412974028573166,-8.312263441540686,17.36680792397486,13.86862276922685,0.0,12.557247027260303,0.0,-7.791285266930686,7.6855994356857416,-17.46303003731616,-8.455953978776336,0.0,-16.981772535190018,-15.408394256742415,7.737331432805906,11.578435417151242,14.76996152080778,7.410136678179565,0.0,-5.150067060315772,4.28623112199252
13,-10.259797278111948,-5.746242481597836,-15.588289584940139,-17.941246026874595,-4.699435456984904,-16.705901208820656,7.8265000874591495,16.72353990118443,0.0,-15.877550891831554,0.0,-19.595419487935672,0.0,0.0,0.0,5.451024069048388,-12.991907743756606,4.5125605979179575,-14.60598450797227,0.0,-18.918175284946173,-18.322305578541638,-4.788599433548953,0.0,-15.322601625033693,12.904771422782133,-14.401750582263016,0.0,16.23471697381941,-13.960531190370062,0.0,-6.735222314988146,0.0,0.0,-8.883580189854563,-5.101140988306358,8.058847813590823,-15.226995711063584,-14.44376376189627,-5.822526126853278,-12.085346322362398,18.802919404316377,-5.205316659249268,-9.425490929895073,15.14594056442533,-19.875244744930864,0.0,19.173234388192938,0.0,-7.7008187107416814,12.66177869610111,-17.44181406941493,-8.378202609255919,0.0,0.0,-19.038789554157205,8.707643752566884,6.021401800438813,-18.32011154257997,13.917677448241232,0.0,-5.150707821689794,4.289790850009862
14,-10.373826917670396,-9.962127741671921,-16.32193845150335,-19.647339860395476,-4.715935409163849,-13.702526142881355,6.338213590747549,15.299089156351272,0.0,-16.121709527741174,0.0,-17.8512593235145,0.0,0.0,16.599774391013803,5.441162631145726,-12.755251129926855,4.493942170809028,-18.5569388035288,0.0,-18.914977428504358,-9.687527646579406,18.336178394220937,0.0,-15.313953099493277,13.32773321339692,-18.768819138430864,0.0,14.288662824973267,-14.085322603756744,0.0,0.0,0.0,-3.983568795602274,-8.91240519605781,-5.421843791835871,8.316865057989915,-13.544663216192593,-14.78195443846142,-6.428407191714667,-11.88991582771209,18.765707249938743,0.0,-8.217593093738897,-11.00758667568599,18.320880133140868,0.0,8.33976941343202,0.0,-7.9166412384880545,-14.983807708904735,-18.531194097505683,-8.424658369628471,0.0,0.0,-16.724711067526073,8.661126476276692,6.327417220300536,-19.21991267728343,7.93656630082647,0.0,-4.827458857568315,4.298125368323856
15,-10.266015594344903,-5.488842635680712,-15.418220227140221,15.202597672709516,0.0,-16.78627582920348,6.2226894602944895,16.334474153795284,0.0,-16.101958258922956,0.0,-17.843148976526614,0.0,0.0,-19.027919380188543,5.4442493805232886,-12.515705202811391,4.805954002379103,-18.201283379882646,0.0,-18.918295252714277,-18.079182504543105,-4.5846927785206395,0.0,-15.35937444198462,13.982046323216238,-13.806675472049404,0.0,-13.233043301459706,-13.991821117468962,0.0,-6.627176918394872,0.0,4.586508868510435,-8.882699132087547,-5.450248390749641,8.447902044659237,-15.83570257814566,-14.476062206234285,-4.759498670186394,-12.094541442965546,18.694632297811616,-4.549905239104675,-8.581936477015887,14.371989406766271,-17.512626288214634,0.0,8.358206156536635,11.999404462441786,-7.662613332324281,7.416429578667425,-17.058252927136106,-8.387393315231451,0.0,0.0,-16.770464662161892,7.717669962610439,5.732790900733189,16.90104281471661,13.98056715786975,0.0,-4.841187235696782,4.2863345279218645
16,-10.206960571994792,-5.344270146187955,-15.58828958494014,-17.17473127799154,-4.699435456984904,-16.699433048878266,18.72153424849559,17.481847731623308,0.0,-16.12001390227941,0.0,-19.628547447462182,0.0,0.0,0.0,5.447071014820923,-12.496199995854042,4.5125605979179575,-18.543859523343166,0.0,-18.91815923839026,-18.322305578541638,0.0,0.0,-15.322259524716834,13.402250940684088,-14.722945569965903,0.0,16.3433596999264,-13.98643593529443,0.0,-6.803982090088631,0.0,0.0,-8.88331473697071,-5.436670812573397,8.348385015225617,-9.239500599577887,-14.477416247316505,-5.736444808121273,-11.894552789113236,18.801560771773893,-5.205316659249268,-9.439968777584296,-10.72750270366675,-17.487443278297132,0.0,19.173234388192938,0.0,-7.7995764759713175,7.979127775580855,-17.45443840712489,-8.377862541630844,0.0,0.0,-18.048782912619544,8.711276123378433,11.520256601357154,-18.070095457352235,7.672958167384614,0.0,-4.851907947076497,4.286231687543562
17,-10.196670866073532,-5.647723452123302,-16.378440455754824,16.56506942776563,-4.69579492111707,-17.695290106655627,17.789696120966795,10.89022479632359,0.0,-16.509428084260946,0.0,-17.846445168343415,0.0,0.0,-19.387289697194458,5.441084007661273,-12.522641837885992,4.790445191302093,-14.538830872200904,0.0,-18.91816957541176,-18.324295031026026,0.0,0.0,-15.337538424289939,12.888389266638077,-13.620607695927372,0.0,16.24521526710132,-14.121373169426338,0.0,-6.713924449398642,0.0,0.0,-5.318355412159727,-5.44425550368279,8.106617310054247,-12.731666357587972,-14.47556520390252,-5.732156005605477,-12.084712652310417,18.803294873223464,-5.509091935906736,-8.59186297894967,15.175971613562833,-19.9894121905093,0.0,18.9675206468592,0.0,-7.804428750678072,7.97381466718499,-17.45935542724285,-8.464944821285126,0.0,-19.04975265310214,-19.395582487691062,8.711123213661699,0.0,-18.064224519491137,14.008879582286838,0.0,-4.83695558113997,4.293914213955191
18,-10.231411136052111,-10.845022469254376,-16.324958445979956,18.40826001689046,-4.992666539165752,-16.39137119775669,6.243091393988134,14.84347805168441,0.0,-16.122186045921868,0.0,-17.831032423650974,0.0,0.0,0.0,5.4545650069078455,-12.050807242399504,4.517398162465062,-14.680402782465071,0.0,-18.913208104677466,-10.214293200106017,18.34149247961267,0.0,-13.1168147356024,12.893077968017586,-14.461600102148157,0.0,15.446824077105049,-13.992450336200461,0.0,0.0,0.0,0.0,-4.52929923119936,-5.1139434802702635,7.964580296559116,-15.852425039659334,-14.466367007138695,-6.425486611080347,-11.99726357410064,18.804786772195673,-5.521742335914166,-9.444187940293158,14.784183542814056,-15.83642590146243,0.0,8.019629833099946,0.0,-7.6327345502289194,9.627136971747916,-16.840444310998407,-8.379465855930496,0.0,-19.474067005747642,-18.868994815325227,8.323631782246192,6.59561973862001,-18.009039103834898,7.576193124596051,0.0,-4.841933847575053,4.282614922195863
19,-11.122644931253753,-5.49216103894588,-16.451251597968835,-17.260417216395943,-4.698939431499091,-19.908632539228797,5.909074698644054,17.4778916397855,6.62470631630845,-15.10996635897622,0.0,-17.797410586569736,0.0,0.0,-19.038811737207865,5.471674370741496,-12.046456817530384,4.795309582944643,-19.26946598498546,0.0,-18.917452245800284,-9.49285820385261,-4.784211781390693,0.0,-15.610966722397844,12.716730279954268,-13.780041884618125,0.0,16.653796028430474,-14.368551751497936,0.0,-6.667616914670454,0.0,0.0,-8.8700351353107,-4.671562718179656,7.175289290368196,-13.554991054569825,-14.470441600564008,-5.504996257779158,-11.588992941062372,18.63267296535916,-9.611757661730806,-9.423142522793519,15.121342758053395,14.507527816169727,0.0,19.176340248610725,0.0,-7.660532938374571,7.132311942851737,-17.283482928180756,-8.378221861933426,0.0,0.0,-14.13419088514564,8.334685532029322,6.846437031082352,-18.069846980446293,14.292517666206162,0.0,-4.861096870238407,4.28173771557206
20,-10.504402430447186,-5.569349433268703,-16.324548854737124,16.57212385488338,-4.708448266792231,-17.645435169834908,7.7423273003456545,14.783051644184,0.0,-16.11312617399415,0.0,-19.639698334546758,0.0,0.0,-19.116307958963944,5.4410840076612725,-12.766644609683173,4.77573320138067,-18.30983281046295,0.0,-18.912899398433964,-9.633926717712104,0.0,0.0,-14.843425363829093,13.332345205571013,-13.819263960815,0.0,16.29058636066425,-14.121488259797506,0.0,-6.747447999443924,0.0,0.0,-8.847039354664199,-5.438157276712621,8.018173115907024,-12.732421699542384,-14.474062783852137,-5.4456928134985105,-11.910855457179316,18.803294873223464,-5.495738959209582,-8.574185663632475,15.173291707175505,-19.923368185587538,0.0,18.779131244282016,0.0,-7.815191463624281,8.594742926976668,-17.50436632195641,-8.380335257557373,0.0,-19.04975265310214,-18.946307340344074,8.715862582331656,10.9477852337997,-18.06627289642101,13.858845486813753,0.0,-4.832068646688522,4.287954358257661
21,-10.231411136052113,-10.948201218169059,-16.373963852978825,18.400836832369478,-4.5437560139161155,-17.102234988409514,6.085312084250175,14.859127889697623,0.0,-16.12218604592187,0.0,-17.82914098877206,0.0,0.0,0.0,5.441372293814437,-12.046888304574315,4.109586227185276,-14.732818647439396,0.0,-18.914946892385053,-9.65614495517851,18.093369629831088,0.0,-15.322036692105844,12.90838470079948,-13.849546732346028,0.0,14.658893086006511,-13.992176340985528,0.0,0.0,0.0,-3.986275348745007,-8.88374013888012,-5.113928150364107,7.966357959184929,-13.517771293071537,-14.466272756657666,-6.425486611080347,-11.99726357410064,18.80403253736275,-5.52223243625782,-9.444187940293158,14.784183542814056,-15.815565969338124,0.0,8.019629833099948,0.0,-7.7973261906274045,9.014322400752178,-16.843480120713323,-8.379465855930494,0.0,0.0,-18.907979852220624,8.334858332302176,6.595619738620009,-17.896587830187258,7.4946952785083365,0.0,-4.847969629358832,4.287817478469605
22,-9.972605854645654,-5.546539380198112,-16.376151874441923,-18.587941321041484,-4.5725863166971825,-17.110895786676824,6.073608838928436,16.666317435470816,0.0,-16.112780080468823,0.0,-17.85047720544612,0.0,0.0,0.0,6.031099464935231,-12.761506510952112,4.517229690706024,-18.577794283176914,0.0,-18.918198369374586,-9.656595305017447,0.0,0.0,-15.359752103141906,13.982046323216238,-13.808272478632304,0.0,-13.163009246756271,-13.991821117468962,0.0,-7.10859387290019,0.0,0.0,-8.88472581231943,-5.113919503934943,7.845098482329462,-15.054262222694337,-14.783166883704185,-5.771202464452083,-11.8867806462457,18.76490180635933,-5.487483922199653,-8.265148567884644,-11.176751217948414,-17.487443278297135,0.0,9.123116717942253,0.0,-7.7996929505225365,7.171397592107567,-16.473696488554527,-8.379087797366545,0.0,0.0,-15.805826467102719,8.686350584642614,6.480705536201848,15.201242386394135,7.410136678179564,0.0,-4.847816490331182,4.288192751211325
23,0.0,-4.962895689161321,-15.116937461051823,-18.629321159742773,-6.92776166241919,-16.704622606686108,6.26275783794183,0.0,0.0,-15.387166682743015,0.0,-18.658290379218194,0.0,0.0,15.662804484994318,6.67928944894529,0.0,4.422152574503064,-18.255307679929032,0.0,-18.924284774890307,-9.757516991011627,0.0,-4.12243368466542,-14.934435233964052,12.054714216908195,-11.783393125459627,-20.0,-11.761355446948329,-14.384919489111391,5.36108187189819,-10.512819361205805,-14.93941708588196,-4.255270354647168,-5.308528499502305,-13.445464347143732,8.319597047170031,8.421469316771447,-13.484047589921627,-5.737835892536743,-11.90425129432123,8.440768108496915,-9.804612617963215,-8.329938498145037,20.0,12.467038509976891,0.0,11.679201025811256,16.659160122321545,14.676611717615339,7.220720944083701,6.0246000818100365,-8.251978278719971,20.0,-19.933707194452737,18.943766032369012,0.0,16.99474535289952,16.357662211007753,8.2012830656229,0.0,-5.280489535447538,0.0
24,-10.248688363262723,-10.845022469254376,-16.32347478585694,18.40826001689046,-4.996105636826405,-16.391363831137202,5.742919039898789,14.84347805168441,0.0,-15.983318296969692,0.0,-17.831032423650974,0.0,0.0,0.0,6.0224542154352685,-12.050807242399504,4.517398162465062,-14.680402782465073,0.0,-18.913208104677466,-9.693778366483944,18.34149247961267,0.0,-13.1168147356024,12.893077968017586,-14.461600102148157,0.0,15.446824077105049,-14.085569974329252,0.0,0.0,0.0,0.0,-4.1719690280518025,-5.1139434802702635,7.964580296559116,-15.850207602407819,-14.4659530768453,-6.425486611080347,-11.913157006190115,18.804786772195676,-5.298791336924408,-9.492205442048515,14.784183542814056,-15.786416117567802,0.0,8.019629833099948,0.0,-7.6958657431506925,9.55914472979647,-16.840444310998407,-8.376796896383986,0.0,-19.474067005747642,-18.86899481532523,8.313581576712863,6.595619738620009,-18.009039103834894,7.576193124596051,0.0,-4.841933847575053,4.282594178168512
25,-10.206960571994793,-5.546553783369993,-16.32419276024102,17.014431875569223,-4.69244257940556,-16.69788142823745,5.7618313080458945,17.481847731623304,6.010804912696498,-16.125245293287918,0.0,-17.82224969142566,0.0,0.0,0.0,6.0060875139617265,-12.02189709715098,4.421942334496373,-18.295746770756146,0.0,-18.918153185666167,-9.734974108555996,0.0,0.0,-15.329583948774665,12.898476934644838,-13.808211450886827,0.0,16.273143809801663,-13.987934226696062,0.0,-6.713774149289425,0.0,0.0,-8.883629203968193,-5.113919503934943,7.784888077188441,-13.971570642541483,-14.477416247316505,-5.733736712773897,-11.897813156083005,18.801560771773893,-5.1952954617386515,-9.496928672694779,17.9299374033696,-15.581186153168554,0.0,19.17365108345481,0.0,-7.624842554471841,8.647476566627272,-10.990404424645023,-8.378202609255919,0.0,-20.0,-18.91362738622904,8.336263663808793,6.824526517626726,-18.07016332364246,8.113870135853976,0.0,-4.84181803246185,4.286231687543562
26,-8.31277895727358,-10.749571087830327,-16.31369037891171,-19.940344909513,-4.692447632464379,-16.389287943024854,5.7510205024038985,14.775861959080107,0.0,-16.11581667571847,0.0,-17.830595148448754,0.0,0.0,0.0,5.417702124830366,-12.050793442333955,4.510701528282656,-18.588923922137997,0.0,-18.918099074320466,-9.666083709966369,19.34911703402775,0.0,-15.327376430564364,12.893077968017586,-14.435540759690173,0.0,15.551475995808008,-14.08534142228198,0.0,0.0,0.0,4.259512151681575,-4.171112210473458,-5.453016010336979,8.316788466638371,-15.89476138165084,-14.446855508095918,-6.421630272342092,-11.91192748306193,18.766690108650845,-4.521471541483818,-9.492221873397598,17.36088349434622,15.519640146061555,0.0,20.0,0.0,-7.700712180801316,9.55960690569061,-17.442349072300107,-8.459785092442726,0.0,-20.0,-16.783804980894498,8.666622270467094,6.615854029202094,-16.398101725859668,7.676455987152899,0.0,-4.841901628314163,4.282594088594003
27,-11.111910308739635,-5.4928370541546485,-16.451251597968838,-18.4573390881459,-4.698611929873466,-16.74701334618465,5.993119267800879,16.167392623587535,0.0,-15.10996635897622,0.0,-17.797219179334643,0.0,0.0,-19.038811737207865,5.471674370741496,-12.760796924123909,4.795309582944643,-19.26946598498546,0.0,-18.917452245800284,-9.59107360074491,-4.778090724883961,0.0,-9.616570592539157,12.721843117401775,-13.77236845651865,0.0,16.220485900051976,-14.368551751497934,0.0,-6.667616914670454,0.0,0.0,-8.8700351353107,-4.673441155009632,7.175289290368196,-13.556595258815188,-14.4663568622347,-5.504996257779158,-12.002589255232007,18.638330691329394,-9.611757661730804,-8.326973480765728,15.121342758053396,14.507527816169729,0.0,19.03713344658354,11.684618577165683,-7.660532938374572,7.132311942851736,-18.49878745780609,-8.378221861933426,0.0,0.0,-14.134190885145642,8.334828256745208,6.141540436426329,-18.02026067132668,14.29251766620616,0.0,-4.861096870238407,4.289455998925265
28,-10.373826917670398,-9.962127741671921,-16.32193845150335,-19.647339860395476,-4.715705302313999,-17.040874310057742,6.3358992628085335,14.748652512971159,0.0,-16.121709527741174,0.0,-17.8512593235145,0.0,0.0,16.599774391013803,5.441162631145726,-12.755251129926853,4.493942170809028,-18.556938803528798,0.0,-18.914977428504358,-9.687550588559604,18.336178394220937,0.0,-15.314251800484946,13.327734066493429,-18.768819138430864,0.0,14.288671484218916,-14.085228144189097,0.0,0.0,0.0,-3.983568795602274,-8.911956141542055,-5.42184379183587,8.316865057989915,-13.544663216192593,-14.781954438461424,-6.428407191714667,-11.89029412910335,18.76570724993874,0.0,-8.217593093738897,-11.00758667568599,18.320880133140868,0.0,8.690100569320542,0.0,-7.9166412384880545,-14.983783527259698,-16.47916798948051,-8.424658369628471,0.0,0.0,-16.724711067526073,8.66112647627669,6.327417220300536,-19.21991267728343,7.93656630082647,0.0,-4.827458857568316,4.298125368323856
29,-10.376105493509646,-9.962127741671921,-16.31962268790315,-19.647339860395476,-4.7159354091638495,-17.10022093216138,6.339375093813519,15.299089156351272,0.0,-16.121709527741174,0.0,-17.850508950498632,0.0,0.0,16.599774391013803,5.441162631145726,-12.755251129926855,4.493942170809028,-18.5569388035288,0.0,-18.914977428504358,-9.687950414840797,18.33617032609741,0.0,-15.313953099493279,13.392656800980479,-18.768966139905938,0.0,14.288647194976251,-14.085403798245515,0.0,0.0,0.0,-3.983568795602274,-8.913144813278961,-5.421843791835871,8.316865057989915,-13.544663216192593,-14.786552607879239,-5.765426545508904,-11.88991674833055,18.765707501645863,0.0,-8.217593093738895,-11.007586675685992,18.320880133140868,0.0,8.337815638868303,0.0,-7.9166412384880545,-14.983811789848694,-18.535052440220035,-8.424658369628471,0.0,0.0,-16.72531648484158,8.661126476276692,6.327417220300536,-19.24229383401374,7.93656630082647,0.0,-4.840579555845028,4.29812932701427
30,-5.312332346057668,-9.962127741671921,-16.413583091030183,-18.577673643706706,-4.707104870608704,-17.112424738304092,6.336510547920537,16.659522746573515,0.0,-16.19311722733412,0.0,-17.847137931155487,0.0,0.0,16.599417171606355,5.441162631145726,-12.755274539487822,4.882521340589813,-18.28214428474954,0.0,-18.914977428504358,-9.652003785309585,18.340862595381832,0.0,-15.314200186289344,12.814455479644835,-18.747280671155814,0.0,14.288652028093178,-14.077829625311711,0.0,0.0,0.0,-3.976989886823157,-8.783288871555408,-5.44184287567484,8.32408581662062,-13.544639754356496,-14.466274319548752,-5.764439038276227,-11.889932928024521,18.76576465818446,-4.5335724413231535,-8.247191241973479,-10.516475466611801,14.273881643958646,0.0,8.68167886905232,0.0,-7.916654373733312,-15.055660437305745,-18.97187527783727,-8.388226675875165,0.0,0.0,-16.72532620594204,8.658020444325544,6.327417220300536,-19.251562179040885,7.674817045599607,0.0,-4.836468701610879,4.298129331393724
31,0.0,-5.538760745987586,-16.363992758504985,-19.867508869200705,-4.6967582315372525,-16.37125663632127,6.316553423677819,16.613832594480858,6.172813628787811,-16.119186123377055,0.0,-19.69753009267567,0.0,0.0,0.0,5.960847811264001,-12.502334608054227,4.799561745993008,-18.535596652613712,0.0,-18.913588747152907,-11.263985499864116,19.334916239015783,0.0,-15.441477320914249,12.650675660122776,-14.128821827246577,0.0,15.5509730998529,-13.81074381607064,0.0,0.0,0.0,-4.112501670567165,-4.1527358653994515,-5.47921649166768,8.007084391738504,-13.28912122101057,-14.44594642779509,-6.069534854829675,-11.918378305345449,18.781940274494836,-5.297670552906165,-8.24420206189824,14.790220521918215,-16.68272930770638,0.0,19.04804239742998,0.0,-7.688500454256124,8.231064586868275,-17.421061921753108,-8.389420928011724,0.0,0.0,-16.114010953259978,8.313875077023122,6.329366545425907,-18.053822109393177,7.683740723788898,0.0,-4.841391409518156,4.272407444349223
32,-10.465495840763229,-5.1712895158550545,-15.367172932213244,-18.554180430440038,-4.737398224019667,-17.109899530818446,6.288785179532146,16.657752275500982,0.0,-16.185734185195166,0.0,-17.800673165002863,0.0,0.0,16.60149875798515,5.435668398820029,-12.022914880522471,4.810943578985844,-18.552511475564835,0.0,-18.943323684598695,-9.762496662939576,18.27671640707829,0.0,-15.318429520659773,13.33032441099588,-14.78908303527017,0.0,14.289015326035585,-14.161730878442361,0.0,0.0,0.0,-4.659383712627808,-8.78775753452876,-5.441869291723087,8.317302681911677,-13.544656353700153,-14.78922287133815,-5.764394122891314,-11.889931045742141,18.763936876504136,-4.598738142489601,-8.217439465285874,-11.010295012694055,-15.331642109436082,0.0,8.681867851632884,0.0,-7.916544019385803,-15.049825961103325,-16.458245070886363,-8.38820398774214,0.0,-17.36216733082817,-16.76124257579283,8.656660023908461,6.856529082357341,-18.018070904596136,7.663750769792222,7.083223056490684,-4.84132699816624,4.304544359361524
33,-8.180112825899077,-5.544846461671289,-16.411846614209303,-18.591692722684137,-4.7072089183401555,-16.40375794225031,6.336453192581709,14.809768071445397,0.0,-16.19295342659718,0.0,-17.796363754648894,0.0,0.0,16.601220331003443,5.441161185409571,-12.755192852867204,4.898193293978972,-18.256481060472233,0.0,-18.340219769611494,-9.619824528519917,18.34087152870618,0.0,-15.314200186289343,13.382134656677351,-14.725010483994037,0.0,14.289015655949083,-14.051103518096106,0.0,0.0,0.0,-4.01482960983463,-8.781967069767672,-5.441868222536359,8.32408581662062,-13.545189752085712,-14.462992254644774,-5.764460963652645,-11.88994416309215,18.7649097717022,-5.454404045843118,-8.247191241973479,-10.508335867432084,14.337822952255786,0.0,8.68167886905232,0.0,-7.915657303656772,-15.049790346483793,-16.427287549110765,-8.388204023862361,0.0,0.0,-16.761198577377748,8.781449035385755,6.3332428529787315,-18.043310711247265,7.663740043280752,0.0,-4.8422685569994695,4.903192180146522
34,-10.402092727314256,-5.1712895158550545,-15.392375129661811,-19.66035265809432,-4.737398224019667,-17.079219448694968,6.291700697418708,16.76419923290085,0.0,-16.185734185195166,0.0,-17.80067316500286,0.0,0.0,16.37991290408558,5.4356824538557404,-12.02578011489442,4.810943578985844,-18.182325519553082,0.0,-18.943350183912663,-17.49219078199537,18.274183404487168,0.0,-15.318429520659773,13.329687267557475,-14.342450920523618,0.0,14.289050571454643,-14.159146765748188,0.0,0.0,0.0,-4.66044465967566,-8.78775753452876,-5.450247640456556,8.317375214524624,-13.54467671589994,-14.78922287133815,-5.755319752373931,-11.890342804064046,18.753114889452934,-4.562638963932358,-8.217183453429488,-11.010295012694057,-16.946951474032687,0.0,8.351705183284146,0.0,-7.918277696096187,-14.98512037742725,-17.05262511816892,-8.387393615795805,0.0,-16.364859880632917,-16.759462049150805,8.655969332105641,6.860959607580876,-19.648000193024945,7.692053054569799,7.083223056490684,-4.827805721382931,4.304544359361524
35,0.0,-5.538277074370486,-17.422704150603252,16.077824641668165,-4.698434031484601,-13.732967597827901,6.284166181015535,15.322474634483054,0.0,-16.53164214764921,0.0,-17.801729990715625,0.0,0.0,0.0,5.450243970947431,-12.519228536892154,4.796548717387935,-18.353534529318665,0.0,-18.91356436780267,-17.50561007540979,19.33619701948123,0.0,-15.329777568612077,13.416877602858332,-13.889722746305491,0.0,15.581965763558735,-14.157767604584372,0.0,0.0,0.0,0.0,-5.104138288772538,-5.454281965221679,7.963435529484113,-13.563576547461196,-14.476764940718581,-5.446350974463215,-11.87676707558481,18.753016080192793,-5.508766304522683,-8.58676265572236,15.188191752990322,-15.801284004003747,0.0,18.95740700890474,0.0,-7.71710553897773,7.990979402430396,-18.48813225284077,-8.426771556017293,0.0,0.0,-17.59200067383275,8.65929974735161,6.872756831966701,-18.06561218020139,7.693738509867999,0.0,-4.818171923546223,4.313820327718091
36,-10.248688363262723,-10.845022469254378,-16.32347478585694,18.40805368563031,0.0,-16.391363831137202,5.74291903989879,14.843478051684412,0.0,-15.983318296969692,0.0,-17.879953138109798,0.0,0.0,0.0,5.9845897684934775,-12.050807242399504,4.52930464539765,-14.680402782465075,0.0,-18.9142573519297,-17.741356416870808,18.34149247961267,0.0,-12.488675730846426,12.89878506375856,-14.461600102148156,0.0,15.446824077105049,-14.08556997432925,0.0,-6.885272655733157,0.0,0.0,-8.792936585628606,-5.117029957711239,7.964580296559117,15.209077043754892,-14.466220225660733,-6.425486611080347,-12.146437946233023,18.804786772195676,-5.298791336924408,-8.568378499518127,14.784183542814056,-15.786416117567803,0.0,4.887449089465494,0.0,-7.6961506985668064,9.559144729796472,-16.840444310998407,-8.379137812258104,0.0,-19.54272725210048,-18.86899481532523,8.313581576712863,5.923014023066847,-18.01055024129634,7.576193124596051,0.0,0.0,4.282594178168512
37,-10.259608487932386,-10.763674659585636,-16.376151874441923,18.398298587367968,-4.686920501904604,-17.380626039150858,6.261995614539562,16.09473148706728,0.0,-16.112931860488345,0.0,-17.831268025019106,0.0,0.0,0.0,6.038646748981423,-12.062496639056318,4.517229690706024,-14.612138471365842,0.0,-18.918198369374586,-9.656595305017447,18.239460710415944,0.0,-15.35937444198462,13.982046323216238,-13.808272478632304,0.0,-13.508631801074015,-14.08708554801093,0.0,0.0,0.0,0.0,-9.135652448556806,-5.114524883412125,18.626169065252444,-15.087113126118336,-13.689354496324626,-6.4603317893547505,-12.09575508993856,18.802985141556118,-5.529940076915514,-9.478123110378203,17.39772940537353,-17.219404255802022,0.0,9.128588106252169,0.0,-7.66261333232428,7.171397592107568,-17.47593140593235,-8.456434226662685,0.0,0.0,-15.798512323503914,7.732771957506383,6.8313835203303395,16.90104281471661,13.322108872642296,0.0,-4.842172159405614,4.288256354268382
38,-10.266015594344905,-5.488842635680712,-16.37632047274119,15.202597672709516,0.0,-16.78627582920348,6.2226894602944895,16.327050513867245,0.0,-16.101958258922956,0.0,-17.843148976526614,0.0,0.0,-19.027919380188543,5.4442493805232886,-12.515705202811391,4.805954002379103,-19.272873675412733,0.0,-18.918198369374586,-18.079182504543105,-4.584692778520639,0.0,-15.35937444198462,13.982046323216238,-13.808272478632304,0.0,-13.233043301459706,-13.991821117468962,0.0,-6.627176918394872,0.0,0.0,-8.882699132087547,-5.453996615623732,8.447902044659237,-12.49615036643021,-14.476062206234285,-4.759498670186394,-12.094541442965546,18.694632297811616,-5.325702200764525,-8.581936477015887,14.799773293261977,-17.519868266486462,0.0,9.123116717942253,11.999404462441786,-7.662613332324282,7.273712467973603,-17.46303003731616,-8.38027704287795,0.0,0.0,-15.798512323503916,7.732968850079107,5.732790900733189,16.90104281471661,14.157370809652353,0.0,-4.832134859002879,4.286334527921864
39,-11.111910308739635,-5.4928370541546485,-16.451251597968835,-18.4573390881459,-4.698727551616928,-19.908632539228797,5.761967919486757,16.167249412435606,0.0,-15.10996635897622,0.0,-17.797410586569736,0.0,0.0,-19.038811737207865,5.471674370741496,-12.760796924123909,4.795309582944643,-19.26946598498546,0.0,-18.917452245800284,-9.59107360074491,-4.7820815330066795,0.0,-9.616570592539158,12.716730279954268,-13.780041884618125,0.0,16.653796028430474,-14.368551751497936,0.0,-6.667616914670454,0.0,0.0,-8.8700351353107,-4.6738277252701055,7.175289290368196,-13.55659525881519,-12.817059952470768,-5.504996257779158,-11.588992941062372,18.638330691329394,-9.611757661730806,-8.318384005964012,15.121342758053395,14.507527816169727,0.0,19.03713344658354,11.684618577165683,-7.660532938374572,7.132311942851736,-18.606753388404005,-8.378221861933426,0.0,0.0,-14.134190885145642,8.334828256745208,6.134694094197975,-18.02026067132668,14.292517666206162,0.0,-4.861096870238407,4.28173771557206
40,0.0,5.533763862708193,0.0,-6.988016446249377,-6.931960721149379,4.895400583720115,0.0,0.0,-8.180012270090035,-14.987262919991256,-14.292135327997272,0.0,-19.076310314609696,-15.863662793707311,15.662804484994318,6.6742106613896155,0.0,10.911415836555868,0.0,-16.8070238349779,-12.145029583019307,-15.462843118191298,0.0,-4.5239979865608095,-6.106751955649132,16.621220694572546,-10.73387909042792,-20.0,-4.8642477203736005,0.0,5.2069897110128185,-10.568567357469536,-19.836224521790257,-11.829406832245141,0.0,-13.481171708529814,17.54671813516063,0.0,-8.917074824621674,14.592159641953256,5.71800922771485,15.649905195485989,11.562565188167685,-13.893202688736086,-10.843492133886576,-13.451555850012628,-17.333247667035067,16.876064805145155,16.564761133573853,14.463063930364374,14.668716846582686,5.311252585084851,0.0,20.0,-17.069319664355895,14.324132365584788,0.0,5.661037198307646,16.54395894073123,15.611529286844657,0.0,-17.16120346730598,0.0
41,0.0,-5.538277074370486,-17.422704150603252,-17.547405501326455,-4.698434031484602,-16.48413386902242,6.284166181015534,15.30262819844669,0.0,-16.518138056694514,0.0,-17.801538972369034,0.0,0.0,0.0,5.450243970947431,-12.049572899843435,4.796548717387935,-18.353534529318665,0.0,-18.91356436780267,-17.50561007540979,19.349158814700683,0.0,-15.329777568612077,13.416877602858332,-14.417751334106871,0.0,15.581965763558735,-14.157081870702878,0.0,0.0,0.0,4.265141167799147,-5.104138288772537,-5.452997655187657,7.963435529484112,-15.910616484883185,-14.476764940718581,-5.446350974463215,-11.877339204046388,18.753515109719654,-5.508766304522682,-8.58676265572236,17.359238865349507,-15.801284004003747,0.0,18.93014820930594,6.47127325679882,-7.6994546378649975,7.990979402430396,-18.48813225284077,-8.459740593618255,0.0,0.0,-17.59200067383275,8.667015910195174,6.874819859857372,-18.06561218020139,7.693448379081479,0.0,-4.818815728388517,4.313820327718091
42,-10.402092727314258,-5.171225878273631,-16.476994921232635,-19.660053205507197,-4.7373982240196675,-17.078351030657593,6.293360084289457,16.76419923290085,0.0,-16.18577043621897,0.0,-17.832025227566923,0.0,0.0,16.603859912529494,5.435977738577813,-12.765617649699713,0.0,-18.174407703836994,0.0,-18.91174471416562,-17.38413497011712,18.365166923063057,0.0,-15.318646465446097,13.329689362118728,-14.345532161948082,0.0,14.29004835344749,-14.158852052005635,0.0,0.0,0.0,-4.436495746250624,-8.787682588637027,-5.3059226342641,8.317467928556692,-13.54467671589994,-14.77432893536734,-5.755859708873012,-11.89032529517179,18.753114889452938,-4.501502065971943,-8.217183453429488,-11.010295012694058,18.62566734874363,0.0,8.351050707611416,0.0,-8.896509214940394,-14.983796059122113,-18.94933877832922,-8.387393615795805,0.0,0.0,-16.726266865228673,8.655846888393432,6.359763560436233,-19.648141678044233,7.692053054569799,7.127508470728077,-4.8425002082455695,4.30450404546878
43,-9.474299632099466,-4.962895689161321,-15.118745047870133,-18.629321159742773,-6.936985367186079,-16.35742296563289,5.6263803964708226,0.0,0.0,-15.385639348358467,0.0,-17.805731607032108,0.0,0.0,15.662804484994318,5.412514395484677,0.0,7.046800956060359,-18.459487388139387,0.0,-18.574674379426135,-10.571084189824557,0.0,-4.12243368466542,-14.935060534906045,12.054714216908195,-11.761804390285318,-20.0,-12.167981593851689,-13.948922906041485,5.36108187189819,-10.196363305655144,-14.93941708588196,-4.255270354647168,-5.3494715729684,-13.532441880133206,7.932412318873194,8.421469316771447,-13.47622828074957,-5.752810323986772,-11.727784764422537,18.60085128152301,-9.83712826817581,-8.329938498145037,14.507028710221887,-13.26412746123839,0.0,11.678971844116603,16.659160122321545,-9.126449851240197,9.654010070490113,-18.54910595482002,-8.251978278719971,19.268254713251803,-17.47261545977701,18.943766032369012,0.0,17.559327303078987,17.216200210539064,7.990507427193931,0.0,-5.273317157379118,0.0
44,-10.206960571994793,-10.14851108317423,-15.588289584940139,-19.124746381293132,-4.699435456984904,-16.705901208820652,6.397943601258959,16.719682471699908,0.0,-15.904653732942394,0.0,-19.595419487935672,0.0,0.0,0.0,5.449661661019218,-12.524701605702433,4.5125605979179575,-18.61747281741129,0.0,-18.918175284946173,-18.322305578541638,20.0,0.0,-15.373291981147183,12.904693764740763,-14.401750582263016,0.0,16.134596613622744,-13.987486461469153,0.0,0.0,0.0,0.0,-8.883580189854563,-5.1021659344955825,0.0,-15.314912363646373,-14.4132800679486,-5.822526126853278,-11.919988816095335,18.801224443374128,-5.55120169819344,-9.425490929895073,15.172660382159329,-17.533542061622583,0.0,19.173234388192938,0.0,-7.701498126474444,8.000869432402917,-17.44181406941493,-8.377600450771975,0.0,0.0,-18.080184000024833,8.327107797011221,5.967590901765319,-18.040789869469723,13.77827873458039,0.0,-5.150707821689794,4.286231687543562
45,-10.494003392914525,-5.490644341111007,-16.37632047274119,15.172903694868381,0.0,-16.786275829203483,6.2226894602944895,14.764465296579651,0.0,-16.101958258922956,0.0,-17.843148976526614,0.0,0.0,-19.027919380188543,5.4442493805232886,-12.515705202811391,4.805174827431331,-19.181814484680302,0.0,-18.912887172778994,-18.079182504543105,-4.5556435655339484,0.0,-15.341256907863324,13.982046323216238,-13.819285926092913,0.0,-13.233043301459706,-13.991821117468962,0.0,-6.628425936841426,0.0,0.0,-8.882699132087547,-5.45385734284119,8.01829319798553,-12.49694918380253,-14.476410708008817,-5.421127136957873,-12.096505988105758,18.80275599667443,-5.497905105085667,-8.581936477015887,14.799773293261975,-17.519868266486462,0.0,9.123116717942253,11.980695634064208,-7.810879593386765,7.273712467973603,-17.46303003731616,-8.38027704287795,0.0,0.0,-15.798512323503914,7.747019604236318,5.7736953964780575,16.90104281471661,14.157370809652353,0.0,-4.832203277605114,4.2863345279218645
46,-10.20776546498098,-5.546553783369993,-16.32419276024102,16.6841970773344,-4.69243922070358,-16.388658581079717,5.761831308045894,14.755522419422629,0.0,-16.125245293287918,0.0,-17.82224969142566,0.0,0.0,0.0,6.034151213939727,-12.0220056789986,4.421942334496373,-19.242763240284216,0.0,-18.91793186311616,-9.970525670185715,20.0,0.0,-15.327321080213833,12.898666566996512,-14.41034397806508,0.0,16.24442862314917,-14.086806212425413,0.0,0.0,0.0,0.0,-4.117231755428795,-5.117671989291399,7.943892262032285,-13.98716137039311,-14.446760551412385,-6.4599711004958875,-11.898118888751338,18.801560771773893,-5.196708619810687,-9.491932316844297,17.9299374033696,-15.579367829898334,0.0,19.87525311240938,0.0,-10.293725139597269,9.588259187605715,-10.990404424645021,-8.45796025940544,0.0,0.0,-18.80768328938024,8.658563554399699,5.663503768781245,-18.07016332364246,7.681081235374576,0.0,-4.841901679164505,4.286274013325599
47,-12.922096306229871,7.588678450344332,-16.323728922194583,18.338647663764192,0.0,-13.849187192124257,18.88248659147714,17.40760551176657,0.0,-16.100340449074004,0.0,-17.880837065213438,0.0,0.0,-19.684311933775867,5.516173033868781,-13.100884850735923,4.927448691992582,-18.39296172583209,0.0,-18.621634125063615,-18.207349332555374,0.0,0.0,-12.492710104477368,-8.000385853867463,-19.58928417097874,0.0,-13.638492592746033,-13.78334148971988,0.0,-6.946469077703986,0.0,0.0,-4.014282985921577,-5.481093894697573,18.661014596566954,17.866877311732644,-14.466545146068986,-4.777431533773763,-12.165528025574842,18.75423603706647,-5.202547939081897,-8.23516644011298,16.39511097179738,0.0,0.0,12.589722505253464,0.0,-7.671480294783896,7.9705132934793355,-18.538256684781974,-9.34079126097603,0.0,-15.98837949631651,-17.84294778223656,7.747125221734798,6.292017180652545,-19.82383556041174,7.411807844709434,0.0,0.0,4.285719424714658
48,-10.207765464980978,-5.546553783369994,-16.32419276024102,17.08187571439457,-4.693254205044706,-16.69788142823745,5.761831308045894,10.55386585707352,6.010804912696498,-16.125245293287918,0.0,-17.82224969142566,0.0,0.0,0.0,6.034151213939727,-12.02189709715098,4.421942334496373,-19.242763240284216,0.0,-18.912975734133763,-9.970525670185715,-4.80559977323956,0.0,-15.329583948774665,12.898476934644837,-13.559581917885529,0.0,16.24442862314917,-14.21681331030396,0.0,-6.713774149289425,0.0,0.0,-8.936546212344473,-5.117671989291399,7.962391458534539,-13.949154467393294,-14.477416247316505,-4.837968930989828,-11.897813156083005,18.801560771773893,-5.196708619810688,-9.496928672694779,17.9299374033696,-15.579367829898334,0.0,19.17365108345481,12.986838335818065,-10.300724459586213,8.647476566627272,-10.990404424645021,-8.458016702877426,0.0,0.0,-19.021857812196714,8.335964175879068,5.719498096331286,-18.07016332364246,8.106378061692174,0.0,-4.84181803246185,4.286274013325599
49,-10.227071871781263,-4.962895689161321,-16.279147818087218,18.82077216941751,-6.87598402494711,-16.35828587263325,6.010482719102381,17.25658525131469,5.498116333400336,-15.985593097343402,0.0,-17.805731607032108,0.0,0.0,0.0,5.451345329040557,0.0,4.524157523369896,-18.25707190560638,0.0,-18.574674379426135,-10.649801456841569,0.0,-5.189904156093011,-14.921397147636512,12.905592058593285,-19.616753037461287,-19.79902176869878,-12.563728954877828,-14.018905004452316,5.344889385557828,-10.196363305655144,-14.93941708588196,-4.472758067089621,-5.34224480116897,-5.432262519515671,7.840359292736921,7.4641447841587665,-13.461788264774714,-5.735838080359579,-12.154078684214838,19.03788898349204,-9.83712826817581,-8.329938498145037,15.985642600938508,-17.645187520728033,0.0,11.678971844116603,16.17889813642122,-7.9401231469685065,9.654010070490113,-10.503236711087851,-8.251130169718026,20.0,-17.587902262424507,18.94368500298893,0.0,12.030554630164392,17.43754665141867,6.516845248531501,0.0,-4.8183236057452365,0.0
50,-9.983068961788309,-4.962895689161321,-16.27914781808722,18.82077216941751,-6.936985367186079,-16.35742296563289,5.626380396470822,17.256585251314686,0.0,-15.385639348358467,0.0,-17.805731607032108,0.0,0.0,15.662804484994318,5.448079223143513,0.0,7.046800956060359,-18.45870262633268,0.0,-18.574674379426135,-10.649801456841569,0.0,-5.3115616783371395,-12.539316141405608,13.18541566003531,-19.356669173858577,-20.0,-12.167981593851689,-14.17938318258939,5.36108187189819,-10.196363305655144,-14.93941708588196,-4.472758067089621,-5.349471572968401,-13.532441880133206,7.932412318873194,8.600106266023115,-13.461788264774714,-5.8004151257767695,-12.15407868421484,18.76453587969135,-9.83712826817581,-8.329938498145037,17.56478363379217,-13.264127461238388,0.0,11.678971844116603,16.659160122321545,-9.1264498512402,9.654010070490113,-18.552885032953007,-8.251978278719971,19.01195535411867,-17.47261545977701,18.943766032369012,0.0,17.559327303078987,17.392124002491165,7.990507427193931,0.0,-5.399159230174952,0.0
51,-9.462029922089272,-10.845022469254376,-16.323474785856938,18.40826001689046,-4.497929034646717,-16.391563964194056,5.742919039898789,15.302839038500034,0.0,-16.120656471718448,0.0,-17.83280378286694,0.0,0.0,0.0,6.022454215435269,-12.050807242399504,7.047571354390781,-14.525442803018853,0.0,-18.914006887555516,-9.693778366483944,0.0,0.0,-13.192612063888541,12.898466679019425,-13.84484479901095,0.0,15.581996358055449,-14.08556997432925,0.0,0.0,0.0,-4.058121481804179,-5.294515424288712,-5.111507611086728,7.964580296559117,-15.630677943180661,-14.465953076845299,-5.460573208207866,-12.002135431085643,18.920522739262417,-5.486463866256273,-8.361587066915384,17.243465134613857,-15.786416117567803,0.0,11.743448266523355,0.0,-7.697694786999966,9.29590878980123,-17.24957705817396,-8.376796896383986,0.0,-19.474067005747642,-18.86899481532523,8.377916231970119,6.43758033016549,-20.0,7.578372043502929,0.0,-4.825650118910865,4.147658462190351
52,-10.280931762169242,7.155400301608918,-16.372516861303602,-18.4573390881459,-4.511254847766267,-13.543135820084743,6.079457134514597,16.03226627341421,0.0,-15.106704041577672,-12.971875853213941,-17.844915947050218,0.0,-16.533230662713784,-19.646681848430493,5.450003568827283,-12.99765464495445,4.795317170344781,-17.462675875243463,0.0,-19.7952789278063,-17.886715204268004,19.072721553103648,0.0,-9.605145736607113,12.227376937527248,-11.382066343107176,0.0,15.591447726839043,-12.247462165518563,0.0,-6.613010327219493,0.0,4.193320653542891,-5.257031553227987,-4.740115025744995,19.087072175528764,-15.063749156287248,-14.44599106397586,-4.6523378112508365,-12.29262773066813,18.767660522740588,0.0,-8.598052719441604,14.915497671995457,14.947943647226879,0.0,12.572070157708396,0.0,-7.796153371671425,8.000533842945192,-17.482699606560413,-8.37683018878684,-19.166595591906407,0.0,-16.172133780895848,8.688390007566062,6.133600005700207,-17.072664653029655,14.261569731878428,0.0,-4.86993364188654,4.282312889888151
53,-10.402092727314255,-5.1712895158550545,-15.398656478212198,-19.65021416655574,-4.716190518090208,-17.113577303896356,6.291700697418708,16.76419923290085,0.0,-16.189349105527103,0.0,-17.800673165002856,0.0,0.0,16.381018778855896,5.4356824538557404,-12.028580704502474,0.0,-18.182045635323487,0.0,-18.91468477824037,-10.1468004225727,18.28051461606058,0.0,-15.318426634918193,13.328712285725302,-14.346164391464892,0.0,14.454047358976434,-14.157563567942724,0.0,0.0,0.0,0.0,-8.787753372373517,-5.450247640456556,7.857334223327083,-13.544458756172453,-14.78922287133815,-5.7553173084603495,-11.893418201546945,18.762355427220605,-4.5608532946369085,-8.217183453429488,-11.010295012694058,-16.96233787661483,0.0,8.366907558726224,0.0,-7.904414423659517,-14.98512037742725,-17.05262511816892,-8.387393615795805,0.0,-16.364859880632917,-16.759566892712705,8.661623735297981,6.859364762570581,-19.647816381704466,7.692053054569799,6.96525864796232,-4.840990488125522,4.304544359361524
54,-8.178708117197843,-5.138928135970165,-16.413449224925756,-18.591692722684137,-4.707208918340156,-17.112424738304092,6.336453192581709,16.65952274657351,6.501066745590093,-16.189195099581156,0.0,-17.848042489933974,0.0,0.0,16.601210486496203,5.4411611854095705,-12.755192852867204,4.882479806004993,-18.553122121036445,0.0,-18.91458990540152,-9.603616578304354,18.34087152870618,0.0,-15.314200186289346,13.391554142649971,-14.725010483994037,0.0,14.289015655949083,-14.077623088014414,0.0,0.0,0.0,-4.014829609834629,-8.781996170378866,-5.441868222536359,8.32408581662062,-13.545189752085713,-14.787066945554969,-5.764460963652645,-11.88994416309215,18.7649120739498,-5.454404045843118,-8.247191241973479,-10.508335867432084,17.46818952317347,0.0,8.68167886905232,0.0,-7.916576968532169,-15.049790346483794,-16.462954302688107,-8.388204023862361,0.0,0.0,-16.761198577377744,8.656631245564274,6.469527165140832,-18.043310711247265,7.663740043280751,7.145110949544917,-4.841326983349622,4.90311329693783
55,-9.972605854645654,-5.494822958993376,-16.32714646744305,-18.094543035229258,-5.024035555903844,-17.381720948422725,6.23394887115513,16.650667597457605,0.0,-16.112780080468823,0.0,-17.852368640325032,0.0,0.0,0.0,6.031049484236606,-12.782973899103064,4.517229690706024,-18.38848762291666,0.0,-18.918198369374586,-9.61302891325221,0.0,0.0,-15.359752103141908,13.982046323216238,-14.729963953790943,0.0,-12.332846243531833,-13.99296711959367,0.0,-7.14450835059884,0.0,0.0,-8.73910078326408,-5.114553910792897,7.570543238480422,-15.086297995055613,-14.783166883704183,-6.436974197688915,-11.8867806462457,18.768267705790826,-5.486993821855998,-8.240878963283638,-11.176751217948414,-17.508303210421438,0.0,9.122998466478947,0.0,-7.635101310124052,7.171397592107566,-17.483900997140445,-8.45628109409893,0.0,-18.631673832989506,-15.767160694970908,8.700990432019765,6.844689172961978,16.885736821882716,13.396586841977923,0.0,-4.841771974560966,4.282990194937583
56,-10.206960571994793,-5.546553783369994,-16.324182767682295,-17.232845981835297,-4.691518206885444,-16.69788142823745,18.743181173468727,17.481847731623308,5.964351935680035,-16.125245293287918,0.0,-17.822249691425665,0.0,0.0,0.0,5.4464588534776155,-12.02189709715098,4.421942334496373,-18.295746770756146,0.0,-18.918198369374586,-18.180341096391516,0.0,0.0,-15.444235034860125,12.898458944525371,-13.808211450886827,0.0,16.273143809801663,-13.989295796871644,0.0,-6.713774149289425,0.0,0.0,-8.883629203968193,-5.113919503934943,9.88094822486453,-13.964699358320168,-14.477416247316505,-5.733736712773897,-11.897813156083005,18.801560771773893,-5.1952954617386515,-9.425490929895076,17.800895443316648,-16.684590785603,0.0,19.17365108345481,0.0,-7.8055933988005695,9.299468194550064,-17.279017347347597,-8.378202609255919,0.0,0.0,-18.030544443931905,8.324435451253995,6.822857633388087,-18.07016332364246,13.741843542703066,0.0,-5.150067060315772,4.286231687543562
57,0.0,-5.538133007252753,-17.463955543313535,16.087137497022447,-4.365405877544976,-13.732967597827901,6.226267124728675,15.322474634483056,0.0,-16.1228662702511,0.0,-17.80013318990838,0.0,0.0,0.0,5.450243970947431,-12.016239770857311,4.796638236132578,-18.401369039461304,0.0,-18.913564367802675,-17.505610075409795,19.33619701948123,0.0,-14.857906796074008,13.416877602858332,-13.889722746305493,0.0,15.581965763558735,-14.157767604584372,0.0,0.0,0.0,0.0,-8.834424053180859,-5.454293435294226,7.96467894199284,-13.563576547461196,-14.43902813377213,-5.451385448284296,-11.891182529347233,18.752908179914385,-5.4911925075330625,-8.27738956880136,19.388354300661547,-15.801284004003747,0.0,12.583199439742149,0.0,-7.716019839456383,9.4091799019094,-18.48813225284077,-8.426771556017293,0.0,0.0,-17.59200067383275,8.65929974735161,6.872756831966701,-18.06561218020139,7.693738509868,0.0,-4.817172957860666,4.89633421914572
58,-8.214822919409418,-5.175119040482607,-16.40736931170271,-18.591692722684137,-4.7072089183401555,-16.40375794225031,6.33871741517214,14.809768071445397,0.0,-16.192953426597178,0.0,-17.79683320197492,0.0,0.0,16.601248844524314,5.441161185409571,-12.755003825665915,4.898927497256633,-18.634215522564052,0.0,-18.957144530017302,-9.619824528519917,18.34087152870618,0.0,-15.318713320535055,13.330315015523773,-14.71412916640621,0.0,14.286651769300168,-14.051103518096106,0.0,0.0,0.0,-4.01482960983463,-8.781533182197803,-5.450019154649931,8.317230741215466,-13.544680410638083,-14.46453772407281,-5.764460963652645,-11.88994416309215,18.753404318788363,-5.454404045843118,-8.217653425809079,-10.497632617493515,14.337822952255785,0.0,8.357754268608508,0.0,-7.915657303656771,-14.986697673154614,-17.053137223351733,-8.387356256788147,0.0,0.0,-16.759479066409344,8.781449035385755,6.362245451376813,-19.633889111098753,7.663740043280752,7.419616884227814,-4.8422685569994695,4.903192180146522
59,-8.235243337602686,-10.586218647513597,-16.324816621446026,18.40826001689046,-4.692447632464379,-16.6046041962031,6.243091393988136,14.843478051684414,0.0,-16.12219413443208,0.0,-17.831032423650974,0.0,0.0,0.0,6.038739306124164,-12.050807242399504,4.510120687877318,-14.654812770048219,0.0,-18.913208104677466,-9.665870402912532,18.34149247961267,0.0,-13.1418040169545,12.893077968017586,-14.435540759690173,0.0,15.554867933280192,-14.07727361181748,0.0,0.0,0.0,0.0,-4.52929923119936,-5.1067196013202905,7.9617999775227055,-13.527984675664534,-13.709634436502203,-6.425486611080347,-11.993433324805252,18.801353126532096,-5.700159118044082,-9.497299261076734,14.834744778744403,15.519640146061555,0.0,8.006123052000994,0.0,-7.62388011170264,7.396742020867234,-16.840444310998407,-8.455899797946238,0.0,-20.0,-15.83198519735045,8.3305359806836,6.595619738620011,-18.009039103834898,7.576193124596051,0.0,-4.871818697362179,4.282614356644821
60,-10.23141113605211,-10.845022469254378,-16.324958445979956,18.332485052601005,-4.997471111580828,-16.793115461431352,7.810740472236418,14.84347805168441,0.0,-16.12218604592187,0.0,-17.831032423650974,0.0,0.0,0.0,5.440612494992559,-12.050807242399504,4.517398162465062,-14.70133088166797,0.0,-18.912937834281802,-18.501475520321897,18.34149247961267,0.0,-13.1168147356024,12.89419973417741,-14.461600102148157,0.0,15.429984046300195,-13.992450336200461,0.0,0.0,0.0,0.0,-4.592645486961509,-5.4496335241651614,7.964580296559115,-15.91717666495089,-14.466367007138697,-4.837914086705742,-12.086096466473311,18.804786772195673,-5.520767307609127,-9.444187940293158,14.799855132031743,-15.83642590146243,0.0,19.07151825649253,0.0,-7.6327345502289194,9.627136971747916,-18.482681484567816,-8.379366012606958,0.0,0.0,-18.868994815325227,8.323631782246192,5.7323689316876205,-18.009039103834894,7.576193124596051,0.0,-4.841933847575053,4.288049204765016
61,-10.402092727314258,-5.1712895158550545,-15.392375129661811,-19.660053205507197,-4.7373982240196675,-17.078351030657597,6.291700697418708,16.76419923290085,0.0,-16.185722472353184,0.0,-17.85371322263276,0.0,0.0,16.60259204337519,5.4359777385778125,-12.765617649699713,4.810943578985844,-18.182775961965483,0.0,-18.943350183912663,-10.038744610694451,18.274183404487168,0.0,-15.318429520659773,13.329687267557475,-14.342450920523618,0.0,14.451046960457543,-14.15914676574819,0.0,0.0,0.0,-4.66044465967566,-8.787678426481785,-5.4502429288039345,8.317375214524624,-13.54467671589994,-14.78922287133815,-5.755857264959429,-11.890342804064048,18.753114889452938,-4.562638963932358,-8.217183453429488,-11.010295012694058,-16.946951474032687,0.0,8.359701873695824,0.0,-8.88264590805782,-14.983796059122115,-17.05262511816892,-8.387393615795805,0.0,-15.546384319399152,-16.759462049150805,8.661508068000064,6.361661590577141,-19.647805779207005,7.692053054569799,6.965705113370487,-4.840978407277454,4.304544359361524
62,-10.196020369396377,-6.892557392153622,-16.324325146398593,16.99938313660979,-4.69244257940556,-16.70122805699326,5.901564375588493,17.481847731623304,5.758258839238019,-16.757953791581482,0.0,-17.823442678949,0.0,0.0,0.0,5.430765552017157,-12.02189709715098,4.421942334496373,-18.295746770756146,0.0,-18.91815332963287,-18.297607643825202,0.0,0.0,-15.336946189552897,12.920721844329588,-13.80732243984859,0.0,16.2734164708512,-13.987934226696062,0.0,-6.713774149289424,0.0,0.0,-9.040730592908787,-5.113919503934943,7.784888077188441,-12.008423341324782,-14.477416247316505,-5.755427778955591,-11.903444469794264,18.801560771773893,-5.516788806170033,-9.496928672694779,17.9299374033696,-15.581186153168552,0.0,19.17365108345481,0.0,-7.624842554471842,8.647476566627272,-10.990404424645021,-8.378202609255919,0.0,-20.0,-19.412426979423255,8.336263663808793,6.824526517626726,-18.07016332364246,13.859888835629597,0.0,-4.84181803246185,4.2851371462466386
63,-8.178708117197843,-5.138928135970165,-16.413449224925756,-18.591692722684137,-4.707208918340156,-17.112424738304092,6.337015750614003,16.659522746573515,6.501066745590093,-16.189195099581156,0.0,-17.848042489933974,0.0,0.0,16.601210486496203,5.44116118540957,-12.755192852867204,4.882479806004993,-17.115147021124685,0.0,-18.91458990540152,-9.603616578304354,18.34087152870618,0.0,-15.314200186289348,13.391554142649973,-14.725010483994037,0.0,14.289015655949083,-14.077624008023065,0.0,0.0,0.0,-4.014829609834629,-8.782640087657006,-5.441868222536359,8.32408581662062,-13.545189752085715,-14.78696131641539,-5.764432107935637,-11.88994416309215,18.7649120739498,-5.454404045843118,-8.247191241973479,-10.508335867432084,17.46818952317347,0.0,8.68167886905232,0.0,-7.916575420056433,-15.049790346483793,-16.462954302688107,-8.388204023862361,0.0,0.0,-16.761198577377737,8.656631245564274,6.469527165140832,-18.043310711247265,7.663740043280751,7.145110949544917,-4.841326983349621,4.90311329693783
64,-10.402092727314258,-5.133837955994169,-15.392375129661811,-18.620330963405245,-4.736321656859823,-17.112785417763423,6.291700697418708,16.76419923290085,6.758956541793045,-16.185722472353184,0.0,-17.853713222632763,0.0,0.0,16.601231874178197,5.435840036319762,-12.765617649699713,4.810943578985844,-18.55645174630868,0.0,-18.943350183912663,-10.038439294732843,18.274183404487168,0.0,-15.318728987423974,13.329687267557475,-14.342450920523618,0.0,14.288853830538383,-14.15914676574819,0.0,0.0,0.0,-4.685675656729114,-8.78772562782096,-5.4502429288039345,8.317375214524624,-13.54467671589994,-14.779435809265884,-7.785627363535276,-11.889954544926015,18.753303490330463,-4.562638963932358,-8.217183453429488,-11.010295012694058,-17.96676811561627,0.0,8.359701873695824,0.0,-7.927879386350141,-14.983755404163402,-17.05262511816892,-8.387375193296268,0.0,0.0,-16.759462049150805,8.661508068000064,6.361665871931665,-19.647805779207005,7.6920532643656685,7.14606921544581,-4.840978613018012,4.304544359361524
65,-10.402092727314255,-5.1712895158550545,-15.367172932213242,-19.7513572970945,-4.737398224019667,-17.079219448694964,6.29197061611571,16.657752275500982,0.0,-16.185734185195166,0.0,-17.800673165002863,0.0,0.0,16.37991290408558,5.4356824538557404,-12.02578011489442,4.810943578985844,-18.182325519553082,0.0,-18.943323684598695,-9.759428464761893,18.276716407078293,0.0,-15.318429520659773,13.329687267557475,-14.789083035270169,0.0,14.289015326035583,-14.158930244868493,0.0,0.0,0.0,-4.659383712627808,-8.78775753452876,-5.442071522625285,8.317375214524624,-13.544669126185237,-14.78922287133815,-5.755319752373932,-11.890349315603602,18.75311488945293,-4.562638963932358,-8.217183453429488,-11.010295012694055,-15.331642109436084,0.0,8.67514510340732,0.0,-7.916544019385802,-14.98512037742725,-16.458237196785355,-8.388197831341285,0.0,-16.364859880632917,-16.76124463136581,8.65665909370283,6.860959607580876,-18.018070904596133,7.663431515898877,7.083223056490684,-4.841142805581751,4.304544359361524
66,0.0,8.701602950133424,-16.321633953041147,14.97259466563936,0.0,-16.43538554208667,19.81780143461613,17.391791870555593,0.0,-16.104949995567125,0.0,-17.87923135084992,0.0,0.0,0.0,5.441097001737013,-12.562289935452943,4.790443575054045,-18.422295456736137,0.0,-18.62793986640441,-17.51908207153474,0.0,0.0,-12.492710104477368,12.919536845426075,-19.524848935515138,0.0,15.58809273530958,-14.158061377353864,0.0,-6.716052886946004,0.0,0.0,-8.816071655088042,-5.443512167851161,8.097760473314139,15.1420473589215,-14.438703872036893,-4.762543937257205,-12.163308632559328,18.762281029656737,-5.496984748432839,-8.60299456224779,17.56931326579423,-15.796962923530202,0.0,12.951288462322768,0.0,-7.673714767820325,7.973847237155941,-19.219259092049874,-9.328751172171,0.0,-15.988379496316512,-17.839985371617033,7.801967224343224,0.0,-18.15002214735436,7.404800845030592,0.0,0.0,4.295901792571846
67,-10.206960571994793,-5.344087763262797,-15.588289584940139,-17.17473127799154,-4.699435456984904,-16.687744537386337,18.743181173468727,17.481847731623308,0.0,-16.120013902279407,0.0,-19.628547447462186,0.0,0.0,0.0,5.447002453979617,-12.524701605702433,4.5125605979179575,-18.29478526865352,0.0,-18.91819836937459,-18.322305578541638,0.0,0.0,-15.322551105857338,12.898594833277558,-13.808213708420356,0.0,16.273143809801663,-13.989295796871643,0.0,-6.713774149289425,0.0,0.0,-8.883580189854563,-5.113919503934943,7.845699415054425,-13.924390523610507,-14.477416247316507,-5.735362782203331,-12.085346322362398,18.801560771773893,-5.205316659249268,-9.425490929895076,15.172660382159329,-17.487443278297132,0.0,19.173234388192938,0.0,-7.800588830171367,7.979127775580854,-17.45443840712489,-8.378202609255919,0.0,0.0,-18.048782912619544,8.711276123378433,11.520256601357154,-18.070185967017153,13.917677448241232,0.0,-5.150067060315772,4.286231687543562
