ant-1.3,17.920308872199726,16.24552495880694,15.11019968830422,0.6220306123766648,0.008732000116866092,0.016649448925476495,15.14005365274108,0.504575030112751,16.630719180430166,0.6931469802349116,0.5530179518028828,0.5687749376623035,17.119332320841004,0.20509777854301875,0.3373937650946933,0.031021190271279336,0.017543197226067155,0.7957827118523552,0.12388129487855298,0.12436355620746581,17.99861696528457,0.0,0.01794505254524799,20.320861878634485,17.822122010221285,0.8950736459163684,0.018756567381954446,0.1483529925219706,20.715556030098444,0.3862085236644489,1.2345673793244583,0.8972856308215629,0.22070547926156653,0.6931469802349116,0.17550514333293601,0.5290963993818663,0.3370934696724043,0.6931469802349116,0.6924847120078367,16.24613677480804,20.35811533759916,1.1632882520092047,0.08030140110688849,0.476855843628792,0.6122310817717503,0.5343749982393591,0.6402106874299296,0.22308973289098688,0.3930702477995394,0.08836551572994686,15.569568400798818,0.5799794976118254,0.3862085236644489,0.22831704608523287,0.4617963941147493,16.59818301259221,21.0222065367238,0.5691742064552103,1.1622779381285828,19.564618483171206,0.2182602934596018,16.24518559966177,0.3821062132508289,0.0,0.8972856308215629,0.5687749376623035,0.3857424537792986,0.5800091789002922,0.1483529925219706,0.0,0.6240187642173087,0.4415109236434442,0.0,16.64384268051092,0.016649448925476495,0.12986483037309296,1.1637575704290626,0.42412948015884566,15.898831040339378,0.008732000116866092,0.33229035571975796,0.504575030112751,0.0,0.5678814138261723,0.6341202733952183,0.4415109236434442,0.08811600894920206,0.20453023415613014,0.6289079714210528,17.905846447492287,0.22112531021080745,0.0,0.9099053758664644,0.17550514333293601,17.888219758276183
ant-1.4,0.33488165018038457,18.85471247114332,33.8944443244869,0.05002020985435638,1.1123824417396446,0.23219892419289892,17.231514202800035,0.22138941785350089,0.052667451004863364,1.1574786868202007,0.16794444269883335,0.20933247633486526,1.1128038759101522,1.3577089672110385,7.192012301950515,0.06938262887966046,0.6804437282568212,0.22805165606758052,0.05002020985435638,20.23397743888509,9.211469693585531,0.20807945143900097,23.85704604592822,16.871923207988917,33.24752256045263,0.30041783542473866,0.22090165042374071,0.23146249714742465,0.21108158390504295,0.22390999293384786,0.16827550814271144,0.215594298454136,0.045537870664400834,0.20840440016817263,0.8037279496679103,0.15238732302952548,0.1274759204927547,0.6804437282568212,0.23075321548264197,0.3350620533839893,0.6729428160536003,0.04675075513970391,0.7760928678391983,0.22008740302760296,0.25253612618643567,0.851869206713997,0.05598314324184944,0.23664232001113655,13.338737750033275,0.08994325628926025,1.2816776958762817,0.08889189847794693,0.14964469992204246,0.1688486242148622
ant-1.5,20.9569831127246,8.120897356515364,23.3073471859077,60.907840447271695,22.71150761125958,22.01444546458777,55.66105465293262,0.034748092416450715,0.17108122863275288,0.0041929172615978935,1.1324965115232026,52.02879678018894,0.027630662177053802,0.797786844666054,46.927066595897315,69.48030746617802,54.40977651712234,0.17054289561948402,2.6921675379173378,74.95358817549557,74.90686386327188,0.021248475294850744,21.945837927824925,74.0113077919604,55.31123637730756,73.1017204125069,23.307399900924533,75.25098922019015,23.93501175194643,52.455666992694646,21.3625431473432,1.4462187307667733,21.3625431473432,78.6019029389738,0.013412301302449409,0.016347299342062385,75.13177926830424,24.709366537336386,0.002011800718741446,0.004164878803973817,0.0012246238961023687,0.013988675278015821,29.25012469600982,8.200488763380605,1.3450897687818932,54.60972955984643,52.49281011182742,75.38635426327218,0.12218088449022306,0.22702346716485283,23.323923862331707,0.32802557369744056,0.03853363201333087,0.04926281492854339,20.94918457381847,26.623093952343837,0.2270293104247587,76.17863463526986,0.014767937597642836,2.2882235691828035,1.3961226648593734,77.74040960551366,74.14158464144153,20.951336744978647,76.35110771550379
ant-1.6,6.17565325732069,7.372701614755938,12.025855515127613,12.025931527092286,18.243707221405952,19.011514179081807,13.563242802391596,8.462186366178498,4.4785262416046585,7.039868540676937,7.042399978555563,0.1087185706508219,7.850526938266656,13.563242802391596,15.174359598334542,0.16994680257723563,0.3315551712033967,0.01152306473497951,14.398187458938928,2.713965310049722,6.85445832073442,12.226731025968583,15.165861414154527,15.758789725295165,0.10769439612939846,0.0015548140849561583,0.17026742198145353,8.898579040591166,11.462502636057856,15.389234739246383,4.4335770166969,9.027116112187846,15.165861414154527,15.799855113893102,0.10766564521911015,0.3261610786346608,17.831746516499038,0.01152306473497951,8.678054928005725,8.102719787561622,15.199297555312674,0.10865452647498872,11.157449819867693,0.05878683804106499,4.808782057630297,0.32682284624135466,6.455937783348519,7.668582117810657,0.24652517452591827,0.357631837571287,15.174359601745994,0.1087185706508219,7.039868540667733,0.05859861757627051,0.01152306473497951,15.770250505379549,0.11979009352546804,5.89967522321143,15.735505679401271,8.192721444004054,3.4485092408779505,11.204156598510654,24.302566384491943,2.0929794737924765
ant-1.7,46.30176676117887,46.372190166499095,53.14819984242358,0.22438293233522452,17.165143861739917,5.7179741425095605,0.017218833319094386,49.55267199261712,1.1045949311486933,4.9153313198268656,2.263219943143254,0.9416065496137027,47.784987103467486,12.845450475103123,46.372190166499095,0.22320342678049288,0.2121736946916764,5.64291809154522,33.587269150230405,14.225365022146743,6.253907547108393,15.607091961343952,14.44214713491628,0.004583620110259555,46.57048112215825,0.21094028691431516,1.8768361473694966,0.0852863348234879,4.7495404475276395,0.2847567785472227,7.3699791957884235,14.73156455629051,0.1613413632295977,3.7241009135916183,0.011564733280993462,1.7420856913474836e-05,49.05240494267531,45.98311607185913,3.6459194576353604,4.411573056416724,1.6715807525833022,35.55336271511863,1.0575760584144875,3.2548077776573194,5.546674609967661,0.04088787600259318,0.268819769795761,1.1095171589733215,0.5493361785243372,5.57372097074753,2.2980536912335117,2.518229671028421,0.04188180134486462,4.5345357360435665,14.432378655607462,3.255665728908202,8.779393037504718,0.08703982735190216,4.612815990832495,8.144256280780152,0.024230649461696365,46.07769647707302,46.38005175112089,0.02405247035003558,46.0786165803537,51.287589687149726,47.81770710894073,1.291657969795107e-05,10.185516397270463,52.409024188455135,49.82830117088047,1.0189163239887378,0.12669880733305222,0.22374533879007388,45.749177446382255,0.08856054930452101,18.770783839008995,53.275443611928246,49.50729634030537,2.6342805497919533,1.7420856913474836e-05,1.671595145366565,1.1108499324965482,0.7639278413031904,6.470011107599034,50.881263441858664,3.360446812267809,49.32919690040553,3.309352546040718,46.88424496207604,5.578835306227256,10.027481762915375,3.3498383682796007,0.18195359810709508,0.09061804985336792,50.53523687490934,0.012247134341247225,8.649890739966118,10.598118093700968,21.45375655216678
camel-1.0,14.891657502028881,0.0,0.006765060714282594,0.0,11.772566025826617,0.013575020027423137,0.011758521412834108,0.0,13.236256622276304,0.0,6.576177362714813,0.0712991898964374,11.819788925871064,0.004657809171427555,0.004819108745528077,0.005723302993017712,0.0010280965629450357,23.459551738265617,0.0,0.006937229495603912,0.0,16.807562107280745,14.285636045773266,0.15180753621912718,0.025244360393624952,16.25907935164324,13.207945997309254,0.0,0.0,11.64986060195495,0.013381803888621455,0.019852992176415153,0.006382584913674327,0.0058856569469185275,0.0,11.120036286050638,15.109984191501095,0.0,0.0,1.6847253823095918,0.013285915256572713,14.173350725746326,0.017174392192758292,13.207945997309254,15.023461135030246,11.772568332626685,0.0,0.0,6.62543022727416,0.004520822167096007,2.052681176291461,13.052809811278676,12.94512542169596,11.057654777552166,14.891398449744113,0.0,14.122824502337075,17.06258948039183,7.091619276615823,0.14827300092915424,0.022161471137192922,1.767376794709517,1.5823919576665793,10.674508064327352,0.01666099460913834,1.7507659558822375,0.04537658218147132,11.27393206441682,0.0010280965629450357,17.33568786556435,6.625446309386754,1.4688911427077431,0.0,0.0,0.0,16.876945529817235,0.0049530097178855995,14.47196069530601,0.013223297395071824,11.768348612389213,16.903360289637007,0.012624581007051976,0.04559122711116563,0.09143716131264593,0.0,0.02004196779307522,0.0008561274918313529,0.03939671148767933,11.772568332626685,0.0011347510147006212,11.892643208172622
camel-1.2,28.972613247988154,0.5384791344916953,30.7548916272919,4.233919842763045,0.610827399132623,21.990996200353543,29.208000313394074,0.10184961376083378,1.0780633647818458,12.745748594566338,0.20138650464428276,0.08454317141492028,30.249440636582047,30.060826462112445,13.942073800581412,28.356000207080708,3.9121893292094985,4.157503564323976,21.13987493427075,12.121563647769042,3.426135268518456,11.281415154560133,0.5976126945238441,0.1875897913668821,0.5977114650518194,4.233919842763045,0.28153016341720005,29.104574071823823,0.9080946933633278,34.27961697837908,31.936520432585446,29.791111819550338,31.08564847688118,28.61662102780744,17.481062330458325,25.113658490946374,0.2108855615138568,30.660115255849618,0.8314778673774398,30.464996964734638,13.782626603763969,0.3911198223249623,3.426135268518456,16.62721023010602,4.191295216681716,15.662803929990526,0.06810980859654499,3.888887636773452,0.090562691451124,0.9691538458240359,1.6001605861456858,23.386707772195827,31.568857230818644,2.905089953501073,29.72685740061367,0.24363702406471013,16.46800286943212,29.72958873328022,27.733139204186603,0.029598164684668898,0.2004596782521776,32.02523873372816,31.55336888760834,31.113027044623486,15.108388784538286,3.9163330336013686,15.787632081330349,0.2575062224413439,0.029598164684668898,3.4261346295134967,29.50959299996859,29.9116549904984,1.2503809532986248,0.05408423376142511,30.465543389919965,5.244073207849409,0.811374381519499,16.08858949287917,29.579296876396246,34.304067988163844,15.694856562496023,30.80620933508861,0.3509526445306126,22.33188408140598,21.1428023454927,0.029598164684668894,13.446012436661038,0.04049399336610127,0.08454317141492028
camel-1.4,0.31265654181667607,11.0311888907916,0.07725065709164877,7.880623944267651,2.3931433132727404,9.343502608746086,0.07453713360745426,9.301886416853922,13.048917354401699,0.07453753443649239,13.117695834342731,7.581540490009569,0.10029650851914189,0.4136893884920842,3.2554573014080366,0.4884879229436951,2.3612995792831493,0.48947985619033657,11.002129872172116,11.0282581003425,2.3931433132727404,10.069346211384504,0.5303053780907663,0.08600663195355684,0.14570369339156378,0.31495901138098226,10.143099615121367,0.04507900388638504,11.05950256646782,0.09699646337976664,11.560408276558512,10.147591475399135,9.106528648062463,0.07865998607530471,0.06902530982338488,0.5106928120593258,9.466129887915166,0.0745352318031602,0.21660668683056467,0.145746085608567,0.21878468650969116,0.5808484362855794,0.567017299914176,12.223056260316861,0.07453753443649239,11.035642804049468,3.9701040766913707,0.0746637493707277,0.5826231630629455,2.324710553139058,0.14119892940519108,10.890363620490449,0.31121389463826477,0.07749498161289813,0.25609762072994835,11.74913641433986,0.07306205800467525,8.239602079287934,9.513740714649972,9.964566395507356,0.0746637493707277,0.054268139787346695,0.7823689493400166,0.7838090877891303,0.4981129394413796,2.324710553139058,0.14574646773815034,0.3038759164767222,9.415945829280524,12.72854933313582,7.581540490009569,9.459519809397435,0.6029925662270478,12.386611997838056,0.17768879634258192,0.5677991979282839,0.8808605912190489,12.376355177654546,9.466422895540873,0.11568127046789674,0.07302395857832876,10.163617021292982,9.171987107934886,0.8371973981151495,0.5389340453179636,9.019922456161868,0.12899919295275103,2.81322725018202,2.324710553139058
camel-1.6,3.835440075499635,0.0,5.969959295425107,4.289790010437337,0.0,0.0,0.0,4.612061832671797,0.0,0.0,0.03381625571092943,0.0,3.7755214468876295,0.0,0.0,0.0,4.245135024254725,0.536701919896497,0.0,5.074721848170104,0.0,5.800785115409827,0.5496969982422812,0.0,0.536701919896497,0.6108293239526355,0.5017982016767147,0.947529420064665,0.03381625571092943,0.0,0.0,3.6874610077977343,0.0,4.248157182385797,0.0,4.322063937830811,0.0,4.361101965576481,0.0,0.0,2.8909730286401105,0.5018250201604582,0.0,0.0,0.4957226350005801,0.0,0.5606830096016041,29.452038164449647,0.5533788708320764,0.48838992785548796,28.398322805843144,0.12445745852486861,0.0,0.0,0.5035880114021681,5.328450584210938,0.0,5.801228144748787,0.0,0.0,0.0,0.12492889921834338,0.5014434553837751,0.03381625571092943,0.0,0.0,0.0,29.452351481971927,33.17078321480297,0.0,0.5017982016767147,0.0,3.682879848736901,0.5365345738035023,29.452038164449647,28.79107664446183,0.0,3.724331029546784,0.0,0.0,29.452038164449647,0.8022237234783264,0.48999301060652145,0.0
ivy-1.1,17.81930091683651,30.718924491052405,0.1726473107421029,1.346051248452092,7.6651972200008105,2.0597275865180524,1.561811913350135,1.038248547285583,26.752159604079004,34.804791705998056,16.952270501560978,1.3431390556997125,0.1271102576701244,20.283931310433665,31.932101141707108,0.8464801464538866,30.718924491052405,37.05767461033193,4.520805266383635,34.94762138874818,1.7067665547929383,30.18299923004173,27.913051280134805,2.0629939813522347,1.5570080810880444,1.741296942722595,0.5522809263351568,26.318089626574373,19.615718718505672,39.5481349146678,38.91671290983824,26.229433678940868,40.75968706236608,25.216059338511066,1.6671697238433991,0.6836855706413093,15.465924475612296,30.133952226447374,2.0597275865180524,30.427195370923886,9.695900652685857,24.985956830478543,1.7602930500327196,29.659830266424777,31.107026504669474,0.13682895773764134,19.481038071984514,1.5449688609484682,24.32142013577524,31.013235202001923,0.2073087003760371,20.283931310433665,41.55147753819872,39.556090462469115,1.4503932352794107,1.7636783805630922,34.07084985194234,19.88641936592577,26.53781400133135,27.735002151107253,31.908782351289133,0.14071248470893377,33.2241915190257,35.25901633538777,1.1797322831256905,30.21040412852528,37.714837047925656,23.061039185362223,33.99259150174845,1.5539451530617427,19.615718718505672,22.54018018079948,19.736713992924017,34.02063301365052,1.5217579056517556,28.396044637485815,1.9801780185567783,32.72639792347344,0.47785430446433774
ivy-1.4,0.07330139885039896,0.0006816343352998613,0.028287433411433548,0.027313945835594135,2.1909330147078196,2.3391809592474817,0.0499521684690788,0.0066658113441317455,0.42297131344159133,1.9935219254939625,0.8624215753512863,0.41899516159416084,0.03229625981858095,3.065713024111044,1.0845835273591629,0.23975083444622172,0.0015719580416039935,0.23925633956987466,0.0031433393470693084,0.006355528383092448,43.18223423372156,0.0004092641290589298,0.0066658113441317455,47.32547483401382,2.3553154126525486,0.004769237377887748,0.00011343238942643024,0.028907568024521078,17.649105595369807,0.24150473350684562,0.026333174322582826,0.23937869790766655,35.20967812166862,0.006355528383092448,0.23672524968808029,2.340841464918856,0.4189626977379395,9.075656958423036,2.3018371061011202,0.00047934081239058013,3.681192191289323,7.624713989962923,2.186277668686501,50.64048355283523,2.368674129077569,0.2746164363447527,0.8624424062788039,0.0683190817045834,0.06469136590510673,2.3319900313433437,2.352142140786231,0.4218796301456107,42.638756496268854,5.3631185895765245,43.2305665637665,0.052021723227685925,0.05274742879249243,0.002691708801229796,2.3004876027852696,7.2129024132841355,0.006355528383092448,2.7596739269668524,42.752258007009786,7.718643165800153,2.2296706384393525,2.18768609924056
ivy-2.0,39.21369094237829,8.992902325119777,31.76196427693104,48.578940566762725,38.98606997778559,49.654672608457396,31.859961262193174,66.80142588087267,0.6505806429006088,3.0428670008143524,37.816220945511645,24.467159788791406,41.82895288365123,50.24079963034866,2.48093701378437,78.90251722916526,49.85593612410817,7.827938635578416e-12,49.19366153428061,23.03373293344779,0.03463111061273766,69.41095655938226,43.433241193301164,35.630508652388734,2.827235040383944,0.17796705104250599,50.8559064901116,69.04358342640208,0.07257257629300973,70.88705862809691,50.12554114310995,0.014403217767712027,69.84704552495013,78.58992670410353,4.311611288484489,50.5841607745346,0.0,76.64059876568862,9.220437039292598,5.67750678790288,48.82245190131111,38.73901713038592,34.70688462913413,3.215491893215585,0.0005537682390836224,55.155172894196355,48.155499737852836,4.977738283945646,0.07257257629300973,48.37739044808392,54.15968275275711,0.016458839828894956,7.827938635578416e-12,10.473495189879847,66.098048851059,9.062260022539087,0.017995869230676274,0.052547100105892065,0.011034224017897346,69.56997830280105,55.682838844705984,44.00787962652831,6.0203925541784225,44.22087490185188,0.009461748007882851,0.049235113198879965,51.24249512655055,45.571910180306354,32.403765245117285,69.71426898265821,0.016458839828894956,6.389648641565927,53.003778339519464,37.977716526292326,0.0006097399002365408,48.293276115157305,0.6489093666869815,9.542547148312481,45.4246289031423,51.74446690945696,0.002676874432406162,45.99760803485538,0.014422740815353717,61.058150499232795,51.68205139350869,5.919706627441335,3.068002344720325,0.0005537682390836724,23.46371072869905,62.5559742481252,51.24249512655055,30.290959521807547,0.0014090982824105976,53.9796073743253,7.582199637166912,62.843015683951,43.08303157289957,54.92316074523391,0.0,8.208006192227302
jedit-3.2,41.098425840556324,38.96764586808198,27.956629073141503,0.5980958292999397,0.0498482438325194,50.56353289215346,0.22681691542677235,41.311032136881714,22.946742543062435,36.76919778601133,20.760310021375773,0.5200080074537328,2.0009641997505407,0.1253294890020945,0.8152884835817067,32.897020053397995,35.58173880908556,0.22607529722263947,36.54756308011654,0.6122334660658288,0.8967643554881283,0.13564252507321464,37.24609173177875,0.8246689928599059,31.814741495065313,1.0435983192796914,0.16634444660945932,37.18422651531441,26.627720381064297,35.551202618553404,0.5808216725797476,11.68560576120898,45.1485311485431,1.6321523041189538,20.472761874528274,0.7278606003468205,0.19276124761794428,15.750936778114609,0.040925234618674484,0.684831350908907,29.633415514690938,0.8944271692899927,31.030134908798647,16.126792179986023,0.28149599194994923,0.3716741460197648,1.4432471329105567,40.642360163574295,22.663415094867013,48.721741294487224,0.11574419311829626,0.07599007143927967,42.67301287680739,0.8087841716856314,1.676490916840765,8.870584775014729,45.8144199810189,40.51506132468167,32.560216334047034,32.961222908522316,39.25369518332673,32.28748306986817,13.624616644145803,7.814432204661982,26.077138449990905,11.213275658693972,0.6074764491911341,33.41920661565205,35.85314294042937,18.378030317933405,32.27114418764345,41.04415261177275,30.982888399125397,39.0130093488369,19.263003043579978,37.417690180987336,40.37979904706384,47.934855973958676,0.19744994736238797,11.2093588453939,37.81876441096038,46.045900859479474,40.173086740459084,0.08440681084644534,40.72842315143827,35.33393070180901,3.609290736710879,34.340937706612664,36.07805486905266,44.90478453213759,11.167450950292826,39.663699300614304,0.5181879559954773,1.970448568922537,42.30898687770254,37.96771854458619,41.649820517174774,41.95766765291489,14.928978763077552,14.249881970955563
jedit-4.0,0.1309155384852383,4.9768651840475515,0.11155712449380738,1.3181770850314123,1.4531613809478259,0.17164411389222176,0.12673416923245737,3.5446335624528764,1.7743277873016217,5.24992283296095,0.06872850329365152,1.652052636905241,1.3687977105051845,3.2818876168317797,0.16232207713438662,4.950093664305952,0.11919143792579473,3.6777595301741886,2.1996089130195173,1.624146139208721,0.06723370022122521,3.4985828312738185,0.4194889239260821,2.5136651100571843,0.29191185650706786,1.3181770850314123,0.2734384742313122,6.970218152215755,0.4170920926938321,1.3776078893687556,2.4363686107482083,1.4147841761467759,1.2920076111654313,3.264267193354847,0.0,0.08198770128581737,3.6991244692524425,0.861844907330215,0.13731054011141722,0.06723370022122521,3.4985828312738185,0.13234513889009625,0.3661937539978229,0.35061182289245113,2.693622964427136,0.2736300414280497,1.3585614147197997,4.193369615482596,1.9263847419528197,0.4319624004379262,3.541923606071463,2.77350408901222,0.06968458379265602,0.0,3.728431115066143,0.5114952890549792,3.9688205426604624,1.796444749110949,0.20129954747265286,0.1554888814194248,3.6761792398334383,2.4018156916597335,3.5912448640607715,3.3344509688537327,1.3637068468932922,3.64581689569758,1.3637211612354896,4.525682572257495,4.983020671809366,3.243001850735456,3.5218126115849744,0.01634713388530796,0.29191185650706786,3.8409381667516613,1.4278823793756905,5.746035196866581,0.06802533275114195,3.286845450254674,0.10753375511628765,0.0,4.258666589948278,0.06854669004172763,1.8458254770706755,1.369865177290009,3.9660444622271167,0.06973491202145601,0.06723370022122521,0.35038473253480923,0.38118032242693756,1.331556966860823,2.1995959805088217
jedit-4.1,5.485831885688192,0.0,0.42355052919374003,5.4487350627534985,0.4705320730752636,0.5327457282631649,0.25880152659908184,0.0,0.6378268377567118,2.567131595648801,0.0,0.4237073650043963,0.4662491508937185,0.8651559661503105,2.567367731619305,5.314890974522659,0.5430927718941782,0.0,0.5526292234118859,0.6809317028636639,0.0004706482186971894,5.897873250675,0.544984769145985,0.0,0.04028381417878091,5.221822990497503,0.0,0.8715980158740826,0.24364916509556792,0.0,0.03762360626192373,5.151330968065239,0.43347228617324435,5.108829124925664,0.6920920881000296,0.36866903805581513,0.5284885397105962,5.103712490258116,0.4958620317193248,0.44391945579762737,0.501375643925755,0.021821183837717237,5.304173177350554,0.5333786017271737,0.01653649468748441,0.5622622563797841,4.89568909319365,2.567367731619305,0.869681722509958,4.895592762468303,0.5119401165461923,0.8652307479461145,0.0004706482186971894,0.5725784416027778,2.567131595648801,0.5622623505060267,0.501502166752949,5.741138667414993,0.04028381417878091,2.567367731619305,0.711923288189972,0.3781414912354847,0.0,5.2255899709623215,0.3781414912354847,0.567546491526146
jedit-4.2,0.03278555451767026,0.11155610878120181,2.6246689998120827,41.75728243324239,33.27105509206197,6.334403130222858,5.1964008419982415,4.5903611994185205,0.6951629568139839,0.2563985492127583,28.610470472406753,0.0009338172083002602,0.012034789661909356,10.321095026718785,4.5903611994185205,30.36948876687808,16.323608531708203,0.3584863688727268,27.81611983701339,11.475997112566992,17.450739923509673,7.912113770025045,27.595677473551966,11.332300925587921,29.789698339873727,37.84837366040137,40.26404231879859,0.0009200141886627262,0.7256984567993102,39.58331031947201,11.792072349066578,31.361576996042615,0.5046466440420414,29.564886163732595,0.20139604492423716,28.053079249915033,0.13901794693747827,0.3836938046783056,7.905096502657365,0.9738685256206511,12.340715374262555,11.444253973337032,2.1285852737725355,37.36057354722571,31.142675502245176,3.544588177244924,37.544896173951,38.3555248287032,4.131056437859021,33.31513931907016,18.26221587141248,5.631250700058875,0.2646903880415161,38.0995967425981,0.20868446085375977,34.23984662402865,30.126498422523007,0.029809214796119768,1.8351092548307038,0.035282483969399966,0.4066527104256334,36.883260223945896,39.56353327448577,34.27402762148606,31.757159207775683,0.03274137272770489,41.250260180225666,29.009514905174942,6.294192175713864,10.477913824451674,29.792354244943628,0.6829819144182652,29.669416333726243,29.37822231875248,32.080246697277204,2.1285852737725355,43.42067174496917,29.692396802437408,29.449062918701394,37.544896173951,0.4009661980212031,3.592546373824779,0.3036378592519713,28.522922779479146,0.37610590318519266,1.8372883459179308,0.007727893320217338,0.602425969268104,28.46926737236211,6.6081855650374255,36.91958373655878,0.7695742089253415
jedit-4.3,0.016490955992363686,5.711499823427115,0.008140207581255322,0.03696885991689731,0.0015418933079682632,2.9633558013521513,0.011883130666763091,0.02927680233675736,0.006173076283593232,0.166438448103683,0.037999611496949755,0.08027746557190633,3.1944771880468643e-07,0.037046718491746775,0.03946729040304694,0.0,0.00579115175441397,14.825412205659433,0.03999589400405672,0.012815745582524862,0.014489633741709206,0.0004772061669365939,0.0369685243394566,0.00808906844535459,0.03915375320237953,0.0,0.004036394214645901,0.003940418269020532,0.0015418933079682632,14.859388207126742,0.0,0.02321434197213881,0.007676917016424039,0.0015418933079682632,0.012815745582524862,0.04846789044857218,0.16613331395076664,0.038760557859340086,3.9846170802009686,0.006524938671531294,0.023256769147221176,0.039467290403046945,0.014978708184199526,0.22930613809781522,16.515306741155094,0.004033499674592675,0.023606360935497832,0.008212431414276621,0.0015418933079682632,0.006091245891752958,0.03587056841523165,0.012614520233097436,0.3993689340403735,0.0,0.006206384214267199,0.03794915895401596,0.008140207581255322,0.039467290403046945,0.039467290403046945,0.0,0.19027110080744533,4.109190906207992,0.004020152551635328,0.26018932620174406
log4j-1.0,33.976229909738656,33.486267929448005,31.267626429004082,10.377375634203764,0.5013179676725849,0.3549652517369734,0.42276155396801285,1.5013387515242458,3.4195108208646685,29.161037121078163,31.76550383613039,27.751897786461193,0.8211965133598016,12.56992789389945,35.056767236921544,3.88244632130567,10.382047792186611,21.72618721340185,0.06792306030862723,25.99950690206639,0.065321378481134,0.33650506319320167,1.4781094875261502,0.3237669073108578,16.881791317945645,0.11132535412866851,4.278971621789458,1.18515481952831,0.44265384675209624,3.088465040814622,17.837336987077684,18.748898351270256,18.44300973067146,33.63129339956269,28.98155415163719,17.909186062857778,1.1806480527881416,3.655396215038118,21.886996912585865,24.576034844864353,17.899816619145984,0.4217580359451052,18.271651624836597,8.226825126767622,18.941004965041042,9.585977566221198,0.150009732033428,10.307613273846062,20.930900491920056,21.49401816307561,22.180220761028288,1.3601052878737887,10.382047792186611,32.29001345299034,31.50959065234149,3.1485194507832976,27.75776436591563,36.420936291072515,15.440102951317716,0.31811504159043136,30.419483104683327,3.936159435066278,18.795658393535675,22.258995362644743,22.180220761028288,22.65201798423473,3.0149349511875476,31.36385581979671,0.5234094004898446,16.728862069727914,0.13750962584116141,19.079645817882955,17.62255013710724,31.35205912977672,31.374517329965922,33.98170016277375
log4j-1.1,0.8120800054281055,33.84181511375391,35.432381535779285,43.743606416074485,41.878766131656675,40.6324401167276,15.332393031646163,35.38229871855885,35.16058234979039,41.36767542184366,0.09303155759834643,35.826231137469826,41.7408218496863,43.72930380731929,0.24320051158396488,2.1480791747920183,42.98730893138845,29.035443133654155,0.5169217782142955,0.7513899285143014,1.9437491251526784,40.700273391076195,19.64344079249981,43.96155209473375,33.83965652762713,2.0518706518738687,0.3388600317160391,14.831984010655454,14.797838171057492,41.14923885910192,0.1614856855538341,15.928326573831065,42.80536641794339,0.7514576952108718,41.39928411503157,2.405649455673997,42.368045094633224,0.42423261230260206,2.113760162297297,4.309678592928624,40.184165403938415,28.98424179650955,0.8659843063280883,41.419091448234994,0.08373916684022527,40.18111664470638,42.997620976584486,7.291423465757383,2.2379014120549168,24.23745259682785,25.378027456070754,0.5427370808087886,15.92767953336383,0.09121434747958707,2.3529052013645764,37.475692885391865,0.5787748135837848,41.14470025221851,35.3222364002479,9.551466474848441,13.927031602969313,0.3454863722617481,30.963181441623643,15.766956324014918,43.889811332989396,44.18273577530525,24.14510765777873,44.46328697340348,34.46914343061105,45.67980765687015,4.202416150954196,38.98464079278846,38.9848920951637,4.202416150954196,35.538772311829675,9.481434375022591,0.2437623794359585,39.10361009231846,41.17713915999882,0.8105720496940783,14.798627590626934,38.00237170272575,0.5483275030366094,25.20708952488344,26.288943271208616,1.5559789763953518
log4j-1.2,0.0,0.0,0.0,0.0,0.0,0.0,0.0,1.7912575916214521,5.710150642572455,2.094871738743596,0.0,5.85448452421017,2.0427037631994014,0.0,1.8953603112420345,12.507259733707862,0.0,1.8815068610939412,0.0,0.24516360713235558,8.225374837813227,0.0,0.0,1.8947776008742214,0.0,0.0,9.82275901134668,0.0,1.565678872432801,0.0,0.0,0.0,9.64671495332789,0.0,0.885130640620253,0.0,1.9439224863919011,12.244457535864452,1.628557936461771,1.863361038680205,2.7140759729873123,1.616898339952551,0.7464176998174481,2.6197349478309553,2.626472752684508,2.7535948481543153,0.0,0.0,5.85448452421017,9.822704836602746,0.0,0.0,2.7440504668717915,0.9685595482647937,0.0,0.0,0.0,2.0922950266199756,2.6197715379635347,1.053065644921705,0.0,8.26690454269814,2.601702283091905,0.0,0.0,2.2305244419194996,0.0,0.5950130780958464,15.760705318851159,6.281733703816514,0.0,0.0,0.0,0.0,0.0,6.165777741755538,8.37326763304771,0.0,7.065400384238425,2.684173273203753,0.0,2.599447681918732,0.0,0.0,0.0,0.0,2.19850326528029,0.0,0.31179205204775795,0.0,0.24516360713235558,2.2384450949506176,2.0851519893312407,2.604813558559947,0.0,1.7912575916214521,0.0,2.500140357099009,0.0,0.0
lucene-2.0,46.911070958690125,69.17979098320465,59.08468668006616,50.90480325757148,46.947714364561776,50.85571354684253,3.0782027809679144,0.12356296310459504,70.72780875919756,41.56928213965956,40.194050533009914,57.083391095673576,50.78330890704511,2.718417529953198,55.42651965446192,45.14525918473321,52.816571907529074,40.26132073948162,36.232024806375925,41.73263856187451,35.4880109343453,37.72391867491494,55.03355042672551,42.42348345118435,50.83079137400309,43.7731149857049,43.185305908428,0.2095817122225133,64.40438711161865,1.1797785384175765,41.879899403834614,0.3234537905725335,74.74342176421519,37.106616143154284,43.04081196352468,36.056955782526735,44.84092809461946,49.8946595081737,61.699299291808295,2.643834737018508,1.9075662140180918,1.1794536519246848,1.067671097434642,0.9489825722187653,73.07820986043278,54.88193681940169,52.93479847459338,74.92382467968011,43.14314754264794,42.98114365295543,54.85998262256934,2.349960843600516,42.5620442422596,1.531601273626737,70.4216438396666,36.117188361156444,37.440259790985635,52.921780533535824,1.5841649457936753,1.853558942201835,42.60533927867564,35.77592051127611,1.9075643236009552,1.853556185949308,36.00939449971884,38.91127860198726,44.3328560953507,60.98514746852195,51.98192671101628,42.532354185236116,64.22923577894996,42.6102998537867,42.4426193893857,75.13173159929741,41.07762012376238,1.1796186971790479,1.8584479447016762,59.68673936157589,0.07866950760319887,2.718417529953198,50.70150395370482,0.5811529633380941,2.1502006016742654,52.041402856147805,0.5764492973135968,64.24520061980411,42.81846853030292,73.01993757542303,44.382850961958724,51.476036477605824,2.8278352433679013,46.74805374222662,42.21191024811139,67.91350254161065,2.333684645601645,0.12413815659609034,43.74374859791122,3.2131283909300636,3.2085414305648436,43.158245134582835
lucene-2.2,3.429409438680094,0.0920227395114981,47.18575196030271,57.87255318391032,0.0,3.207667267916121,9.981207819217357,65.81049486279468,67.22014691656547,32.59196037643278,43.572255989597146,1.4991700308498783,33.079880614023004,1.5543497349730382,0.3274084436136886,56.56928358297773,1.310251785900919,48.51078994311534,0.04821405067852638,0.0,0.41026090225504597,2.370315055707541,3.862946387930484,3.353866862449836,0.0,0.0,0.6875064142099842,0.16006925361306568,49.71448866437359,0.5431673188616941,41.311439603146766,1.5385237367234152,0.09296228943430682,0.8377363991218785,44.42155685395743,67.45211640256157,49.33930164937105,0.8377363991218785,0.3992759116481617,3.5181394212390242,0.675092200995269,9.939967109643426,0.04821405067852638,0.04821405067852638,0.0920227395114981,25.284986227862596,0.0,1.0240002868283617,11.880063706545533,3.2034582366601025,3.63867834497059,3.3036479771181164,1.3468338768282275,3.430815402991982,1.226490461277163,0.0,2.141481842228421,0.0,0.0,0.16006925361306568,0.0,15.022833187642245,37.5666906716436,1.0400413431680127,48.51078994311534,49.616882023882425,9.939967109643426,54.65339586276809,0.0,0.5347201160845768,1.3501553083705249,0.40726898680440937,0.3969709364834692,43.49335442790929,0.0,7.976697858530031,31.884520660471,40.40978620973472,0.9790611130180377,0.4102965886984358,4.358798441566664,43.572255989597146,1.056382933582239,0.04821405067852638,0.410134033173171,0.05366324548350829,0.43274240393761076
lucene-2.4,1.597277342674932,1.1666201631249375,1.1666201631249375,1.1883895743761108,36.2503918901315,23.174615813935738,0.23661828411561084,20.8465890539012,1.139936305005826,0.15494940428402404,1.8472226532810292,27.478905999178032,1.8715782541080555,24.475647553688844,1.1421600328648456,0.9316595742891889,45.716669293171016,36.376084034339804,1.687080622395584,24.530335659702896,20.82770878939909,0.8704588933676349,34.09771862155231,1.806164858008831,36.088106751377865,38.323959614293706,31.135099896424514,1.590273288761943,26.689717549552395,0.22618314237944834,1.3275935396227494,1.3492542658380509,1.248816023082449,1.0977336869600136,33.12141258987344,20.899607714537787,1.2123510156597848,42.451648143367386,1.80616499542409,35.45702912379897,26.855113313943413,1.097625386436987,1.5214849587002774,0.8774492459706206,37.73663566054107,23.98083825978497,1.1357351589055789,27.84054054889492,26.221608793034424,26.069157313930784,35.72745156874491,1.1357945980491908,1.2540108671155807,36.43119401108204,1.44783344889554,36.76450888841906,33.28671237729227,26.29970845511886,20.971867929232456,0.8397985474509111,1.6707450235400507,25.40862449379561,1.1912084559850145,1.8043233232649953,21.93651994459585,1.8061648617380148,1.9413512839818263
poi-1.5,1.3159422915605556,9.813888309225334,0.0,3.7920528752745626,2.116638496646858,1.673930655178685,0.006554541907849545,2.3440053189256864,0.5192937203976251,0.5193477195970632,0.006357396141867255,8.991527000770668,38.57274807655307,38.15726590647937,1.9559597904637531,1.997310102636432,3.801270014478285,1.4203685839161146,28.09860051200783,0.7169648546501248,4.09429427208007,0.0,1.1629998535368027,0.043091208755748046,0.0,2.2844722500645585,0.5152880578125395,0.07318627436426445,0.0,38.71015166931383,2.3547331875050634,4.09429427208007,0.7169648514067795,0.0,4.08553017609696,27.696979537441262,1.169819326907029,2.484322484092188,1.4045171404470618,0.006357396141867255,0.0006835523018648114,0.0,2.3583401391389778,0.0,0.04170134564595937,2.3436154799023328,1.9965190732935176,0.040704940705253066,2.0172609422481607,27.686533315409356,1.169439021366111,0.0,1.111507580714997,0.0036096007500331317,0.04128899275956216,0.6348352795035036,0.0,4.200662776972257,3.927299980549972,1.7395625738685312,0.5363711557612488,2.437984560089599,39.45917933607056,0.0,7.558401375126818,2.0175938937231144,0.0,1.6240246217696797,2.3855687721129453,3.801270014478285,4.08553017609696,0.0,0.028365060243900585,0.0,0.02853059507586845,5.20428993152065,0.0696478653404799
poi-2.0,24.890908594076006,14.499804046706405,0.11160194418320614,29.578835754201524,0.006077294402416127,35.08866285049592,27.40273035341991,0.10948697599343821,0.11239962788164337,0.5007566546033817,16.091299238761824,0.10494894244360153,18.849922127024893,16.809300300371422,51.23988317386676,0.003094353087068865,57.526468202421924,0.25147151756383124,26.93619108140781,0.13201724450177188,13.215507377003357,14.931337281575198,16.564225383483418,0.0032198548894888266,0.29346157050810623,40.709320871723754,2.253437767554451,0.42395674172037584,18.306878222989596,0.25378132106240414,31.691365100843615,21.036449234362813,0.10392726261829874,0.6134757005734348,0.2352232999854198,58.5493521084404,0.27171725498224913,0.16130258390171184,0.2722647302719702,35.38283209677778,27.40273035341991,57.85369801918628,0.0,0.10662037292283433,0.11520690939242846,21.182677838802746,17.13683432934204,32.57967306739799,0.5052889507153216,18.725229575411213,21.438426990808193,0.1064199447708639,23.563029929188893,0.27633849759501217,18.264037652568476,21.11867558813686,13.51317844246926,22.014636201123814,0.13255935980081432,0.10446204608370128,16.53822844223428,31.763074410048795,18.555337137377947,15.155361746892192,19.243518530635733,0.11216064856775981,0.12554116648306288,0.061058325763078125,29.141050704383648,18.558290640437363,21.09817093345746,21.43162277351375,0.2729849075951794,0.1267791933044319,0.22342039384274953,0.24818633325009712,40.34838820071027,0.10948394238308314,25.592677690771676,58.34629500015743,0.12656539879413292,2.218481935152533,28.42826244799525,24.616860848887356,0.13887022488351203,61.17059617624359,0.277094563438979,23.990820364728275,18.933497546716353,32.964541548502204,13.327365101340229,0.10943675868747199,26.93602397198101,0.601118374647293,0.10978400643425787,0.003094353087068865,35.08847260962088,0.10392726261829874,13.239362963895417,0.11334217211376818
poi-2.5,0.49432594550409714,0.1845707724560138,0.3061920577933872,0.5492220228949842,0.5288151924262426,0.3666653763080847,10.460856142779356,0.39558909320364877,0.3658749165213173,3.5481747530919265,0.3669124794951191,0.3658749165213173,0.3669124794951191,0.25633540836695334,12.480215520886786,0.3492054960126594,0.5788196195863226,0.0663859211403289,7.719230134523388,0.5046297487847041,0.2563354083669534,0.4478814501140019,0.7235239579894672,5.474012653765248,0.15503055835038965,0.6810963952058386,0.4091578552956467,0.549325992831664,0.5744940020370091,0.36411163336763763,0.6960154263110743,9.695690246093942,12.013583900623406,0.548723303336044,0.39558909320364877,0.11088888125773033,11.117317596546219,9.792105501762638,13.673317143611147,0.18430185526007942,4.356761631023211,0.20004524644957605,0.3658749165213173,0.11088888125773033,3.7191009318159027,0.36666537630808466,3.627049949960816,7.700181136467313,0.3666653763080847,0.31765262071272077,11.425088325621601,9.695690246093942,0.2776809444580042,12.455617650698166,12.260636390906825,0.5138339805099066,0.5480626255394316,0.024110047349349375,0.36666537630808466,9.92294061267329,0.3658749165213173,3.554595994320883,0.36666537630808466,0.36666537630808466,0.3658749165213173,0.31765262071272077,9.609706499380012,3.1793114089532404,0.5744940020370091,9.732976158938564,0.18430185526007942,0.5480626255394314,0.41478836135855485,0.7696097792422891
poi-3.0,46.04050529464393,34.69629141674956,25.170234086381704,41.86040398257534,4.022701096622907,0.056843294613463755,42.99635381312173,21.61478822610362,31.84507973405252,31.292014860959863,30.10249776019933,39.109090649943376,4.231911744983541,0.050802150796941614,0.032292724220299496,10.846421292091366,0.08189802335932689,0.3373154326483565,0.06103099543245167,42.909980263838,40.56200380454374,2.401946353903088,40.23457796369955,25.017192864685427,3.231716977032567,11.569832610225495,1.2275949554964516,0.2619280528172103,0.03516390278694171,25.017192864685427,35.021986997377894,0.41572021794033165,0.04298553753000602,25.721727150531386,0.011365358803906114,53.394708223371545,1.3319093687964634,5.258791060944973,0.5590569994902392,5.038516534723431,2.4089675467645737,38.40739178333126,0.05194798355195698,0.050802150796941614,3.22542462231364,3.979551209375976,56.98289640882615,47.50397400291191,25.721727150531386,0.06277303461844852,11.344899586431952,5.26099835498796,5.261031977141663,0.056241449086656,39.76977071631567,11.12409160091644,0.3235841114962218,6.346127816679565,56.240144628769826,5.261031977141663,41.333936845447155,25.62007034196602,0.11047564967545959,0.05214071473018313,0.07832846920019682,39.113419131872654,39.33168826802497,42.92475570848086,46.45221042308093,8.253800305641185,0.0004520973365301952,0.04588496817797001,43.52939740254306,4.686751964987199,44.75580141877615,0.2618347283205279,3.994438127659199,11.326612326219513,46.17115156020148,35.708752596274735,11.187496816101612,42.180041485121386,2.401967442619332
synapse-1.0,0.0,0.0,1.1099890136377646,0.0,0.06246776560476158,0.0,0.1211671666069998,0.04841726539967227,0.0,0.0,38.35341139822712,0.0,0.0,0.0,40.17054035081068,43.08502547099243,38.27810339759506,0.0,31.651208032277527,0.0,0.0008179226502151134,40.23689037805558,0.0,36.97895535254132,0.0,41.51242753187465,0.0,0.0,0.0,0.0,36.99801251601542,0.0,40.50635209794609,43.7111471062919,11.113384672862516,0.0008179226502151134,0.045590726580305184,11.113384672862516,0.0,0.0,0.0,0.0,0.0,0.0,0.12505265433503499,35.72195382550363,0.0,0.0,44.27513876341626,0.0,0.0,0.0,0.0,0.0,0.0,0.0,0.0,0.0,0.0,0.0,36.735451738048134,0.0,0.0,0.0,0.0,37.425550639225094,0.0,33.64938879286106,0.0,0.0007965699619240833,43.917300557470696,35.68958691687211,0.0,0.0,0.0,0.0,0.0,0.0,0.0
synapse-1.1,5.210140992935688,1.0444681028759313,0.9217054355841213,0.5988719416642048,4.432605022809877,4.675473516287212,4.926354975208972,7.746089109925022,0.0,5.228844213756718,4.669179508657446,5.122594601031284,0.624374774661038,0.8842553359999707,5.818552039038068,5.6326261145042285,0.6121904919634604,6.062299357467321,0.0,0.0,6.671695443406856,5.9482689654539955,5.501070844026835,0.0,7.662711643890424,5.181178184206152,6.858949785657997,0.6082325331906681,5.530512531077311,5.632364137882838,8.765431977639722,0.0,4.610153438677161,5.26651835599664,4.453860196952362,7.8917240010809895,4.886847535912008,2.5352111940022737,6.642295215251803,1.0175114574313269,0.8767954200044618,5.572815410218837,7.194959549417085,1.0318215431917623,5.28557961037836,5.787459398822665,0.0,1.035747633582724,0.0,0.0,0.0,5.227343158039031,0.5611043997419591,6.8795243001500275,1.035126303496177,6.301761128550443,6.640468889643105,5.1873803119060184,6.29181227515984,0.0,1.0207527730706771,0.5454573244526587,0.0,1.0357379309317953,0.0,4.089617697024934,5.523741365051886,0.8632301464274961,4.325987884421941,0.0,7.216342518662881,0.0,5.265505179020626,8.950193422130624,0.0,8.171773009044891,9.013995814118097,0.06069688151819147,4.889058593783596,4.069418286874397
synapse-1.2,25.22094636417319,12.041973535952621,9.993532896202861,25.90638810242365,9.909157415311697,12.99125926244354,0.42376267980626753,0.0031075119785891705,0.37659294312234787,0.01651745127545429,0.008062954914223817,9.061058489834503,6.847926247650957,8.281254107151005,0.006283776066729299,10.171918266817167,0.22244777778147973,9.95829726722239,11.337170469804644,9.049978347877977,0.00410431278669799,0.27873023078263054,26.06502329238381,9.974186618004268,9.96486154524689,0.3191895705823494,0.00410420480159094,14.345040890775598,18.950432182023373,0.21439942024013245,8.326801279585531,10.913814509663561,8.646484811923472,0.007286019631136968,28.23319501776358,0.4418283147479994,0.08895948018004454,9.103626755977217,0.37271506820650846,23.407342773853085,12.143677305676787,0.6021303923850131,4.978447400861258,7.32139451935612,0.19930468526704304,2.3370485533625334,26.603056536582745,0.4254545013615134,2.791366126959838,15.147358247891928,18.950432182023373,0.00410420480159094,0.31991441658005987,0.08369099075286275,14.334180877774656,0.016424713212834858,6.95987518933439,1.319064527880215,0.00410420480159094,2.3228318270044452,24.85639103970499,0.01651745127545429,10.309165891433551,27.099051861337596,25.54730409221521,1.3077515775786779,10.160298007528603,12.448289896047713,29.857347608204893,12.9188298138438,0.01651745127545429,0.006308717025373409,18.950432182023373,13.50001916806475,14.442163335581567,0.23797705186453838,8.273077984842594,9.440910234532357,0.20119957515484016,22.947417401789327,0.07017860956936497
velocity-1.4,15.890517059777995,15.926187570349462,16.073658848239543,0.9232689021756172,24.23612849096773,16.904665447820097,1.129110155025386,20.317470955152732,15.94700022934031,53.64069617456098,19.67047965316668,22.2311092179929,20.67840876698542,15.968651339777132,1.0309514968121176,15.5704178698534,49.39275976673124,55.305249374798024,15.675022439397566,46.511967791965105,15.260343259428051,37.0264155609657,55.29683843724031,1.0496285785397146,15.879013156184207,1.0054025300036875,20.381478100036325,0.11285092500427997,15.608807429720786,0.16508025438093302,18.939627970409788,18.84258727551205,0.0,0.8383116499864507,16.088270851664536,1.0496247803822054,1.253094373703081,20.47088177706163,17.70379043475738,15.877979639556251,0.6294425642519811,16.884644773670185,1.27617143252682,0.6442222385890458,0.16813258707146483,33.833565241311184,1.1959953006943262,1.071384826667277,1.664057120022275,0.07897808186131508,1.1578413831616585,1.0363714375453477,17.146729396794242,17.40522988754127,1.0309514968121176,15.955996036461253,1.5329606606082677,41.40497565370447,17.90715388748102,1.253094373703081,51.59990263272608,0.16455144951638312,0.16150969456990638,35.939259555027554,15.950697718146225,0.0824620366062113,52.32595020332611,18.530417168890025,17.035246923904253,50.72869319237121,16.940921174006284,1.2558923448796504,53.31516582410823,49.41091778189918,1.0829499966185334,1.1153202072398456,20.15862608062266,15.322433376547714,20.512862003681313,19.779886584134356,19.048623189941065,16.463154466461653,1.100692858164388,49.091964489150385
velocity-1.5,35.38871879989009,1.6982194816165161,1.0502322411548544,1.049818841681727,25.541188337523515,0.9746289064831927,1.623678138403179,36.644206723711946,31.165236796277227,1.060445681831995,41.94690154764592,1.331227047494578,43.5841055724949,0.057014497355736146,1.544277745487319,28.00684190675161,29.00017826461465,42.176936162059675,0.43120712770136643,0.05812419538409443,35.38871879989009,37.08192966939614,30.307367759166144,41.578254288880544,40.41554584196189,38.01949196672514,44.71938967389795,26.943026071657975,30.872541307579542,46.20277390504061,43.12229959023144,1.576233513135387,30.401672828527257,26.641841519401595,24.37950331883341,2.9784027815878654e-05,22.17827516343205,32.14537691611461,1.6942507120569337,1.663619497165053,34.923276622905874,22.29145894377266,44.10766039439559,27.57170752256254,28.090524804503126,45.449703398912334,31.64804076194337,0.056981851253792896,29.87345841672768,1.331227047494578,30.684992690731914,1.052813955454677,22.41723231946251,38.38537037452435,29.735609353369394,23.254927190429697,30.755129999413576,26.85556192605821,28.037414162337363,0.4194281191230661,30.579749161625248,28.001696101921286,31.800903205075517,1.2779972827380375,1.0566060311640935,1.331227047494578,38.556012904858235,29.254519788572633,28.722001686073867,0.30256328364331436,45.12731768201171,26.45841827117625,0.30256488205305054,42.152875563717465,1.0501995923364267,1.285596215858752,38.75001551880668,1.2297306437786226,43.15268055888841,28.00684190675161,1.0880980129699451,0.06276871793868441,1.6995721095128695,1.285596215858752,32.75389475073428,29.414758195169995,1.0246947606547638,25.913132387796352,45.97631890350224,29.864693666652215,38.779500915254346,30.22883649794669,36.73522896816573
velocity-1.6,0.6704059722781918,0.0,0.0,0.0,0.41969865826748554,0.0,2.4103878692891447,0.47561202360033017,0.589475274507601,0.0,0.57153243738506,0.0,0.17324107894137372,2.2609578231325353,17.38478053484379,0.0,0.09444575703963057,0.4516967175013,0.0,0.09521908623782345,0.0,0.0,0.0,0.0,0.7624537817191094,0.4881989310087478,0.0,0.6896165185650649,0.0,0.0,0.0,0.4756866244125603,0.0,0.09575104945312522,0.5619871846365775,0.0,2.442031594431599,0.30200490558704807,0.0954027400449391,0.09521908623782345,0.0,20.69702905167219,0.09521908623782345,0.09521908623782345,2.3441048331029424,0.0,0.0,0.0,0.0,2.4289429049840807,0.6396344216471133,0.17324107894137372,0.5324930635688288,0.0,0.48913884585109313,0.4877050147958102,2.4535569019876933,0.4878702810311957,0.0,2.6259172195032727,0.0,0.5853848666215471,0.44483817568158324,0.4755438150798427,0.09541440474359061,24.173250618411924,0.8219575467812812,2.5213327675732664,0.5260461396212924,24.197731352836712,0.5603389353211872,0.36661639669611606,0.0002501458283917582,0.0,14.76013731199693,0.0,0.5535123949944657,0.4840282724742469,0.8107692357610905,0.4877186695879375,0.0,0.09521908623782345,0.09575104945312522,0.4529334899598776,0.5698828621231753,0.08722764135195277,2.3022549773774457,0.5619380155856704,0.0,0.6765257012823295,0.09528931552963699,0.0,0.0,0.0,0.47979060724510386,0.5403975363119525,0.0,0.0,0.5626787096714743
xalan-2.4,1.9275706922859779,25.90026625532259,3.922502987635369,12.911489991002217,16.240713739573167,12.311443799083783,10.35944311822451,0.005985598833033545,12.024181704519405,0.000753591593673413,4.505395563402351,0.0028399835360159572,2.0772393404772145,2.743496594877042,14.094861041706576,0.0017269023566607346,29.40143928798231,48.38667807174643,21.01950658781025,12.373732982696348,15.241825402143778,6.26446920988556,41.3490410298809,9.04134824632128,4.691414822555357,12.259228466952177,22.294731338015264,17.878621284106664,23.07696417445514,0.37640671590520913,0.11972099108108704,9.748851308246643,0.08090126260980686,13.617230012709733,0.0007836026258023796,14.746617335523736,23.322830209230112,0.0008438666934313052,20.61173450885781,22.9805868414759,2.5104124603682916,0.0007582475346144218,0.006832805345427886,0.43204592448322904,20.371566037838026,1.8091458621199032,22.3255892867914,5.784695573037648,13.641526031970649,2.1074727880821174,32.23731382191065,4.470765227071101,23.212571239751274,14.774359540587637,24.265004857168286,4.7336309338220754,27.39615522317537,20.0252767226771,23.322830209230112,21.326164865745138,30.460277869591916,24.958626865770654,5.523811837035467,0.0007772671191954756,21.486294500352876,5.388890207032256,12.53846590597614,5.826386289569649,0.42524569036280496,1.8165557797931775,0.42524569036280496,4.527084179683151,0.002886568748935256,21.23893388912389,4.551364684098653,0.4026266417781559,0.2604144382382101,0.003818770272482124,28.840260614616074,0.006967165756912694,2.464432321536478,8.659476881509455,0.0007582475346144218,12.023941922591606,26.096266484862298,23.048035094184304,21.5602537434706,0.29649834547201714,21.72232295466121,0.6425281005322527,0.006832805345427886,0.005937491930823296,41.47296147767656,18.455110461058744,0.0007530536062641438,0.3909801765002513,6.046319937534461,22.450729933708793,22.197145283843614,4.431464859236684
xalan-2.5,0.2609280415969893,8.158118604482885,0.005175352011836315,0.03156930272313383,1.332806918098782,1.8761374922280178,1.4176520256409348,0.7991462801055591,0.06897367069584817,3.143229935635738,0.14770050563184747,1.4228697479123675,0.49242917264138436,0.4796431037325238,2.275736763160201,1.496716581230783,0.0,0.0,0.5429511236009237,0.0,0.03181705193593361,0.033364638054420526,1.326714826730465,3.8857610463114485,1.3459856198133813,1.4959868637819425,1.205160790741851,0.0,1.5398978487738693,1.9176654407210152,0.03156930272313383,2.173897311740302,1.737369136986607,0.6858606966923169,0.5805204856131083,8.146440026704939,0.5836563231445732,0.07326138426253058,0.034884210729323135,0.01351919715372926,0.0713562396854372,0.004781365959282889,0.004781365959282892,0.589932647961684,0.06897367069584817,3.9955110085822216,1.7373704864784485,0.5835306168014741,0.0,2.7373394889538543,0.07136957094648623,0.10303315847784461,1.5471372598742195,1.3570056017984844,1.4959868637819425,0.10351660670875937,0.26127104092273107,0.030982069064831502,0.7001886780182323,0.5983721119645677,1.8761374922280178,0.4919132509488926,0.8516095319136598,0.15824175721274789,2.5707479963102795,3.862807111507797,0.07771847841033927,0.14990771729912236,0.08900064213166482,0.1459417914204011,1.4959868637819425,0.02509518950837071,0.6975754945389036,0.07425302270638617,1.3655553896581936,0.7046102168989437,0.03181705193593361
xalan-2.6,56.53722186512065,0.015538706016547704,0.07250478419251048,1.3447606408793917,42.030880554952994,17.639920186409576,42.75325665972302,58.49575000058531,21.864402108513534,0.07512493228603359,14.094749776248234,19.549111124630514,48.762335291162046,16.089531134814944,51.67197231957434,15.585112623835585,0.07965527389994766,51.04934518371032,10.15398629156993,57.76051078483951,44.26843430195629,9.001886806953843,44.1991813462906,0.3590920099390156,45.03237630785178,46.60653767373322,39.97748722627576,0.0009541962659869883,59.42750404368267,45.06386264902795,52.55712512466457,42.04017547685025,50.467645701376256,56.610004973842074,0.3760864053426129,59.1500147028539,43.874359913498644,0.048986870668217525,10.095876300773172,0.05241491728534007,9.064804420262467,20.01399831407877,51.88597291801719,0.010391490851560338,0.26397872451025695,0.02463180410438554,43.687574621384314,15.782312252322216,0.36004620620500255,55.258426419103934,15.447974954973773,43.976194131375145,0.06340441462996932,9.253683418206622,0.00025348050974770763,0.03406393033628122,42.20305173846222,21.007186374637783,43.97794603559323,2.2309688265509657,0.0005396047431433705,50.092196362922046,0.11096673215605984,12.633837062610795,0.07146452064675564,0.02209863491245227,46.205237897981895,0.36004620620500255,13.37717233398645,49.444914601579505,12.903699394214382,12.246151644750102,9.596146289773628,16.90158939423806,56.83840428093269,57.4619869957819,16.62277012784383,0.8553429451437811,0.03374795857440021,42.706215672977336,0.31904487098042716,52.491886709709355,58.12820723065291,51.91716251311551,40.55724064145153,0.36016620043830994,16.94574716314387,54.87405789233675,0.36016620043830994,16.712383829458847,0.02250132371730307,15.330079263312639,50.092196362922046,0.31904487098042716,24.097048369699046,51.24209662270596,43.2151291155464,58.195116325822596,23.385713246342252,14.661354951167219
xalan-2.7,28.703194258895685,0.1800339791337812,0.68077460792987,1.8731772331807304,0.940556282429901,0.622064517882191,28.19540175612509,0.43565565815205715,39.53133941696577,47.086706817584265,0.6791101849222266,9.355564229722406,37.52419857299242,35.10879266417095,0.49635275115944216,10.636036691775834,28.86979702136586,39.64998036033472,33.15240219410567,0.8627582438760605,56.22943037066041,38.54482422200206,1.470509062478895,0.29067386023348646,0.4991608271026102,0.30547885554627696,34.29120596152037,0.30364751561376113,28.96682318858691,0.039757042728079256,34.68772046536158,2.070733380298874,38.552799957126275,0.8821553521198515,1.6753038418698687,0.2886948773753639,0.6762984926739342,34.985965057428764,0.49722047887801946,0.567050634541405,15.228914110125597,0.3927075057026457,0.008951059560433659,23.941767827882014,0.8852789247265671,15.193393054533601,0.010421444262740952,25.987547128394695,0.28153430154577397,1.0874379109594488,28.724072967681465,0.2867115645494517,35.40990911200306,0.4964050691549784,0.6029085797327076,30.287445535009002,0.4855448253544905,0.522307228661523,37.538180415436315,0.8186772455130068,0.5153009851513803,0.711516647214006,0.3467986284095944,9.797477522535422,0.5283971675337464,3.2506168110507887,37.52418725258079,32.2412710117576,27.846051354779167,0.2833490806559267,38.09183922971342,24.770505162255848,0.8719221484036107,0.5367179261419643,0.34648319547760575,0.6347596077107669,26.91068915113311,29.043402922713863,24.369074357752737,34.905704409923494,1.7296111825673717,27.69513496907967,0.6155559489417779,0.3316026759417541,0.21932106266520948,0.2430463744881163,2.9557355084750565,1.6000988753173542,40.7629034451,0.01430412521186275,33.787160147969416,0.012869808488805172,9.355564229722406,55.096522572714825,0.5616057839678361,32.762516671881286,37.80982521158415,0.49992453833798206,26.06836672213157,33.51071591056473
xerces-init,25.357828240399144,73.07261243032151,23.7573330813954,3.9559059647471555,77.69326632043771,22.812604113339702,0.03131963715627897,26.797775428858557,39.96836049453724,76.23369773954069,24.925730941311592,76.79743733508224,68.22496178143516,27.71750770008648,0.7141696572239609,36.28275475834176,0.2727523506710764,0.37214161637577464,26.133195199675356,36.53801298062957,76.7245184673155,77.051423700485,23.675134576979687,39.54796774896807,31.012838136858466,2.2395042938079386,65.59227579657129,0.7146823615015244,0.7170614149587097,33.57394742925128,83.20230676162217,36.52117258939396,0.7166298059173634,29.568975839529685,0.6866657563424096,70.35131001461703,78.29864202038445,34.18726231187301,0.7166298059173634,77.5300414749037,56.85614876311482,33.48150110330196,70.30475551652533,26.56955539885487,31.80199367677939,29.568975839529685,0.9848644605933794,69.86546397631483,36.41376607018309,22.53815905814508,31.390688043675553,0.37237421092112905,84.49766515196697,33.08213800158502,0.6990608463151423,77.53882724338075,0.7150519507308659,38.20061958809821,30.080042693724238,62.89224224440883,67.08138534488805,0.7292610926840799,38.81814793136607,0.37462588206695896,60.97022440878471,78.24199065875395,0.7228847594475957,0.09879184096565354,0.7131146943685114,0.7121100726385367,78.3962214128817,0.6989196019980983,60.822492781082474,77.40785541272558,50.38134179860912,0.7001048372314767,28.052025834867745,0.716957168691841,0.9188494447489683,26.544691895692438,30.87488408192725,77.48590575996494,38.79578909265627,81.20240707542001,32.21522854737057,0.7166112275852422,0.7136937538414863,33.082255098204186,82.76735235477861
xerces-1.2,0.27958465214472566,0.3422599068483622,0.17588036463703788,0.2938817340128643,0.3294915564050068,8.61957340927707,0.248237631075107,12.657330115054224,9.474182145466086,0.313397123412358,9.764047022027965,9.397507348421332,0.3059686030617518,0.3053045962107349,0.21008651985170926,9.59650307414433,0.0014614943334834444,0.2858591796082459,0.30451123522135687,0.1736191746123829,0.36812513188926366,9.47413661201515,0.10787934244357383,0.3052598030768797,0.32176158626661555,0.2100864728218767,0.027467960628539942,9.466641434362307,0.17215785982654236,12.818209916594117,0.29415954678633055,0.2794277356818753,0.2861795183909206,12.845539262358676,8.496003867444498,0.3484944371291477,8.61957340927707,12.845700348297902,0.34253965703070677,9.40547407581548,9.467402807619619,0.037561999105855726,0.3422489478394703,0.1608453434542,0.26498110968878213,1.1028123271748045,9.739551493905278,8.61957340927707,8.61957340927707,0.03210913257252627,0.1572413696789525,0.3685141688089379,0.2941595467888369,9.596503057093624,0.03750055010950174,0.3422489903973467,8.292455312597816,0.3413583560501466,0.5976366865617135,1.1028123271748045,0.34173085421725885,0.010825790003731895,0.34173147647405383
xerces-1.3,24.57321833848919,0.2759112117900934,14.87598487787371,2.354007211185905,0.9904267443006846,0.5786736611147949,11.755534137300078,0.29134007237763826,15.294368054933356,0.2759112117900934,1.627452389840226,1.2229555583489442,0.4681477513360443,13.812680730113135,0.7193314860315687,25.33027133038975,0.17234972451208108,0.5208506678010562,25.33692529764587,12.568306899491255,0.4367755720201337,12.00859351447036,19.848955631255272,22.611889915076922,0.2500346465519997,15.46141039291576,25.26131247463588,0.38810544804742475,0.32545446326893135,1.010220468466314,21.30983508603286,15.224137708078558,12.44836034211489,22.85304878609682,0.07765114941160911,25.26131247463588,26.29779505390264,20.280796240715574,0.3387007930086261,15.190943991135345,1.9992499788705844,26.698855974729916,25.46861429073943,0.600661348619234,0.3801821003474111,12.190622595630817,0.3743778304413598,25.357356953165315,0.674496112247522,23.012018905854184,24.475829172322996,0.8965156404063221,0.5319994455505863,0.3754557513239866,14.603094842996846,0.41002317196003474,0.6043006077862128,0.694030051025472,1.3688431917223671,0.4765792879970894,20.223869022000702,26.60581116911363,0.0066873103158267,1.0075157712175566,25.072092823278517,12.171338369706563,22.814362628351226,27.863989263696368,0.6542807627304971,0.46067895992131114,0.687720770233669,21.26677523162559,0.4367685628037186,1.5203217268083677,0.396043675720879,0.18319120270435385,25.279267264988903,0.519009938245672,25.587949153772893,0.4210371900000185,21.309500491414116,12.908522653922454,0.6451823550813603,0.0066873103158267,12.847851098749562,0.0102904799727991,25.0600445455909,25.247590208565477,0.9466577102981991,0.6946661098674388,0.9875541724867558,0.39439031209855496,0.19117274242673163,25.24195079208232,0.6751851442590858,0.2549551871920891,0.67634684763882,0.23741812268521678,0.1968211697920847,10.746107565186216
xerces-1.4,0.5141918652720202,0.11859904290345304,35.24819894665754,0.16730094916255797,1.5870123435079677,0.640052796946427,4.6749161640320755,8.86750673177474,0.493347230325731,1.8160934485430382,30.022339077300398,40.051497385122495,35.26747591685887,1.7625062042953148,0.4935442997694053,39.63539626724948,0.0,0.9683590629635588,36.02124908797043,0.48635927623104463,2.42966672144169,35.38293692020481,0.34624794392923347,7.910677664897158,0.7887995862796449,38.71544917253083,36.048615924444334,35.30808943891457,1.0062158919029214,2.4863521461724134,23.947504966725557,0.16744989737094634,0.8451324543347825,2.701655075135034,30.851737708574063,22.13234366759236,0.618645562559396,0.00437804490044154,1.1110632073429214,32.330668437758696,1.037067080853053,0.0,37.69924365864467,1.2544084452619984,1.3807589895627017,21.126671191068187,2.5214765383366573,0.4939776085219618,1.1630862467783327,1.4202539101671148,43.01176476384007,36.18648024247342,1.5724942291721884,0.33116167111509176,1.7626994435731393,4.3415596644275265,6.3055857748750075,1.397366949058637,0.31619445663661694,28.529272712668018,30.366445217574945,2.8771559114425784,41.29524990563464,0.8608096062020631,4.599860769851783,23.571870081798043,32.297611052509524,31.57234412110651,2.3143023214655303,0.3271809330541832,6.759371514400955,34.68412193120574,2.2099713203261815,33.68011114727008,0.671887346486635,1.4211673051022387,2.9096730902412813,0.6848497828380782,0.49378222818754597,34.7142059260222,1.4143208221617212,2.994857786333908,0.35639671162532277,32.446069391169075,1.5686173282430447,42.34688511933887,28.85627541779005,33.86822141744685,2.5913777045628326,0.9666708245322907,37.183660908365255,7.459448118721245,6.3055857748750075,1.2213697707692905,0.7430363070736734,0.004612553867347897,6.013996378344083,40.05866839563512,43.038826818056506,0.8492109930235114
