ant-1.3,2044.3664713498688,2079.296929076072,2100.6841838078753,5.131585687960978,2355.151084034976,656.5820612087198,265.291514092269,18.619761325448486,266.1063558667566,52.4237352392497,2040.6413723443393,63.44064782914131,245.09761228673855,2622.953348434689,113.14445264244775,2355.151084034976,3529.8623871418577,147.67088757206994,599.9436001957215,78.77077253321895,4004.386724546206,246.46573041362544,2513.3811217550333,245.09761228673855,2191.0476248056248,353.69462114476835,540.9711455858732,2034.935901817071,52.4237352392497,434.21916585472854,2.63838336503341,2622.953348434689,14.50525852812737,406.4257910441431,80.34179957370111,1984.4114027187322,63.44064782914131,150.02966974009954,4.615720703886273,2627.2982902522444,21.925503346937944,2515.9171129930137,269.7319483192147,3064.469442239377,61.20201267245457,0.8021954499753703,4.121850990112696,228.86346303233046,228.86346303233046,100.89826551270043,2723.3434463667104,4.983385825747697,2140.2969613482464,1.203164369199019,5.178264111216675,434.21916585472854,4.9506153026227615,1.203164369199019,210.44679376525156,2195.1799738598033,3958.224738122307,334.36970493000405,20.09756386366761,277.816956774579,43.04942804935538,277.816956774579,353.69462114476835,2034.935901817071,3958.224738122307,58.23819364916321,2556.668534521028,123.12622189420497,108.48862024312601,3.9192048211555677,2936.403341065972,4554.5069515142195,2510.022503856306,577.7114950474062,131.73878755100063,2862.906354806031,60.53369932071479,12.401111247860314,0.536,147.67088757206994,2627.2982902522444,2803.752681782015,210.44679376525156,43.04942804935538,1984.4114027187322,105.89409637159193,2390.292830848132,2428.980930704838,2848.3296130592485,2556.668534521028,2.63838336503341,5454.460268017479,2936.403341065972,14.67238499822127,581.3275865879503,0.536
ant-1.4,5.219717585723289,68.23463122597711,2.9464010164403622,6.316706696874582,3.480337832740043,97.45161064107424,7.329828158426917,49.521194683474505,2.8207314279511473,65.08745358230884,9.33722953497677,0.3651685393258427,84.57327683460217,4.780928427168491,9.439847844037073,91.6989164543014,3.210173894278135,107.33892692425569,5.012856191966557,2.8712472413045527,2.7972921052343804,4.433761771346285,4.3815506138064855,4.412283660636215,64.13496003732592,66.37426761188559,6.658568506802307,72.44856587675795,5.7160053721501445,87.28743051451691,8.179790644407182,6.71243585259173,49.521194683474505,54.0149938139408,85.71033646484709,67.47803175605809,67.06712874407258,4.29283779977711,6.062270171234032,108.0233709790878,0.4370743268507575,89.62593141727298,4.038421683790673,94.50435605971143,4.045647236802412,98.1817719094057,5.516871955351467,8.875632334743464,70.0111488767042,135.1658349402946,2.8367620118112797,90.28021806968,70.0111488767042,3.071640233735814,83.29458989373812,119.63063151840576,79.9807778885996,69.1020614206159,82.70941753534083,79.9807778885996,87.54354074973509,93.39542493478757,98.89284938147078,4.751551664113416,85.71033646484709,63.43411651650338,57.84529836709814,66.06808195367144,97.2964045455305,55.563118048965755,135.37325730549495,130.41921245021422,2.7741077450295113,106.7713539638998,81.62738958063682,0.3651685393258427,7.416969162862073,0.4370743268507575,56.294050643997956,2.593505286394815,4.5971559830357425,57.01648247728173,72.08383083064679,2.8367620118112797,71.54346400516765,90.88108095433408,54.0149938139408,65.15793046761503,7.714650749749586,73.12347767199336,95.1945744998093,2.860004110576509,88.32456660859168,8.456013343022624,73.15392326044159,80.85588603523843,93.38747291499581,2.9855858178394254,2.8157730644322956,54.991622703008105
ant-1.5,4.598610055866073,4433.027588306716,2914.713193632439,3236.066384924002,2864.0347473276374,0.4188532410846226,4.894475390703456,2737.2374757199823,2645.094298051642,2445.4956941501077,3.4169834281587397,2343.997485773455,3187.8768289108834,115.04090301393968,0.13993174061433447,3.883159295343884,1.25426857086709,2066.593811649799,3.1770547586251365,1850.2656098789291,1.25426857086709,1450.9414666937341,108.42704547167459,3814.850204381,1978.973458464257,89.12766968074628,2417.6026330685995,3518.947442482354,4325.1958093440535,1917.20669104144,1718.6353366511457,3545.6090530327165,2951.3377877605326,4024.436516936897,1995.208887247274,2.854851415298996,1442.4770613213336,2309.345268805788,55.59058284993388,2998.427843444317,2131.9123201725124,73.73919488756985,184.26938470905728,27.207667455405954,4075.340509399489,4181.701485829814,2572.185839832284,2104.042669077806,2.8885059894354193,2385.956755817225,3763.0506780147202,736.1850032795794,77.72915095883943,3809.142472703512,31.799349424790343,2289.3805681816525,2149.9652999594186,2691.079467009865,4433.027588306716,4.598610055866073,12.271879926766253,0.13993174061433447,90.34352091564615,26.88006721079909,0.5789808889479616,1628.8674040906235,4207.262631495331,3013.757939110655,1401.1540075783291,1850.515389099358,1884.8608299330479,2852.1801456174544,31.79934942479033,1884.8608299330479,4080.1899872581375,2774.5308408834544,64.6123256883613,3234.445344746754,63.269189808380766,3676.9305434772646,1628.8674040906237,2804.664548561689,2516.9035660562554,2261.588289297397,3200.403093181604,3569.474184230499,1941.95294407573,8.272834321166867,4.59400528473889,3482.6945491948877,2697.8039205888354,186.07102425228896,2188.8432057544314,2.854851415298996,866.1541295492206,2213.877363541633,2507.096724333414,2610.1516321015897,4146.9266501954235,140.90493368472175
ant-1.6,218092.32268769204,104.44805321098201,52279.269422892314,6.084924218429486,283.5385277444648,323.8098709288442,268.5672395524553,283.5385277444648,647.7648368036587,203.6796628019994,289.8651105540467,218076.3117252915,2294.481959415305,40.340298171269815,9.429097765743627,6.585763552700863,50969.10710839751,1149.747415502173,247.90233996155186,395.53194439064555,2.889644050128318,5.09565375001391,9.062291997836866,587.6410583348484,127.53548522649471,184.0186995246794,184.11805983981057,178.61278466275417,144.40417566471348,283.28389557974714,747.7363593233702,86676.93225815753,535.8439185335246,2.0713208728036405,2.0713208728036405,12.324118610909485,87.7221450242851,4.78677062972872,589.5783363162633,58.554747715685046,302.05836655818536,451.55058118757694,326.20141019536584,224594.90884530646,1069.6936546864943,48923.44391380827,268.5672395524553,474.517940900057,337.63401065409244,366.3367720715711,1.420161640881035,156.74212620335632,7.650046690448149,238.46772914329625,141.97750435886752,287.13455650676457,114.64810899642048,215.41681808279404,218.88112074970877,537.9980706896993,156.74212620335632,9.549667888714552,111.42447134689544,184.0186995246794,220496.63693222456,784.4156435947096,450.75164128231575,86569.62865898108,58.554747715685046,1.420161640881035,55668.12977470237,179.20453839085317,220496.63693222456,49969.680848699056,325.5675995844586,5.173232256144055,219.89167766631823,48923.44391380827,224665.95625401364,175.31289469679302,11.00363633142256,86724.00851403226,4.817846283929267,79242.96939269878,1149.747415502173,5.715505111993708,2294.481959415305,81514.27947380394,115.92076610213209,4.4574992714148856,116.67065152297955,9.062291997836866,647.8931026843333,342.3403980799991,89.30832556050991,3.111239010296091,111.42447134689544,55668.12977470237,363.9418939274536,75.62233375839058
ant-1.7,3774.1771561131227,2488.264721430457,111.02948511466509,2.393191968651427,92.71092276977545,99.93785630049295,188.743334958644,89.32298879351818,739.2403043658167,87.12725660425883,93.1231870720459,2.2332243334832675,129.05210434405305,65.15060913425926,12.686443048163595,764.1288415515552,112.60277991248194,121.1962809758498,97.18694398387082,5.099450675149338,67.75981334567683,9.889512004570502,76.45024752896322,75.36467910078316,54.53457260351139,63.17047802774068,6.37206231619604,81.7388090987921,606.6071779971148,724.4188001928485,490.5420889510536,99.8657520692301,42.78897286334008,116.58679589374297,75.37755503165988,175.87370778159274,219.53772886285168,93.1683678285597,2413.293875756285,77.13144970526061,64.24751989048794,6.43218661251721,3044.1507517349187,81.86346918501978,773.6820014874997,223.9561437479915,106.24668863603819,228.07706870162036,609.9158418671942,3122.765828322277,10.922179773412946,2.2332243334832675,83.53707710013732,85.17236382143781,10.955674810872257,3399.057631950563,628.3833929581382,206.3329488570148,597.1675914994686,89.86796858357768,116.18138594136316,13.408331840762793,223.9561437479915,54.53457260351139,1.3607911072074568,188.74470114715282,3292.866804505842,96.45653030881877,2616.5179470409926,722.2366316044722,124.60619741556503,141.2518131070858,2531.0363355091467,206.3329488570148,136.30811726621963,228.58915836545066,74.04305677693495,664.3353280295316,176.93719214482996,8199.421043625971,2944.474101849533,93.51219524680859,374573.1866659514,4.002226534932444,101.20795464480575,79.65720021881907,956.220343886899,2.393191968651427,8195.938298699135,2762.319287557354,82.92502869185259,1.3607911072074568,848.5244858002459,229.02663993748564,7.147735113519523,9.396823438107065,674.1514575527065,4.1306592804835365,76.31373083640796,151.0849486366178
camel-1.0,582.4105191172305,526.0148417379331,528.2575667504344,803.6255656671007,0.0471976401179941,752.4168564029995,1853.9668761941723,1954.4865827157964,2212.8492527166213,686.6039450906935,898.1033270273904,26.727407526481826,586.7912853164034,3123.1737190554436,526.4124787309675,1778.147809742439,7653.921863105703,1874.7762212470795,593.4029347215138,13348.884483093187,822.8370824003999,1873.0391663326325,1902.9561773912021,553.0664571911387,7460.655780113934,1262.0174487144384,3262.3368343990433,2258.86788946203,7029.937399263077,1329.8197293899618,168.88496279156752,856.366751368933,1722.6237386875548,837.2029080973566,583.512919467843,3278.877269255082,1074.2835277717143,997.6773905138438,557.2444671253543,447.9418634328289,1211.4939123846214,697.0591333640111,839.8742468603725,1032.4020420345666,6960.852234786602,733.8633745157667,3020.404873998005,533.2383243086107,1262.0174487144384,1403.8702875813278,0.0471976401179941,447.9418634328289,1.1943403471330436,535.1542198199189,14.884927946619486,53.37732675764934,158.55760034578773,1431.8970689131038,19.203616076876948,944.9906793451435,13334.010322140863,528.2575667504344,29.74296214684441,3001.700858685024,718.1508835006391,19.203616076876948,587.0957907844823,849.0060588658368,158.55760034578773,7572.242932414776,909.4541302602647,624.2598591289877,144.91325796920225,918.4995362039724,766.3668679910614,2835.906474219821,8070.248406363713,3100.605317141379,699.6896327726851,1871.8314424305097,7669.585453494139,586.0270472867956,829.3813346504052,582.2829938776571,143.2551911021142,2244.1933680819884,160.58789954262696,1422.2571106064781,588.1324486130474,2835.9064742198207,1485.0423043974326,163.44505196926883,1404.9505596106294,34.02507125121966,14.884927946619486,1510.5473596896936,725.0170688875335,1.1943403471330436,38.7180259115494,654.798210186685
camel-1.2,14.842871667276528,5.790963746406146,10.953229714317603,100.38921920428909,113.84184016784198,9.546948455768742,134.2026090584926,78.8650774431054,86.17303104065532,149.50677485176388,143.93438794032704,6.859230146237475,8.546546127535809,128.20571451392175,170.8988640532216,151.62624247003077,66.08724546332105,114.6377956045796,6.122335354336669,5.803879495181176,10.158651167099908,128.63445124309183,299.5869779119809,174.77618569221835,87.58496759923018,13.681455700982418,252.0087528909511,144.74519710453163,135.03231261395663,296.9417302131736,3.5168875957128494,117.70621597041246,220.1086088804375,6.421006271781415,43.61939157920704,87.00141753243948,141.87828593471934,132.12597819712218,104.5458340193072,294.7813326260486,103.30142337341823,5.803879495181176,159.62699263606552,3.5168875957128494,155.58247121759715,134.67234842240202,224.70290345060823,105.15759888070943,224.70290345060823,13.991632529126495,204.12309946316134,9.498322996195524,43.61939157920704,5.388589192920165,112.68676075159105,165.64473269063512,6.421006271781415,132.4460310129271,97.08339549103394,170.6677153842105,197.31972234469683,6.959852624556397,88.36183485265555,170.8988640532216,3416.2169023369293,13.993402519149452,103.30142337341823,104.08935860547697,11.165057083369163,74.7460892348922,74.7460892348922,217.42957769032145,6.859230146237475,11.643162907957386,86.17303104065532,22.749016175895033,7.187034318450643,176.0367824914989,106.22923841564487,163.2381029405494,119.97901001095971,4.862572372705158,138.94174176989364,126.17372016784702,4.895744486639452,148.54667888184946,3302.8392501094095,8.461867725148755,11.62274211210661,3371.931459374385,87.22887378689212,10.570586215233089,24.1091117042823,14.064811983740801,4.875521459193595,121.81115207206476,112.68676075159105,192.2412048879213,117.70621597041246,5.819734788809571
camel-1.4,185.91223747988886,20.01110011962971,3.400269213943382,149.96201632855124,41.27202726914978,127.73512642386072,31316.333049738747,25948.22057455509,180.1819986266754,28.945374972936335,190.6966935926945,140.6930642135069,208.33132230043555,6.618441607126588,14.307005868639571,171.3523431109614,3.723556902277028,25.59892037519044,6.31634168879913,144.58493452148912,42.064775492896665,198.91267676520852,4.109607815162337,20.01110011962971,192.01606577955178,1711.2230905084161,3.400269213943382,3.093583423126891,205.4493976904908,5.521541513527497,5.521541513527497,30.37480569451751,3.731671845151314,7.446931686928857,5.413729332422135,192.01399391854068,25768.296341095283,222.75370506148536,35600.11342532399,6.151220450247868,6.147490264803046,6.706156731367219,31189.841968376088,164.89381104922552,7.065140606915376,29088.534570657535,201.25658816569256,19.134011019217034,127.73512642386072,202.68734466702094,1.7603670806525027,1.7336557225601739,38.28851458070785,7.182651904279975,1.7603670806525027,184.6007996915085,4.109607815162337,31151.320497025157,41.75104670939839,9.050097054279737,3.817264788117014,26952.064468415047,138.36889360052768,180.29840762983088,2.4163797357548447,33986.05982528125,35600.11342532399,58.36506137224955,132.35815810951237,199.2397704487224,35860.32697735163,26526.486328784424,16.982206145672176,173.21348491404933,184.6007996915085,4.6494470142771105,144.58493452148912,14.345173951826323,140.6930642135069,19.64785488141522,35308.078461054145,1.723623853211009,185.91223747988886,159.11007592656537,41.18291850970401,140.14304846119177,199.8170243180885,1.7336557225601739,1733.215418543545,153.9056791225695,153.9056791225695,26129.92314158287,162.71096256793604,132.47672078599072,42.064775492896665,192.01399391854068,230.26980875984404,192.18986041542155,200.07314002151008,1.723623853211009
camel-1.6,255.9924886460997,269.295522580301,13.641820032707152,1367.591970506297,2457.1825553768017,2542.082147469353,6.17525849172933,219.25749567878998,5.453159625482366,1401.6278638283834,549.4216382955374,7.588317918183813,70.09606102148946,11048.35183789995,6.810933112384622,11029.656545590697,1582.7715337546827,233.56655292046273,1175.8075697602937,367.447434961497,252.81917698953364,222.6984159043908,11654.220865450603,29.7606127930622,31.017921475829294,268.70886786622,595.1494766662073,520.222737667066,2457.1577961502953,715.7316008838851,403.5575136071942,41.59372786719087,6.8803227733957995,39.29732311888435,174.95698181825787,216.30972377553474,485.50040230573615,29.303386837840968,5.761729626565844,3.4946082160440883,14185.871734008697,277.8226409745272,86.0497242159055,318.3154282215152,700.5238548987448,181.38539316912815,1193.5280246569148,1482.679906239141,6.072734634323196,208.10283495651078,8.60715232426447,244.70144092398834,288.3965672502499,594.3480784180139,197.33575163719223,11458.28947011799,254.72200385187088,1451.7328344916214,5.4070178017505395,264.9466890833902,2408.7878592386155,7.682385867382383,597.1101567535111,14185.871734008697,1227.8364378985414,512.3481934751053,204.07195436546579,367.44448393723366,1450.2915287986132,2388.9427702166245,202.20043958228092,33.583981813179136,1227.214745246932,22.9109043996751,213.19244632984365,248.06320002147268,98.68818219238035,11209.700040266122,23.07639953122826,11458.28947011799,636.1162968084749,5.535980220719297,288.5063504677914,673.9505577293405,1315.2923827768268,1624.253020880531,10.782927633695362,21.42755637621724,88.59536297875088,5.761729626565844,11146.354347702867,2558.4438351725685,361.2375582795712,214.88216711711348,203.3205139395061,2439.1491481859066,1380.760991993304,168.33517805364968,181.38539316912815,673.2061678112389
ivy-1.1,6308.84098403517,891.8625916362124,2353.731332937729,2519.434369846888,18.26301888558254,6308.84098403517,2114.634099123757,1476.5579933102433,13.915443439260153,390.1592888632432,3091.960699853354,594.56340671632,6119.813857925758,2495.1180053092885,3140.9568258329864,13.315096534542842,2934.017016370449,3032.041853758067,3039.636821879506,2360.27282440423,1404.4083896674326,18.63554736393469,359.8958604185954,2577.9718572744796,779.6693697422753,2370.801793301669,768.2593352559824,2893.607066990807,68.59578797643867,352.3977143444362,13.504780228068507,1378.77089122003,37.648907204426216,56.67963836805962,3134.0101819636084,1427.579866508555,13.310324819589018,16.38434065783707,1378.77089122003,2922.78821127273,3119.1281995005993,2508.141902415804,2434.1982504611706,686.7277904479059,2583.9057110077883,3138.6800166763446,2942.5022186708975,2851.382589331941,3245.1944647262926,891.8625916362124,15.335693710152688,43.1855698682015,2070.499332859435,536.6880565190837,1617.0415177240368,2498.069200198833,2191.2394323355807,2776.8182167516575,553.9090322157998,330.63809787223676,2424.869949188984,618.9069785092166,2097.27603556814,2413.2622706623342,2950.6482110411025,13.310324819589018,15.141604218648649,16.38434065783707,2546.970642303509,2333.321315455587,20.129333814947312,2052.7467546294324,13.922557346984735,582.0782989642046,2437.442075384702,546.2707035215284,2460.686218877176,330.63809787223676,394.83390360890525,1431.5257966017164,2333.321315455587,2767.1321600686892,2399.928169595082,2486.069632275303,3097.7144673894154,15.220127351477817,2052.7467546294324,90.75409540212623,1492.5061570489522,401.4105604188829,3225.5992695930568,37.648907204426216,831.2634245110814,2916.6201689413124,61.892541269530625,79.45826642594555,1401.7176571851899,13.94862627253198,675.3602877968743,1443.9393989827213
ivy-1.4,2832.2811234629507,8.006196842314191,1792.1308927829855,0.8713976400085979,1804.1652304063975,1.7038429270185529,12.753134073623489,8.280102365556191,1403.1550275392137,0.0995850622406639,5.048696582016015,1461.1051309203185,2936.9666453652717,86.84735282983537,10.072978941489994,1789.4565540225678,4.8166862035684375,55.8870160567105,1588.9494397869598,11.38820701584808,1823.270344263719,2197.998900204362,4.317766356123193,1388.685369041433,2271.039497514514,4.09765185346328,6.365601882754416,9.020699280837118,1378.0750957567273,7.1178662563818325,1730.5581693668998,7.830829060313392,1470.5782898510217,76.01835209847049,1.7038429270185529,6.153347076429624,7.585454038155496,2431.8516450209245,4.871733390342512,2505.435900594729,2505.435900594729,1496.5085416161069,2686.9901518576316,1456.6804449479512,1748.8878583185485,1612.7571288606664,1502.7606480968605,0.8713976400085979,2753.50480691179,1595.623148532364,1409.4318493994745,52.731363556343005,0.0995850622406639,1453.8576486204493,2621.0600441917977,2216.4980230329006,1413.7408494330793,1606.5824001735084,1823.270344263719,1519.3032538347493,1446.9537460599504,1426.5961509258475,2877.5457255557067,1674.5013711334561,2753.50480691179,3.6614537018166557,1392.6859226265117,1800.9030095908959,58.08248867889254,7.483859582250619,2556.2749344874774,2309.4213331448022,1420.1623909892126,1.3218825571038029,1388.1482293532183,1733.5100710999063,1487.8802045258496,2328.23738444712,2558.5164539983025,2694.132250087921,2476.6464492367168,73.11681420041816,14.498646257087868,22.188148030388515,2190.95931237959,5.123499329849607,1812.9927018715057,22.188148030388515,2478.4183055212,3.9944223566043835,1383.2883739134593,2711.4169706029697,1394.9411310948624,14.440671056628112,1675.5434595527106,1580.3756824603804,1770.808479182021,2936.9666453652717,3.688187982377106,1520.5308093246135
ivy-2.0,3294.5310891683107,14178.006303163658,423.7502699528149,204.88008995629036,63.15331855870677,78.19247223084066,1252.3642654095042,4.222230488717437,8500.209688928495,203.91112173039065,4638.072368381904,4365.063838235346,205.70674769570005,5373.8264940034605,212.56355831210303,494930.1001800383,27.905884003054805,499026.74436799897,204.88008995629036,21012.910723972003,540069.4659562134,59.167172341220656,3563.9519807686343,33.65275768771112,249.98239196801396,27.61682179999895,218.60510931536464,8491.110564480314,586996.7220684382,452627.9634076338,1.8688216863550289,577494.137759056,311.3779232109396,842.8635007783628,65.09060834434268,4618.703084591058,874.9000629244046,373.83019102798266,0.2727272727272727,1252.0578446038069,0.603652627159459,105.14822151293146,192.24999846319898,18344.081275407047,397.95685068582384,1483.7496246672024,0.2727272727272727,8204.551959076587,82.7053315298523,7505.561243048443,591926.9119788093,836.2385750493803,35.223132948655724,269.4308417317538,46.17380625512155,17335.191387907067,3.779925233646337,8346.154081004208,40.67096923431829,774.5903463320276,243.7366195545286,808.9508830964521,18817.187893424998,105.32375500471116,454404.19605815416,43.13323403094287,1014.8027357514376,296.8161835857353,245.37207500316683,501400.50125758204,238.16946312897974,277.66998381488406,1182.0257923651666,1133.0635102367096,7253.384994326559,153.7956020213788,4306.472276405416,4428.027245264631,591926.9119788093,3.779925233646337,248.2879795932057,1511.6274619548497,64.00331781789318,4935.656412327806,200.1426625531656,3332.994954048197,766.9975707629014,1.8688216863550289,20620.919592321417,40.733670362892035,15786.197633450782,571554.1042654301,408.1758342938531,31.157242719393604,225.6621433760046,4.780535630575006,5318.404038514061,451604.0370219734,397.95685068582384,13588.825596043538
jedit-3.2,228.19851491004187,1832.200623420354,12208.510915669496,12.61656783479721,569.6474310392779,172.20877872937473,2073.0042938080896,107.73567638982583,7286.2550590971705,8597.24241639245,823.9315505508777,303.89076886239894,18.517154019921236,174.1713540098765,221.18280963678322,12080.687398302412,195.753763667102,258.14089611500395,11887.995325297403,2691.0677423990323,197.28476304094931,2075.576457948726,8482.271037378807,12970.829889869025,8464.23576523296,12.340502409445053,307.076905130818,22.080281336410543,378.5852620001723,252.86730636190194,10811.913728571617,30.50084841144733,660.9706517072992,7110.65416019846,101.47911599847973,12.340502409445053,27.529057124052695,272.24443179189507,94.3374450148298,171.46217871759183,21.35710150103676,114.85950954018887,359.18703748705434,905.8908542490873,217.70023934335552,279.05385524279836,137.13815861903257,259.84440890891807,580.1837963596826,12.671321831312753,1313.5748424975413,19.018399627030032,146.0078819048085,21.385703344572597,11614.642338350504,10651.204247124386,165.96340625559398,7205.303017571565,202.09883492199393,8338.182865795121,856.3613773361998,270.8219191217879,11887.995325297403,94.3374450148298,2248.3273445425334,2117.888320660751,234.7032452304434,216.31467771980272,11520.300700402182,153.5954945696423,7222.8509279123855,8574.385975312143,3030.2520287409047,763.4248637561566,119.98959222774168,23.197107697725553,7297.303876086793,214.59863870926606,14.361743696748404,12827.682607626522,11749.80911160455,9692.538895414657,188.6885513462692,14.77100605184198,245.67640543516995,212.3971956013988,609.5283222532436,14.629754024833343,13000.30681739135,274.04412774314625,177.93040890436873,270.33598947443124,235.52688474719037,14.376792296320534,382.9901643597486,187.74745692195847,748.489055286838,206.56310972401562,28.779862669212992,329.4399816711254
jedit-4.0,59.33587658514194,435.4599555295667,59.41079727477389,88.63031227279053,310.2270008485714,43.5611376991542,372.8216321916724,68.23881371437444,497.8406391501858,332.4496491126678,612.1075188690572,308.97303328693414,408.4076051272897,21.85514021539541,561.6297463112004,326.3307585948119,597.5988644007317,403.23058249787294,340.9823907806844,11.917466125351588,561.3002747976371,43.590151855289925,93.92019130964535,48.710109459582526,31.296534664619294,503.7784612634477,111.61792879512026,107.6367133202629,24.42497311356746,336.44037389693074,280.8256036870642,254.70382597972068,474.33088217256494,12.759816689968217,421.49877292435195,512.0558543413805,75.67223849457457,93.03899935282737,5.012445080552425,474.33088217256494,382.973426231124,398.7237791447722,84.96606435947982,431.75236591947925,114.84705914955883,3.905236672286603,23.54496309182752,266.2521387064805,517.1844246751469,316.529919710662,14.723405915832572,109.71835047567478,339.5218217140741,31.296534664619294,611.4029035039733,5.3928108561980155,413.50519195212013,419.28286056955847,604.1601078648584,248.24200029542212,426.69745930601874,275.60091910058367,16.95131438977845,20.483937628890086,5.3928108561980155,502.9615474683185,19.048141008431628,483.3323008188515,11.620679499055706,68.9138404895577,20.634810355358585,262.68019925665857,386.51542525904017,462.35320602550445,15.935939745073478,9.424663192228305,361.7545353384431,37.72530977227839,26.232983932690487,378.2518893653135,4.649165424102203,291.355229401548,4.860718662050561,14.822787304459093,269.9463582298144,13.558819111200865,37.72530977227839,368.78624304013056,9.02548987266724,51.98534795864306,280.04623286158744,469.6045906859301,17.63557046152775,13.919623909210648,258.7261013208337,76.41846211869351,27.798278566549545,304.78427427339574,247.736927675255,102.86081103722188
jedit-4.1,1849.6217497040514,126.63345861926405,5852.913647213142,5125.511032639048,5170.453614638073,5211.624155504395,4983.022756160774,6392.468275287831,2432.038478603944,760.3589461876779,1841.0077199443667,3.658043122073981,221.7075185243297,802.2163424559935,5990.276974663234,1798.2105993961297,5815.914291085292,928.9521500325549,486.04981947671564,111.99571352740804,2310.0057219885844,4.243815426630736,5048.028105449989,892.1775078413984,1931.5018521885656,2100.0109850030117,995.1947990358697,12.363212330775536,5417.770143073174,5043.377779333814,5005.539807746927,469.2180965170814,4.243815426630736,2025.675103496881,2433.4728643385565,6044.685421027497,704.5943211389767,6.428876128770724,4.209287628125979,1005.058082008125,5610.354658226614,892.1775078413984,2290.290796894936,855.4196743357339,4.209287628125979,6436.336529154977,166.13557643428607,2079.0873851614724,1029.0020991980139,745.6409372808846,811.699373347737,5382.230059943734,5353.196248100175,5999.937255408368,416.1672879917078,420.0058934587173,5522.665983258069,2485.727567747725,5574.1319729427205,5610.354658226614,5170.453614638073,6436.336529154977,5317.381339951068,2270.677874225138,5898.107174166824,134.67159379519669,1763.2165073921951,967.8569075833198,5207.383914811417,5129.54137072288,3.755966544453394,2337.590230237615,6.428876128770724,5675.475204601134,1812.0877500155912,2491.997607796714,967.8569075833198,5960.044439560669,6057.1698270935985,928.9521500325549,5701.69243962286,142.2236134507609,5091.609197106324,13.767905459615617,5501.805407621827,5307.8202961518455,2250.394682115713,5417.770143073174,720.4260028692585,1937.8135958077742,5460.562995005035,5353.196248100175,3.658043122073981,3.755966544453394,5458.209382549607,185.49856158544387,1874.1716991206997,1759.3499958396958,1999.3608290644472,785.2678577195151
jedit-4.2,1128.2847423755268,210.69391075098918,5.002593006370712,5.002593006370712,319.25885528688207,308.21237513121605,971.584527918087,1013.3994316814961,1187.7662766639924,785.2883363862699,4.83209613615986,1031.8309094435485,186.28827577944932,156.28584177941116,853.5401652056182,874.526198376517,1241.944740664167,838.108886720035,1.2043596730245232,1000.0814866691636,176.28378346435608,944.6240980792096,998.2124781762432,583.8910388368164,782.3192064193472,1360.2754554335452,861.357799334436,7.07655944112941,216.7154792517994,1223.6320268341567,154.05884857163542,7.07655944112941,163.92977258109968,1.303767559953965,3.5436686584718875,630.1210308653018,614.6562368422035,163.3105999912585,803.7784851360714,888.6150422819642,17.49862256120585,892.5346071390528,170.3774895216653,268.47135960610245,678.4483791779709,571.8854645200205,1069.3581890600594,1150.6666074245752,221.22224372081337,623.0908696005667,1104.2049827603116,1351.9506598568828,566.2721739847167,1105.0952149847765,79.37436072035021,1256.19902678914,930.6105076546634,207.35758451083296,616.6017900302161,577.7823288178306,915.9163518416462,830.5095324330047,3.169756224971514,814.3744076569778,562.5327395736099,719.6573512484694,287.05535137553596,592.3586107806993,91.31169692106302,601.5816507028634,710.1272979568154,720.9384228567998,202.28433834216958,1129.5288743310073,4.382330115904173,270.2651598539286,278.3721266266641,1230.5554946925115,868.7876155225592,313.75430138734913,1231.3712544114996,911.3340574307601,825.8855439010628,3.5436686584718875,630.7991287395203,997.5263585287018,187.5334522575707,597.1759426381474,924.1841529045126,898.8805771777562,192.77793902659172,1256.1459470713262,1072.681544626452,92.13517897735859,560.1975994310161,18.730951747017624,681.723300123257,1.2043596730245232,809.289814225985,939.5960501722551
jedit-4.3,11.932502491719092,37.46304432421816,15.72542769254286,270.423288976422,7.764444686961527,297.90199325857446,205.67291831373723,9.96198890735416,13.192698944400384,5.246643348143711,307.46251467238363,1.5769677281196985,25.775440393136986,216.76379402495294,288.8877367305909,45.167123266946156,194.47620866554138,51.91503020213259,227.43241296087572,233.98806239012922,0.4662678985344383,1.3541651135391954,211.58962794539516,7.491292916491322,43.871301126904726,12.27251931698824,7.533248180523861,11.932502491719092,21.138116744382728,7.5979341213557055,6.085183369161557,314.86503399292656,192.65989159994047,198.06612146231853,20.09865713159885,286.15269529957186,288.8877367305909,12.340505875591594,45.167123266946156,306.5345907202605,2.6585960099745156,271.2534112894641,0.028455284552845527,195.1511896807133,7.697344778525775,201.11600804789288,12.891223484315391,11.202421743850767,203.29210729713984,213.16989628164478,8.4712323111659,189.7864374653429,203.29210729713984,11.01635363367204,0.028455284552845527,221.4229611547759,43.29404507684377,208.36579541444223,20.857957729108243,212.11984173029555,187.18601454343016,7.425195070640148,7.207197514026455,8.4712323111659,237.8023858386279,16.54098932876533,2.7715573992236893,226.21681761180474,6.623467229029933,25.775440393136986,13.032086578723895,16.85789872568535,15.101234973452772,5.246643348143711,11.235332817017124,309.1785483458353,13.397279285888644,262.1961734718507,57.19286273934792,7.43228424871698,262.1961734718507,11.235332817017124,14.68460059284698,8.518999697165157,3.1364223871275065,3.1437181874803097,19.018341487158075,16.04059708089429,188.78963797170735,36.55518975046163,216.76379402495294,21.13811674438272,229.22690929045305,19.419125012233724,239.78472753172258,196.80785790840068,290.06585263863064,225.6025809146359,286.15269529957186,2.9934225642969827
log4j-1.0,2.8567521869240227,392.7504056435947,50.17295697527533,28.12673185460474,2.432353320970418,50.17295697527533,698.5528452342854,2.552336084734294,50.132528907515145,2.552336084734294,9629.526509707508,90.40888927897093,197.34139310247318,15.360383061422272,1.3038277384715744,13.294733008189906,9287.817422533892,157.49392725191834,234.04225262855635,698.5528452342854,2.4720488648093846,14.160246142394573,2.4328247669074505,12.707899929392644,14.422100159699392,218.4549346229834,71.41001461712278,7.5777884201549215,47.79427241844421,50.132528907515145,16.498069538868894,13.294733008189906,28.17648893284357,853.1285927437187,465.8671696927309,69.13109219200349,10933.284659132332,1.3038277384715744,236.9556433337827,267.4706466585746,868.4744275115359,11.822952375536216,36.09112814042971,9429.770237573239,1.3038277384715744,2.5713191664691295,240.5571165209499,94.95540664022758,10565.871645804174,48.055814733633454,1.3038277384715744,267.4706466585746,94.65213334327927,64.48550057627978,2.440151143932033,2.1609803758191495,9353.952484174391,500.37185525009636,730.3567327896553,224.89667689468791,415.3129225044864,11.835623619262094,47.79427241844421,28.17648893284357,267.4706466585746,460.30089424568274,32.09659350471642,1.3038277384715744,122.19543875277274,1.7612664196191783,28.17648893284357,7.8900952266745055,2.5713191664691295,1.3038277384715744,682.1650775728543,2.4720488648093846,32.09659350471642,218.07065991156372,47.79427241844421,473.0822342761636,71.41001461712278,71.41001461712278,22.073306774950876,220.67353380370503,56.54983659306145,56.54983659306145,694.7728032929131,1.3038277384715744,466.62365547515924,197.1626711439254,94.95540664022758
log4j-1.1,275.98213526531595,1635.4653552143732,16.73632240354321,57.76007971122827,1579.4166868885243,697.9088570019352,30.629553202240437,302.7252062030108,1886.7408898300241,39.844241240056306,752.8369430065765,43.22027609683664,1579.4166868885243,2010.313289864373,1877.803098961997,17.728425388179733,206.01511994367806,28.96308779183668,1.8539091328840829,1641.4185840011878,23.277998771205425,6.75613773134534,2.137569156652291,2026.99252606322,26.6668797783463,16.175635603907246,2.605339652581244,220.5479987097817,81.77985261196253,1962.2883552787835,2199.852226747673,17.20885344124286,2105.941473904504,185.10934192406077,169.37181807127004,8.569300602924526,6.979744664531176,1547.7672351763397,28.96308779183668,1696.1318453696176,246.1924353602711,66.40589433696007,1.8884844778375782,27.354410755934637,190.3387336749576,1598.5954592944702,2.1138325530340683,1.8539091328840829,184.62100029761555,215.93381635976766,24.700679625662225,1706.3161460509089,16.73632240354321,53.627271555052076,687.6961008964457,11.625449234514727,1592.892735109455,34.756931858265546,2.726671181207675,176.899653674212,14.941159668413595,1720.7754287293153,2150.142758575593,1722.3087055863355,752.9119429629843,711.8786963818197,11.967965583496724,1609.2914291105142,22.886693195889006,262.1509353687699,24.45406874662877,1957.0891323852788,11.234989371962433,2037.602025311422,33.11126304051862,7.213687017116987,6.004505242523332,1765.9134833615208,24.692583425637277,82.5700936090324,53.089238696479974,320.92138086892106,1.8170670884908493,26.954187336013586,16.16793976421853,1935.6662353583538,2288.316304861263,1795.103179662927,2285.955304365481,169.37181807127004,1.8884844778375782,1843.452332883745,5.057292249943484,2030.5338524720537,5.474876029649024,14.941159668413595,6.5612459724944445,6.804182810112914,1795.103179662927,695.0298787950071
log4j-1.2,2.5735210064317693,2.53267314035833,932.7727378321769,933.7003026531195,66.65519843121757,1255.4392998263063,330.7212230593289,92.22779491124601,269.3447380959953,68.80144014822692,861.6680937733382,579.6408151397428,862.8892115375688,453.2683170255806,822.9402314239356,348.15288156155987,84.05448717720843,67.28539176320918,233.85518843683818,513.076458239282,68.04414506057968,741.2860647758552,2.52629615290385,151.19405883814014,133.3305972363436,79.04143218102023,2.749471101542529,57.329496027596406,2.751941934683828,1003.9841153693761,154.04574137778943,67.35624534321055,127.9567109909374,125.59866636246755,160.87085148989692,102.50551804036529,475.64564645007704,748.2081535202199,165.33788129194753,141.18828536675315,257.7466992248207,729.2154423426709,559.7001760389608,139.08453115047075,720.1879185761956,181.0821325211895,72.36680725698128,70.18120116435468,2.4915658434970664,352.57547113735603,562.009295145622,508.49529415505395,88.81384802855041,181.0821325211895,105.63441565171031,85.82753909698722,2.619809093053072,268.89511270955694,100.56106628614296,264.469013171248,227.91232470336416,2.758202788276847,3.149003178955876,194.4392992395899,104.43881623418892,578.8157129623286,177.83982387314904,3.14200570309913,2.4915658434970664,164.47430697190143,830.4291630086145,191.96763577984296,97.49710225691562,3.0754409537001086,476.94929223125064,142.00370781251846,1293.557036315932,57.329496027596406,493.5610647427995,73.46488505491816,216.8884480643834,242.82016975495577,253.76519191146346,109.10991068860213,2.608136838565773,79.04143218102023,93.54355561026962,820.9301292227309,161.2311689513741,484.867518112559,233.85518843683815,499.29548700856486,128.44089993260715,576.7335263559452,1019.6805020864697,787.3203414150743,1293.557036315932,513.5336512053642,139.08453115047075,2.5508445507922426
lucene-2.0,44.04754883188256,1168.4462965839878,18.614279825414965,975.7042309045825,2291.0504860078963,18.8896875578363,1057.358843655641,7.5415220336935755,10.904350628926084,3419.150190833968,1049.6073151291919,1180.9694957471886,316.87540170567695,1015.354481776939,2101.0638416141333,521.3141369475663,528.2919487718386,1229.5849778373822,31.83559504491688,1102.809365896559,1968.8952654711861,528.2919487718386,975.7042309045825,3434.701514079029,1157.4935222862798,9.31693914775911,1219.2371580036356,1793.7749912485758,3132.4866066013187,1004.1245831042814,19.426627267472902,2081.654061882626,42.04988389033633,210.28185025332584,8.129197759056343,535.5410615615741,2427.952154878779,2629.9351187448156,32.582703881907904,88.23188785277254,7.041697746524672,9.423084792951046,1049.6073151291919,105.26509863863559,2275.4675394309297,1188.3188252421853,210.28185025332584,934.9702878392558,947.867388973709,2028.6648806826229,1099.1491339540732,2623.2580684984355,3161.1813372096644,992.0877167899816,254.67524462930584,661.3731978880056,1093.0571550407026,1004.1245831042814,1188.3188252421853,1968.57562031876,9.038983602715907,351.36756772581697,383.360217582933,1336.3726785872707,39.74368592208174,969.1691962048005,276.78042714983457,28.135187711190667,270.7760702710578,473.998853853787,1070.0132381025883,1057.358843655641,1169.359223686241,1336.3726785872707,1087.1482537645768,377.35264007849923,377.35264007849923,1070.0132381025883,256.1084001477812,2803.330520570002,1177.2639042435871,90.7238537040805,2260.165875527076,971.5861321135316,2110.6746625771557,2023.570642606628,1951.9348762012287,2017.0688590450313,32.00462041604794,1143.2996578967252,1941.41760319365,105.26509863863559,3436.9510097720026,1215.8873437507636,1022.8208841513416,7.036750020967828,3419.150190833968,1154.5118108928214,548.5272498037081,1800.9130008539785
lucene-2.2,13891.960025070677,13261.885426864146,2378.8700706022905,15032.012878169098,19.854256638865056,5376.505100036095,1032.0209436596672,369.1949737909813,5279.170927887173,8041.930194161427,159.93552353786754,1257.7288489699154,1199.9465537952815,124.91910214203145,115.35723200622571,178.76214100719838,8038.647482443501,8477.858309500494,2472.6543141261823,3781.1097394174694,115.35723200622571,160.69874348818212,7396.161692723192,465.14977875929605,13381.058871493344,1255.6598230046905,5138.8672239796,174.83182578251905,8477.858309500494,5376.505100036095,40.463995074311285,12892.172465961035,520.2598085587384,40.53503591859497,985.6055927614644,2139.5892513117865,1067.352416297825,2411.566344448259,929.3251927794565,2184.6762788796923,15634.22233385235,2089.7622019538703,170.37631797655527,1217.7870007800416,16755.948422400197,14798.662713670314,33.941357676257546,2112.6118978656045,10.804598585930892,13005.013531463439,360.97032678874587,5144.729256625216,10.734949276981405,7286.17664266521,40.463995074311285,520.2598085587384,1008.0071536412753,310.60847282066607,992.6534753555059,353.94309875480644,353.94309875480644,2182.2103031944,12704.829770891189,2461.8376270806825,13307.840977626434,33.941357676257546,10.815461533315602,13365.4879959788,14363.794795467415,941.271141721608,6170.465131280123,39.85553101054699,121.15500134311719,913.7487710259717,40.53503591859497,2237.5370343587433,7296.798058239673,5193.323387274398,2236.3586809513286,169.15317330215942,1064.5006232109324,6341.17924493336,8012.244521476181,1024.3770147276016,150.2710355773732,10.804598585930892,6170.465131280123,140.28077688550317,5376.505100036095,4567.232191071197,170.37631797655527,1176.969603157137,373.0156780694448,2773.875371136068,121.15500134311719,12893.634408657628,360.94362266751216
lucene-2.4,44.78228485301328,1960.3700101772001,104.10779820222083,2197.72397838286,10.910898855702166,1891.6988139997873,10.184426191164489,43571.50204471109,44068.574017346604,10.534308973279005,9.503521343778074,83.48753838509262,18.670400103517363,241.50494150408576,1946.654719865166,180.16806117925753,1169.3436923491934,47.35434099304613,1255.5899576723061,341.73937490359936,9.718010582191376,15.107258358667659,748.2282395598788,262.68901606718197,45.24794616139275,9.815197651531486,47.35434099304613,246.78400397824598,165.6974245578495,12.780964322936017,244.412092723847,12.217147620758057,268.38697217261995,9.24781991706368,54.94641382695072,2116.3049336719537,8.66493475048903,49.876844071880996,281.2941440416578,12.230389452135109,10.432251270919036,10.79126921262517,138.57595618838064,8.476703311868183,52.34398774262724,83.65161116957253,17.129327680954244,16.602571034909158,123.85204377772251,33.084186681852735,56.20406361990343,20.086865881129135,296.97382188318966,180.16806117925753,10.910898855702166,13.341736342296244,92.05581527065699,73.08633688418851,8.941577424832035,20.42588084190095,2193.8841352939094,9.649940053914666,73.71832567727249,9.480230585916981,50.81737072756334,141.70176408404092,30.78142912526348,19.28705920596196,256.388087839414,43.74860609516941,9.943604085851195,341.675129398355,9.33346914412164,13.700462791829407,10.631454245958832,8.846204927097999,38.947473932757035,63.426487416488825,297.0834065161212,841.6847919469596,10.432251270919036,10.801454175741029,86.40047310701507,161.43493892918264,232.47258405116617,17.74863439909797,12.829058960500001,128.47743070866943,113.06251338451732,44.055628539017505,18.248331518127937,271.1846959426433,44534.38819967349,8.994220858886498,63.994474280546555,15.970697967459557,38.03618970699789,52.70660582402499,37.3500663832133,8.503713932014469
poi-1.5,9490.274973577656,3651.2281993807446,5.9342552304460865,7.506544045746909,7.506544045746909,7.720411294585271,43.47384489743456,5.730902454689285,3684.5329312159924,20648.55370745038,5.800955696658277,8338.947620116223,14328.164174597436,1515.6747085552051,1319.2378406849853,690.4977105763504,8981.394934482802,777.660774134993,951.6280755428003,1736.387370964291,39524.12198293443,990.0742327087909,8803.510169158197,62.83992269723826,2770.3471643438966,53.71479134429882,459.2497068355675,10525.122597877385,478.0752021604627,2643.166276219481,610.2222132197643,7921.2288991384985,610.2222132197643,51.75401028772301,5.599977866497543,39524.12198293443,8.314684707174326,5.599977866497543,39278.87943908522,3651.2281993807446,19985.57006408339,44.62216494282058,5.9342552304460865,63.402125334737256,14221.981076800288,63.46499713993333,3593.8926245447346,5.599977866497543,2782.2958528426066,50.395259543638645,14325.762150030854,641.4167999928161,1141.6702473256348,459.2497068355675,7099.807262425455,5.662498896481335,10549.157766679418,1208.3553268459693,658.6655827630616,1343.0803765168694,459.2497068355675,5.599977866497543,5.662498896481335,25652.440570511222,1781.6511708325963,14221.981076800288,5.9342552304460865,525.0734584673223,1337.9588963103288,5.662498896481335,545.0125541299506,5.662498896481335,1781.0998574515315,5.812793847292882,813.7608753928187,7.95009954966638,641.4167999928161,12233.94874338792,514.0872977995975,68.28519269629449,5.662498896481335,51.83461337745378,8803.510169158197,7.95009954966638,8108.0044254508,2669.917410483173,4475.962851239802,4475.962851239801,9752.831611202635,51.75401028772301,990.5077330125569,10519.912645947079,1143.5392886150407,5.599977866497543,6982.086263897915,18653.96171977708,14233.29475502407,950.6469747278226,5.599977866497543,5.800955696658277
poi-2.0,28.98679687055419,323.80347295558346,0.13694267515923567,20653.711981270244,424.98047087472116,628.4346854464624,2.1330995314108057,250.95413627747513,20860.793652608216,336.32944806078007,249.0520910332429,21162.51292994437,29.00746472664088,104.55965208428732,20733.174215359875,2.1330995314108057,92319.00414781593,191.55318637604586,108.17549070288243,20653.711981270244,0.13694267515923567,0.41339728086534555,0.13694267515923567,17154.080682346135,140.34680233870574,292.32724624145,163.18114840641306,16826.26605684196,296.85443129743237,0.13694267515923567,16351.54344970543,336.32944806078007,17264.8590445214,29.00746472664088,0.13694267515923567,249.44033580801403,325.52794354004044,0.13694267515923567,387.2716246003153,100.11818162804505,16514.867644676495,72251.13370790264,186.7178249331982,331.9092063417728,0.13694267515923567,17162.24512238346,0.13694267515923567,360.3426840173065,73144.77319885902,355.45948052024613,21697.9110610728,77547.63805194903,207.4089408259326,0.41339728086534555,131.79994142226258,360.3426840173065,191.23098208318368,28.98679687055419,120.06336558548914,338.7784953382493,0.13694267515923567,343.3025668718046,20822.640891505773,29.00746472664088,27.716226818850622,29.00746472664088,104.55965208428732,29.00746472664088,0.13694267515923567,100.11818162804505,140.34680233870574,0.13694267515923567,207.4089408259326,16751.87465785687,0.13694267515923567,29.00746472664088,323.80347295558346,79557.94468122571,296.4111997436848,336.32944806078007,0.13694267515923567,20755.65449200385,2.1330995314108057,20732.353561223597,96284.72240884133,0.13694267515923567,297.29182001981485,323.80347295558346,628.4346854464624,0.13694267515923567,355.53880938415926,17252.937084844903,628.4346854464624,17154.080682346135,0.13694267515923567,0.13694267515923567,0.13694267515923567,17252.937084844903,131.79994142226258,391.1715636324985
poi-2.5,6.710190145699214,38.2547756414385,3.588785940801397,30.87291576975757,28.81423355037418,127.67689034211413,30.87291576975757,79.10996438247521,510.9962032031862,44.334240164062535,14.848268992790302,217.29854886570286,16.013492539031414,79.03696806012842,21.359904888116617,20.419566802263596,1.9954713833997701,14.686093285528663,223.51233278568873,41.49317089463385,729.633588721856,1248.3659432580423,217.17216117150463,14.686093285528663,24.534341146751444,855.5164276244201,56.62724388129875,93.22811403016831,1251.8272493366992,23.190295960110205,93.22811403016831,8.273106101330454,1248.3659432580423,45.92738343516279,16.34228135684207,154.6696281944947,838.0815627922008,19.959006577999293,141.87736817529247,14.337235177784235,40.35532796521725,2.319084704212753,23.39483164295508,32.08488689942516,2.977895573717168,16.34228135684207,1.9954713833997701,500.7928481256027,548.541864137954,3.4524101572491697,60.27586861612423,20.141687844352514,33.043463496484755,26.895109199326015,24.301738447870356,1239.0142489176026,117.913709987268,500.7928481256027,41.758728582966945,105.60715341630159,972.1158421267958,24.675608079638188,8.002923815641411,28.81423355037418,14.863376385069635,32.9165568197145,19.757032378205835,1239.0142489176026,548.541864137954,48.61275282444394,347.85397878995155,2.9904420050888754,1251.8272493366992,150.45961037223717,28.509688899549264,45.06585837614247,87.11275280276386,544.9380979341116,6.6291796582419895,46.180108506323165,766.9798069056202,124.49084591457503,110.45303104194399,38.2547756414385,777.0475459519133,15.791948207794535,56.62724388129873,8.940926187479795,3.1974965072770414,30.854464138618212,30.73119718694436,39.81202629125819,59.45246321036359,880.3395940246048,127.0117155565429,880.3395940246048,777.0475459519133,34.69550474986792,87.11275280276386,2.319084704212753
poi-3.0,3097.516077320971,4260.398713534041,5.284963675923621,3.8934542139930755,399.47291660219435,7.281527012960141,8021.647230915584,10717.411182422811,5.048381309886924,4181.692947435562,142.22990852586656,1719.51734549124,249.88662973442723,2880.1662457843204,8.500877395852996,22.606464820746925,10.00816886378664,112.21310875382233,250.13594777947435,65.21193683827832,12.48897815120821,3355.093037725888,4920.60221127445,7.264778961934408,630.6521161551304,4166.359313000595,95.88625175483583,5112.166291774655,10688.54477217621,4.253750539013871,324.73042681198376,4023.3103859897765,1354.318850536348,1590.533072535903,9351.002291902663,1773.602169085572,523.3299121450646,803.3135911201158,668.0237830217307,335.79963793143816,2797.8005526208094,2194.4124953245637,91.64503711003618,97.18086354492176,63.32836066005496,6.273820098986033,5.4336130869098405,5.717919610402983,2657.005250137132,9.188526078837661,697.6370653235734,1771.738702027111,1315.621736860338,10559.405085415525,7874.39619006849,130.056323255132,8727.54304039958,4920.282113149408,1175.3513661000416,359.1315834735135,5778.3846059740035,2902.471243134483,741.267697199609,2363.001660334636,575.5387883060733,1555.3113456785677,7.944991901012046,5.010650851641367,1705.085594115341,777.9187257794381,317.6373682319577,5.93503322346828,10668.7628406817,209.6727792867079,1822.9076314120935,3698.992439345974,831.1208378946806,3344.993672458709,5749.752292570661,1306.2415887216694,220.55557891445443,3086.1321065634784,2041.1546235074659,9149.050723894066,66.46324444144248,9149.050723894066,829.1291183706479,398.47587900429613,598.5107736553432,8711.168768355035,686.849706225601,752.8482920838521,25.265763681641282,779.836414264253,3.8934542139930755,4022.4011497120964,1180.334853522992,5.143744237998986,4550.894808234564,8021.647230915584
synapse-1.0,238.17623767863458,2526.102372664968,2730.1790290981944,134.0307186650163,0.490200078940505,424.21403001391684,161.7154090795097,168.8316944775953,209.60335197733812,402.39885028168584,222.5320030260899,424.21403001391684,458.29270002896607,193.469357999389,11.74517296353806,2535.7103046086836,492.272183533516,2305.3433647909,278.38316466078646,2285.503106821777,204.48320885316494,2671.325168784994,354.53436947380254,144.39070928120657,180.11581821531007,2126.6291979337716,203.4607066820203,238.17623767863458,136.16560567044394,136.16560567044394,19.699097704102787,2352.2105273209954,2129.6649178722773,272.2616183867659,106.63878452840966,356.01193851381015,19.699097704102787,96.98542091293649,185.6739108640245,389.3573506028641,380.5124798055673,2217.5301219698267,181.97036837544658,7.925376923381571,213.54461530626753,184.58029940847962,3.86703822512807,160.4474440406746,127.14128145782998,405.3143047079627,0.2356687898089172,352.5965465580644,2597.152358810172,492.272183533516,84.97065046116337,0.490200078940505,106.63878452840966,173.4514356187933,383.67649464934436,330.7209317361209,214.3527585822569,84.97065046116337,171.92326823959226,2617.6945931788614,2664.1764896831305,0.6310452705305732,2165.2873187624245,12.737618981274135,2352.2105273209954,0.2356687898089172,2212.1450894296195,265.14761246168433,200.38375796417176,209.55458713368512,2285.503106821777,376.31029421549846,245.49902561043837,96.98542091293649,232.87351292203857,452.25398526849574,227.3759424860051,233.72521030585537,196.33444802550733,265.14761246168433,6.217139364956674,293.7270842449977,2233.662375817929,2470.8771996007695,351.1312934794932,283.7358904853037,298.99180549220347,363.21786356187806,330.7209317361209,2527.801640441775,345.16334797760527,0.6310452705305732,171.61611542857173,2305.3433647909,2499.6416786646564,11.382367761463493
synapse-1.1,19.037195930369954,56.1276893452045,59435.0585576571,6.263544341581707,258.830244868924,15.452618029704398,218.63583075230252,6.84881165721414,11.626947711904615,6.8265907725708015,125.26929576474241,10.267250825116784,120.83227693523729,11.257647332480492,8.964268299237991,59241.774960716764,319.9966842428099,163.34349047414722,258.830244868924,55.04085379635592,35279.353856260495,37765.471941030235,154.25335860344038,9.437266304869304,241.04240422875972,24.321099547542527,130.50557379085518,137.8359173785193,59680.00511496663,144.04671122381583,380.3389288621217,1.419729846382244,6.4195262791449075,34827.86081126507,282.7657714829228,146.85884703085316,9.470966714261131,12.17902083535326,11.201444770447942,10.44061062362809,10.908992712423853,12.248409038478536,679.6334196759295,18.26368693507315,10.799830316349869,253.9445488896767,12.026894169944924,419.40770773173006,14.227908846908118,141.82766461747855,15.452618029704398,105.35077805286707,18.01123743834585,11.120488624080183,38406.37613967306,10.11842507413339,125.69451680051665,672.3671365895752,779.584396314038,146.85884703085316,11.328182992477046,190.79152470829357,59.552322966158016,12.514240065189025,34923.38128391691,21.996205283360812,60.14903170048023,27.866752461536425,19.153165816187048,9.52457242556494,105.35077805286707,116.73433918129507,9.369805809990163,484.7387599001823,472.70725055320946,13.655110290958968,10.908992712423853,59185.307529999714,19.116930916431365,56.05029826056391,601.7307122330202,390.48299985971676,566.4303325761648,33.409864990629586,800.3754628358953,112.24043523116107,0.9621891338087826,33.70705434785804,550.8189944037451,12.111827765081003,11.134221837750992,16.42191508507194,7.736029647658287,23.740022791387993,14.271147320352755,7.752471961236076,36.834114104168556,11.886622539137386,218.51814171433537,7.297650241561103
synapse-1.2,1942.7963621272595,379.45153651231044,121.67630780960457,1.5409488078726525,2812.3504154247175,1622.7137834839127,1613.7197117407914,1853.7098333911053,2241.276921366784,2496.9867711019733,293.9639600208085,1.1750336531442858,547.358292783747,274.0553480699848,428.76312985618495,406.7134712135731,165.61783287061007,2403.9532864430416,135.47397361202536,361.2473112221445,2362.8610325409863,2508.7847400724754,113.10637353371192,2272.9092329582572,160.4426093994956,2688.514362242214,272.5145912671353,194.10275690518574,125.98108994807137,2196.785067355087,1904.660729421424,1697.8691114159933,306.1059729501769,2337.243879524447,147.23277116528035,1563.649054232551,196.41652221154027,44.100370552222316,7.825198717321953,2427.283443185352,1575.9371531692282,2564.220372697074,152.90752433006296,1916.4222232825532,19.436229279769698,2533.2766670111323,2820.807691860932,1653.3597464734084,166.56870674835477,1963.3049882581563,119.54276798820217,2456.892332219306,571.6604123582193,119.54276798820217,47.98015971942962,2469.5331924932602,461.1247336216343,182.9123185878449,55.33486695313235,146.3443662649372,2042.8628826373038,1796.3111210486168,140.5974377294652,1588.620511616848,152.6536389018771,2437.512915566797,234.3879122653616,1887.698481695962,495.46288202038187,1819.6423832160904,2.0913888849932234,208.78746518644635,2358.020500053271,125.98108994807137,408.4040740900944,220.0613409296882,1754.3081435332126,142.6765905936332,26.257744400639467,123.00901126129324,2392.3570655066324,234.3879122653616,2258.7972843336083,467.7185623496922,495.46288202038187,2309.480952447995,1669.0961288316917,536.1480096625509,7.474883472825464,439.7447619742817,1735.323187250593,184.2291687655733,16.117196004960977,1755.4739814375016,1994.3676140610082,1697.8691114159933,363.6025520427032,1876.512913055813,2196.785067355087,1.1750336531442858
velocity-1.4,143.17682405169685,125.44605916405749,1.170353382578434,150.84645454099615,2.304916765226505,136.14406239967474,147.27963172453525,89.38327701915333,142.06598156893656,2.840137760926894,1.152421716263497,149.3938758261474,1.6982643093796093,2.8609285505086004,95.20569197775947,2.8401688502933666,138.28776434730574,140.5261738901768,138.28776434730574,97.45929387270291,125.44605916405749,11.534946127384652,125.44605916405749,2.890790345549672,1.1568487909246254,148.77529695218976,7.938039758635378,9.188345727184842,2.2380673869305343,99.8157725594305,0.9030620076175557,95.20569197775947,138.7380089564329,437.28551711162015,97.45929387270291,146.18196589611483,2.200955508322452,2.212128540706211,76.14027683327294,2.478884726504073,2.7844119361165927,1.1568487909246254,430.21375451548795,89.38327701915333,151.76198320145085,2.256869460080501,151.05178216263144,161.62409847506007,1.0970334142244982,437.28551711162004,89.38327701915333,143.17682405169685,2.444939815406767,0.9030620076175557,125.44605916405749,138.7380089564329,11.99516189808926,2.576493268333694,147.27963172453525,143.17682405169685,138.28776434730574,161.62409847506007,12.077596383632285,9.188345727184842,149.80319189938086,140.85661452295608,10.663283719839901,125.44605916405749,97.45929387270291,2.876658598712326,1.1037833703727298,2.443530741203062,2.606966327248684,2.30181068239322,2.4788847265040737,7.845386847504334,1.1803495077788202,206.6703003188912,2.3023746311348345,128.97945188713211,455.31691085690767,1.0894929954033024,1.1864472861621882,145.47209787595247,1.0905111036508943,11.366877064280844,1.1864472861621882,11.309409081742062,2.443530741203062,149.3938758261474,7.938039758635378,1.6982643093796093,2.5095788882995547,1.0970334142244982,89.38327701915333,154.2015953931585,1.1037833703727298,1.8988823462501696,142.06598156893656,2.200955508322452
velocity-1.5,1997.5761167016517,88.41118902787653,190.80742405155274,112.96701406896437,2113.631520975993,239.70232006624605,2478.263816194714,4779.227523374798,1518.2514242874283,95.38360053018904,106.21366269574504,5.7568442204396595,3.021892911360126,3732.2319251492054,3143.5609354538196,15.436478830401972,15.693628608037828,2960.738575521473,2070.846113330418,6984.981354879844,98.20905135198362,141.80536404980273,114.85403281308156,2502.628268195585,2901.3419196622667,5.391255187652611,3.060727614424598,183.94748458442533,3038.4123647609795,1416.5485532389155,6.611823835062364,2001.311123041133,3.0197180045602137,128.03204804002212,2554.8098259206013,169.56217773321362,128.51491408683876,3.9227560911774693,2656.3649353938476,3072.13883920139,2194.305910653944,3.1608897048080684,3.0159116682661384,3347.334439694406,182.97130162669967,206.29967577698392,88.49090043080713,94.09703731280833,82.38040771276059,90.57924787795535,3.6467652335847633,5128.158450560474,145.1336064889536,6959.460448590683,88.94041624950783,3195.8163058433256,3092.8263443452915,94.66838505583743,6115.763004827602,2668.6521514607157,2407.23583766607,31.964617234511127,2706.1721254710346,2599.502387853373,2118.6735159451414,3137.6483359459753,2110.410541810482,7.160613449008805,2274.0865472096216,2452.0391839699832,4.283369152729978,132.81841852099316,2012.160253044288,4040.1304998289966,4786.9085537353985,126.32701712975927,2377.2084595780047,6115.763004827602,6.666973169824453,2168.4924295114147,2748.2557408011367,3.2510590282255065,6.18395613940862,4195.073621961869,6854.898909241159,103.66113127347913,4034.8747698018924,2357.7623330798892,3.8864569999551364,103.66113127347913,115.61296162883292,98.20905135198362,4.453206050448074,3.0197180045602137,2.999738637691808,2232.668393370196,3.5449930860574774,2019.426042963939,3360.873821273043,89.82215393141762
velocity-1.6,90.20678500142361,9652.424474437748,3498.905549258561,1458.9820631357316,9983.338459861521,12408.917182614436,5531.222282296531,1539.0128455439233,4861.655453259591,1660.5659507280166,4180.85257178931,13846.146629744746,5207.591275384698,2.8871403875891124,5974.507536852415,1679.5224033468028,4377.069975159435,2.8871403875891124,13073.412108432482,10757.289403164952,9029.155006165416,4758.637592955529,13659.593583785603,3513.08439015981,9645.969819958253,2538.399632890913,2353.713599154428,1525.773165518033,1794.4264964552995,1385.3304998544188,5102.823310843404,11409.138896861463,13802.001288836553,12768.601875466691,1770.6850232392442,9176.933393858775,10190.440290728307,6850.393650813109,8925.310602423155,1816.4961728160504,3716.986551277119,1961.5807209496586,2107.8215038436783,11696.683580937657,980.0629512531711,710.3760130393233,1406.5761521460267,8551.328786336082,11153.7049441738,10241.55722999788,5652.015903258665,110.38512845201132,4389.239269183026,8038.994511213359,2158.4056009979217,784.1506397229983,2387.389577091405,4959.844594489926,2991.5988188078427,2947.7119136012416,1616.2071985012453,4504.44199328272,10697.813942545743,100.96680226580662,8679.85831263469,1469.6661930325772,4674.693742376087,1564.3418131132014,75.73591916523262,6270.415934253694,5207.591275384698,12605.255547855555,4232.893431249409,6511.233957016075,2282.9147587943617,3102.879023110869,1600.419490578278,6534.797881005405,2693.60943923801,1845.1733310449051,2011.6457040912917,8039.322194082502,2583.7917191915885,10475.75053156676,10599.583294282605,1774.0445490325278,6854.648930437975,90.20678500142361,2639.1364465378792,12952.255502412827,3670.6894891810302,2115.9360341671313,12408.917182614437,2154.8389697454145,1917.407956309923,75.73591916523262,970.3756435236862,5722.156201756177,5850.217137879647,4973.907992234992
xalan-2.4,687.6676354427346,366795.4010194704,17.240307883106833,472045.5762328211,55.14628238236827,450.4098493584636,382460.9389212895,486.9931218380507,3.0151595999514407,706.7537774126796,687.6676354427348,438783.0975938953,367881.5450950416,5126.221167161755,75.74711219485214,381421.74882681033,461075.06497612817,458121.92326313653,359861.0527195487,515271.2378140824,486.9931218380507,440174.4785099154,468136.1809042456,10.766145310461777,3379.476213031261,459726.0706235069,2281.000629336771,57.66447685667452,457941.43072110513,362029.4732089054,2924.6611918107205,0.41770401106500693,4121.699809323133,409624.5195169358,360611.18368821667,2442.0486478963167,377601.6672842841,507068.17009314446,563.3959943145642,382935.0373353939,374796.2699325804,12.49920359812761,2748.112945665201,1403.9280359185348,519.2206367385814,1.959993131141533,376407.96100565075,10.186455959452656,925.4029966865584,370007.4298503675,388489.0223024162,1.959993131141533,3211.9871741592856,388489.0223024162,365073.9063311823,525.8905463029057,2606.009086832859,371558.44018034637,12.524765598975346,647.4773621359706,17.240307883106833,462473.8823130767,501556.8713949836,384228.30595621595,410014.4878671862,2170.088703212556,499698.26644799433,3330.987498042881,2170.088703212556,483.2046425745353,2878.2651256040413,373310.0040954545,24.82646095267012,52.6214195101387,19.683193885674427,685.6647497073038,364778.0169469236,439.0106098181069,386293.3585704631,465967.198295495,372303.5848254409,11.0915578412043,378296.0491338238,363455.92742665386,3.0151595999514407,514250.2368924652,369322.96826611785,362484.19772317284,0.41770401106500693,57.66447685667452,363629.5764481867,407924.536836962,565.7259061191005,439906.72613471345,0.6063300882842131,384904.98347691365,472045.5762328211,22.3967902212516,19.683193885674427,18.871458458740847
xalan-2.5,2507.663990269304,125.91119338068445,2695.854756029458,22.99024448146051,94.71174170413173,2552.8769383406984,2737.600942922468,9.081891587570011,2560.8688625791674,13.744825729476593,2846.159083492332,838.0275916933352,2953.1165003480683,610.8510388238292,542.7149599415704,2367.870833143686,11.251449323484282,2442.4399914410124,262.6119265517627,2776.561648329576,3119.9496415889885,2330.263489772201,806.374993301123,2301.298944396572,0.984434406486162,784.1072220031028,2895.5557667903313,2973.096227277581,4.820616440560415,61.179782631388974,2914.233649864627,2474.218029100329,519.8723174266535,2425.992414077897,87.52222945570924,11.815307889015633,103.916141697892,2610.3979005206684,591.9782049835906,2610.3979005206684,676.929362155026,279.46919005820774,2920.019095565253,2828.132060493322,2308.6444624847827,733.2411245923695,525.9730413860607,716.4939483185963,2855.5024749924924,691.6670593388047,793.5946735177331,2934.7001767756296,103.40572758645759,61.910180539242695,3089.6257903690002,2496.658470132747,741.5023211623301,33.10054401583025,571.5966119912422,2461.5546346481833,2422.9109038565075,1.0563619524210401,70.2032061642539,2348.0336754647387,168.41327073304,285.19304281329073,2412.6424232263103,2583.7948756195206,69.65823996475407,542.7149599415704,2523.4924572666755,548.3436089218878,932.8537184962638,2318.7932847247685,0.984434406486162,2669.9350856103742,2884.946118020389,2636.4402816663714,8.720256358383011,90.52592104855258,2.3398858317180036,2646.3262498596437,158.42131030785117,650.9645146057094,2703.3293924674736,656.5846269978515,589.1235450486255,2277.4256590591986,820.2658842809597,919.0405202083527,2410.2827845073903,133.97538762750094,757.9312081559214,2994.0686120904475,2.3398858317180036,83.3502483133598,2579.937491644209,3095.798172097228,8.720256358383011,2786.6927595408647
xalan-2.6,1305.8746263835762,47134.150285208576,60640.370357285334,27334.10842483565,9.90289452395745,2.5968348585120857,29843.61230985024,33502.03291920914,2.5968348585120857,77.05071739957111,44048.6858432393,31487.33874101559,37529.726820704935,1.223801030283777,268.7902876757825,7.636671596597695,44504.94243138659,58444.92857881662,40093.11555929899,25951.450936434234,9.419706870357581,66.39629220041503,40224.09606470955,674.0945354324375,60261.925172232455,25376.765705664016,10.802287097509469,24872.529778121934,10.94896950968976,58653.095797592825,25751.65069892802,25575.29845750717,20.783800225080647,24805.266373926435,674.0945354324375,33614.589622943095,65.55974609551161,27406.396876833533,34789.15315394914,41838.03902457304,3.198995652939778,31337.54991266362,69740.83847558979,30179.590316029546,38778.34934325006,292.1821439729878,28835.802284370002,59408.70353226271,330.11818207938103,36674.33753072178,40904.27557143049,486.71361363788515,61.05075263060254,28167.176955746603,71689.86736007451,464.59622909685606,738.6388795537209,1.223801030283777,35987.68141371605,71689.86736007451,25481.77308947087,29057.32735974825,8.95288703289779,129.81000594200967,1.1895520779437516,782.8565322543175,3.198995652939778,980.9243743982095,46210.5097632518,467.1111530410167,32547.380749739958,26853.162856974533,59598.16948210403,39478.19576564936,36409.40141620206,554.419121203073,38219.50113999157,1.4626101847609594,42207.25155428302,3.648586728689525,27010.12627566948,34685.55057965121,28486.05628618836,25196.830238576087,1.1895520779437516,1.6723874992879677,25074.162765116555,34253.94675255919,43094.33630636299,827.6349230950553,26390.910994258964,27699.798904161416,24805.788324193396,31991.16467422076,26110.386232276378,47846.09719365229,42660.25309699346,27814.659755229353,35052.51529267272,37062.30766773715
xalan-2.7,9.302132372768014,40829.38938301894,69894.19423774022,6432927.816536102,41745.49250262608,594.6801665775889,2.87090304100625,8716575.797509428,41984.14002087963,232.47743790150534,40904.565049808,7976209.115823494,9466988.408170871,8011308.528772617,41451.510527942686,42184.42889927083,67145.53178121352,41779.88994218519,2.9968881543120727,4498.1715836137855,1022.7920131671759,8.757701634320838,45034.631312333826,0.5375585519675009,6.72711229813419,45494.92326110026,737.2046487071333,5092330.9067164315,41908.0036860939,8591360.130152846,41187.816035779586,50508.60833047775,8.04686007775216,8936557.33975224,2.9522613067755317,2.9522613067755317,8.04686007775216,41390.878902142,5217958.411531593,42379.55869159802,620.2490273519459,558.1473533567455,41525.27328277165,0.9648208513996718,988.7929335301227,10.760048270018006,514.9321781920964,43153.36464935176,41115.576638415245,9.254173139473494,40979.720310661105,43927.47632704398,1337.0733411301899,11.766862910974252,8591360.130152846,43862.16389562019,631.340307406556,3.218918565267971,45004.13992971238,41670.54781208668,41668.188087217,4.192850589574249,3.8169624517191236,40977.59728809847,8.270835540796238,0.7666568046023944,44366.2220035893,471.25496226636886,5142377.132253288,6416068.243178328,43200.1351828437,40876.721905001796,4771297.189132727,5222822.588242496,43546.71598578855,41227.98336629138,40862.33797818584,3.4061052203837003,41060.63855170777,4810760.897443967,40943.803159072435,9.302132372768014,40807.04253338555,9466988.408170871,6.00731474916885,191.57045786086772,4.566429154199861,40944.825198107676,8887739.42119841,1015.1269782403224,41462.733496907735,1020.8081047974723,46031.028531714546,4785.683955832487,42542.432826808996,5058.879766443793,6799.53961301715,40907.24950218007,41878.347913631515,7651759.27352043
xerces-init,2.9358638956007286,263.9875997245859,337.0975659140245,210.8603002528018,9.723475120510384,805.5004535897338,8.094242366695081,256.2982269362444,245.74115691511605,2.9410219113578613,243.6999077104731,409.10025880167643,324.4988219660786,329.51439763880285,9.045437799637583,3.4281799319999755,9.994083679116997,2.7714023820343257,231.61160423405818,1987594.4810298725,257.7213757723933,261.2377169292159,255.5300801767638,7.090360894071233,10.406054862576422,207.25891230429633,461.57589448439506,225.05823637686657,250.847814683647,235.4698272887177,261.94654160479337,10.011881123543299,224.875562152207,210.45985859471313,8.805586149481224,255.18559573516325,231.756003074317,271.2440326155053,9.338978350602309,258.67118986462344,2.9358638956007286,8.842157300121286,250.847814683647,411.42222880075457,9.994083679116997,811.1230820703624,9.447335581232425,7.894973247843435,379.39008457034464,255.5300801767638,263.52399795481284,264.87082392521006,380.6823124623823,405.17595812167616,430.8259307251746,208.3921531085411,229.1876466900459,270.0778637252774,2.8042497929935686,7.343097121677036,410.1192012280453,14.065626552732608,225.88794068097212,242.57691682797503,433.14817330369294,272.21274143780647,209.52075312554533,269.07685247361405,2.9410219113578613,231.2851592559211,211.92487657600878,2.910875464090857,2.7714023820343257,411.2087051095656,245.74115691511605,3.4281799319999755,254.08832485624464,405.0704278283193,226.00663980775155,254.8672467023474,273.3015543726747,235.4698272887177,271.77846255598735,260.9599749008481,3.4190020463381363,269.39334067297483,6.928113235601496,2.8042497929935686,263.52399795481284,14.099300311672764,7.495657946298378,9.008091105969408,10.011881123543299,702.7470667938949,259.66888764095734,3.4123582253718476,272.65848467886656,245.1650974245106,431.08914277817377,793.408749328908
xerces-1.2,58.572553009806605,42.146131328901454,23.031563911215574,24.332238180851014,34.738164917638336,59.06178982744856,31.345153978161555,21.107322499106346,90.01901979563782,8.483207072625817,0.8692924428128288,68.8555351084667,2336.235625503831,82.67717504986929,68.4979488444674,32.38850461499063,42.51153330530054,1.1420464130147663,29.78068975015864,51.002925081246495,23.20284048969305,0.9209280560390681,8.52889012806265,26.301357575894478,24.096347559776586,1.1627871397598604,34.9136883614761,24.532010259197044,82.74988686717525,20.521082769070897,90.40901785568747,2213.7732862723265,0.8725657630130722,37.79584330829308,78.4734282643929,31.521600713249548,27.258202129475066,0.9744165625753971,23.62794750770747,21.538499955521967,27.012835145457732,64.8790945217474,1.491815755177429,73.9045338400545,20.867560618401548,20.188811061547295,20.469258096445024,8.25166736275738,1.2459761769899125,24.863743566803855,74.53600767159597,8.370207578535794,69.40416019200364,2320.8102841897207,2248.531965684097,91.02074250380333,51.588811244345365,50.57490594680919,8.323081199267959,21.686277342855828,0.48863636363636365,20.365812068914266,19.87581904816693,23.803136816437046,8.38752826210109,33.11227858121474,8.034224584454613,76.41060577918641,56.42787133144445,2178.565527859572,65.28845818686878,20.392147280935056,21.643575307747923,0.48863636363636365,20.286924415941215,1.4971602016826984,0.876081899962578,21.08207261507627,11.34184547239972,70.83742282920964,9.925376878089615,31.521600713249548,54.48282050799133,26.125849748460844,2255.6633139304176,50.19920257994115,56.55577270375483,1.155057956925274,1.416747714949275,42.31528155879296,2320.8102841897207,34.98711468327846,8.444518751699242,20.14952942926786,27.258202129475066,8.235013185799303,20.521082769070897,30.681200955491533,20.469258096445024,30.239957813898368
xerces-1.3,75.20685355660545,245.16234192845386,264.04733597772844,151.7520741844318,173.9093600381016,9.431472794925943,354.948457188463,75.20685355660545,136.65234301003355,21.162335630010745,286.4435420767503,235.86340143071206,72.36212646116556,221.40017447987125,297.1314204377405,3.452906920981962,21.66345177885845,217.84270443171715,68.03687962658736,92.53198771772186,255.28013898973015,295.3094173257085,154.92557912484898,295.43551977649037,8.904779850057846,222.32767300882867,282.7658594733544,3.8725955611951037,114.80176807598525,266.20259456205775,166.8475956556668,9.431472794925943,8.577590589200893,10.087778242429161,122.42707007002319,371.22016006194184,59.01036777299546,385.59351132609953,57.92073710036285,7.836098533633865,4.597791960256591,235.05731786044765,174.36166866679363,4.2447111251126515,331.5024340626521,261.0371396109134,71.70374308473669,12.51915662984407,61.807557058561926,329.3776803271034,366.5902087158901,84.1711436394932,5.419954041715997,147.78960267891193,3.8990341427601023,12.280068393154412,157.3987396051559,3.7477778503840593,3.7567139710911612,8.54284843878981,145.75729826044002,120.39792830809851,266.20259456205775,17.66394921666582,381.5642257524237,238.7750493436938,228.9116638289586,391.99352875670127,94.03428539773893,213.71439493431342,125.5152824181783,137.05725298729013,10.917408024198425,342.78849984131915,59.73563894728096,13.295057863012538,320.71608171223755,390.03834806596853,397.44111818600743,243.36899944508184,3.781107205736916,253.90492140849796,91.2151212354487,385.7220763964518,380.47604698018097,258.36273021154113,350.59490609760985,5.85009817962856,95.90947685328453,64.71441454892845,314.8882153796464,98.83402024310804,328.332430520438,317.27079072832237,159.15881334247132,333.2452471057259,346.0910101840947,211.0264625129758,15.83844807376684,281.547061073681
xerces-1.4,40.801443269325816,17.55214488413779,567630.0208165651,570873.1685532996,36539.808514751785,620396.3781097137,537248.9585192129,614809.0009501207,158.6448799897958,21.67350211860697,502895.89045720844,151.61780532078197,113.24578036745189,58.08326994406644,65.07970080148442,629646.4713949596,26.981909108567653,20.119413745292185,545572.7664762669,654259.4152863837,149.98890371587117,36.215095175055794,43677.29202813047,511814.5337982256,545602.5974678386,17.512209418368894,227.58862395148608,539332.7432396474,506497.19015673624,16.951186960139424,18.60235878941607,539610.8639948866,23.121001964013146,22.133019449160603,510050.8127157158,525231.8204367583,604764.7765198471,528418.2544332801,281.8975551850992,610525.1099780328,47667.53465149783,562806.6171675462,517020.1378449945,34081.62993886958,623536.197330182,560493.2001692073,535618.1724697059,625661.7141613673,521311.3843867935,168.01193483113062,201.33847274423096,59.6591439567189,561029.333881731,45503.2246268499,26674.841057160378,31.497557984716043,51.143960967136174,240.75222710052245,558767.2169319997,574627.7688339215,29.731183527916514,202.74441463903165,24.710391675189218,17.189834943210197,541198.6588375117,23807.446495109714,522230.06128042046,47667.53465149783,197.8973149375515,533871.4813784272,265.2819920725189,622015.1319808522,614809.0009501207,17.512359240816497,17.031475913365146,149.55470834293806,19.958666199260133,193.07987345635001,163.75856597786898,517885.6382727116,253.7411328614496,27175.534045034827,629589.38128989,20.14083030907515,555058.4581369346,607945.2212118733,631543.038109361,143.46192556626855,21.707262039612974,38.80700582239085,515456.7037491861,3154.6681051259166,1684.3630595697316,503473.8731460556,158.78078263729233,529798.5079415619,19.61101647644194,143.33576749417878,576138.7635286512,144.09719737410924
