ant-1.3,0.29064221404554874,0.22320797884122864,0.31937029358214347,0.2809977165525732,0.31763827978326287,0.2153514498610631,0.2748465378433576,0.21000003492607508,0.21851752210016034,0.3014112171160564,0.2100906168755636,0.36382004890721303,0.21827897568443347,0.21434125047602903,0.21105384955825407,0.3212863212428865,0.2774249063089657,0.21131564342441947,0.2190688382904031,0.21744668561702518,0.2322478730673956,0.38808807623598895,0.21657078054802884,0.2802551425381907,0.259422968477638,0.2589682979739767,0.2170417884562262,0.23013339276832384,0.3039366840863458,0.23196700586966112,0.3069870158220317,0.21837403931965876,0.2652691505162612,0.2115378915668077,0.32072445034249514,0.32351061728787656,0.29934576633015725,0.2117424231450817,0.3246300141398961,0.21179272514978606,0.3364128684300221,0.2144471520765926,0.24886996708589584,0.2894409074137672,0.2250272160526984,0.24006750167578905,0.23120565545247893,0.3803466104649621,0.33144846636779945,0.2803455954615095,0.35628333760312686,0.32936729496179573,0.3767814269380375,0.2930832896417396,0.24865883874713482,0.37397954296353125,0.24968855189348602,0.31584051134289925,0.2751220201547982,0.33048264199868016,0.2818672011395891,0.2101469898416676,0.4108663495928259,0.2366558448352336,0.2206230347613132,0.294464858208179,0.22882274962282256,0.2105080785743341,0.35231408167434786,0.3521540146470732,0.2163083809154797,0.22629310241215042,0.28000747890357774,0.25726538455334635,0.27179718084543697,0.22125405344957694,0.3380402917215834,0.3492753642516871,0.21,0.25714032813782334,0.21310014372499658,0.26698850550071196,0.375215596318141,0.3165407639327911,0.21116604900679484,0.21780160343389326,0.29612897501684593,0.28829132537796764,0.21003730038643734,0.2764234097049582,0.26549088384128344,0.2192907621910134,0.26056904424532334,0.34478224154160186,0.21838380176878133,0.21591981482959086,0.21080351343075193,0.24815075393023625,0.33836162685812965,0.22693626304608103
ant-1.4,0.35061212863245794,0.30039017497436915,0.24347577607798104,0.352513810005467,0.3820903969185605,0.2618131703952575,0.3477027105270914,0.30482687081376636,0.23139605035229224,0.34135947764605046,0.260218360668182,0.2305878942981125,0.3612015225974261,0.37186821851871527,0.24129664174305712,0.34354340025757163,0.3339605753671072,0.2683174138648226,0.31448677484889054,0.2905354806586265,0.24154526171646631,0.33805271046804014,0.23560058267529005,0.3526634789580002,0.23956634341153735,0.3458869911013668,0.22601413974293,0.22747047375996182,0.32009046123035023,0.25726372425409466,0.34301184552311853,0.23476764235638745,0.34266046156176927,0.3605040095821303,0.28137400450454503,0.25856389009319,0.22536705134682036,0.23095639477050897,0.26369633502699286,0.28567381610630216,0.29001758142920686,0.24835218810147297,0.31100439784374984,0.22535211267605634,0.3411029344160596,0.24914614508074812,0.34820294224621695,0.35554750679514685,0.3114168763972037,0.33431110489717897,0.2702439330911733,0.35069527611501783,0.33865279649935853,0.24585040988456872,0.23945123767346968,0.31437077484679204,0.33424475900642914,0.24457274063208675,0.23612901766146435,0.2299515546595921,0.26560941718759573,0.2291316174139107,0.31493991177725333,0.3375922515959271,0.32619230803721705,0.36009206501974955,0.3465390110282457,0.2533982321761764,0.2253521613265039,0.340520947234926,0.34151379452494157,0.25422991255610594,0.2255374207008086,0.3144889525204245,0.37872023974180113,0.2542303313212695,0.34953075667690275,0.3332674079535011,0.2512198772152004,0.35103178797549217,0.2808227955664986,0.35586353236543217,0.22535811382334808,0.32397498534843244,0.2374117399852438,0.381840981926439,0.23204780349323073,0.23058789429795062,0.3405288574654253,0.2697051693674076,0.2668000731419509,0.25477710354447264,0.23346256879725602,0.22734511010844932,0.32708647847385103,0.23555737093493914,0.3459259772933325,0.3046859344663509,0.35736575311160035,0.22637913370018342
ant-1.5,0.12840325907490707,0.19018817117591644,0.18995582960756086,0.21537794871815985,0.21291077828869182,0.18287004966040524,0.2125224416175607,0.20142844769524462,0.14480333994465538,0.14218129585333592,0.24161430775059536,0.2544323512029169,0.18634251936089713,0.14875403460860492,0.18796779010663967,0.12953139715749712,0.21294385207160904,0.1879134867927312,0.20558282603984646,0.15179387114780032,0.21651282006784514,0.16635559219276735,0.22581335971832714,0.1779411409665831,0.18569912254852827,0.14022692871741266,0.1868483870802129,0.12834407996571526,0.2243763384132368,0.1403527436423736,0.1378793186084088,0.2873798505481615,0.17720028670238616,0.13422622719774382,0.2862284237526133,0.13751979420886815,0.1856900786917198,0.17365144048534953,0.1533864338765375,0.20336871989040559,0.20661891279993258,0.17911706263791166,0.208404722127916,0.2789489572892278,0.17780139417291535,0.14644824166086337,0.14808483642164888,0.2406207045414025,0.14904413215786155,0.15012504006984606,0.24049430514756398,0.17142582388898964,0.17485405528502124,0.1439289817540311,0.1674054326045286,0.23081435516662427,0.1785490679567729,0.17917251046402574,0.18961210382559532,0.169040834871233,0.2187507857120464,0.13202833526022692,0.15687578483758585,0.1482794228106318,0.13419029523144774,0.21512214490568687,0.14133511442054272,0.18607804233413294,0.18650767764753973,0.1942873905427666,0.22048215588919773,0.12907588978764903,0.12822016639269457,0.15239145259523895,0.1529908552158753,0.18339074897453553,0.22420810916784106,0.14519562611867812,0.20365452347513402,0.19738640800974877,0.1282051282051282,0.19091927771257192,0.17074607709503564,0.16238366923437272,0.13422683987341902,0.15121028067307088,0.14827942105887254,0.14512458730477878,0.21224851519666565,0.15882007242740143,0.13913603931676374,0.23897717065825133,0.1459365689317066,0.1332825082187869,0.21249081734631667,0.12965567256857835,0.1286507917743752,0.1419287398517314,0.20285319996252846,0.1320540567710367
ant-1.6,0.5866103309621908,0.5860730925417517,0.5194792894346347,0.5897241889466336,0.5586104230368645,0.7171921586069423,0.5071672324527778,0.5345595622395296,0.6277909998387945,0.7052060581807447,0.6449903013068529,0.5144454892220781,0.555682083000801,0.5080552882033037,0.5604608107964336,0.6204620062941396,0.5226899031718594,0.5071477582101226,0.6951347135733649,0.5132836110985975,0.5073812668628752,0.7022426925765636,0.5516352454244817,0.7292554188061948,0.6545713472988559,0.5948745534749109,0.5071483304256189,0.7482028135539696,0.7345334139337604,0.5951465877458931,0.6202158955591641,0.6201449402499721,0.6169050031267469,0.7403670571459989,0.6224870819294429,0.5903079263434572,0.5574710163900917,0.5073593387788721,0.5710223880942547,0.6100117179546986,0.7251230475568318,0.5276304775606938,0.5602492302492512,0.7091146937611437,0.5738909705767273,0.7174853617327619,0.5384704728550666,0.5950623507321383,0.5490047996183086,0.5071428571428571,0.6243709999503897,0.5561041986451571,0.555404689586421,0.7220492363402877,0.6883980804728141,0.7119737675272595,0.5076367737315276,0.5700823734551894,0.8171276478448255,0.5147861985473152,0.5083736985418785,0.529179713075177,0.5859573962828123,0.7183777004981736,0.7061304246317441,0.714305909254002,0.721084650133311,0.507230402939789,0.5736858732530876,0.5364248017026826,0.5514720997684908,0.7086856664995868,0.6280707217099379,0.6656836091461412,0.5094566572888086,0.5311709542690944,0.7206853918865703,0.7023273428845673,0.680757352602542,0.6947621250467295,0.5230710469269588,0.5114750684853663,0.5700300807214767,0.5710304338000248,0.5194792976970771,0.5860375086483177,0.5275459127000943,0.6279151089988648,0.5244103124018565,0.5072354773796572,0.5286275091948734,0.6174671619239344,0.5809130423765689,0.589707894490443,0.507142992346103,0.709850393644162,0.711568631939677,0.5656198874973157,0.5574682321681236,0.5071483669030773
ant-1.7,0.7088356050068036,0.6475950164060839,0.7300427313375928,0.5305624223525746,0.4435403877380658,0.4543029146320377,0.5632403723770415,0.6360084914202951,0.4412758561412,0.44127641909115645,0.506363524941609,0.6826407225693962,0.4992512381728456,0.5076783429865749,0.44351428454517067,0.6475449098705984,0.4412751677852349,0.7131936575190555,0.7316880096929295,0.5105065477794958,0.4772167303255279,0.48325137091635617,0.44849482610820446,0.7182034245067027,0.6040348378384667,0.4500894719696125,0.450045351901873,0.7292755574760641,0.5608148022979029,0.7396014483405365,0.4443117533246987,0.4416535006252744,0.46515240780922956,0.5691993379890283,0.4671971191527911,0.45707905228445694,0.4609622262754324,0.6944595050671777,0.4434919927133684,0.5608625605627781,0.4412752168955558,0.4922300930635161,0.46903153184226,0.5034654902624495,0.44938417286234594,0.6040350280837823,0.44464429860547,0.5633876703632137,0.6468265037675937,0.4412997098735269,0.5148969208469634,0.4454802903480196,0.4436329085924589,0.5076009793133925,0.44336398339396327,0.6088109453694966,0.4775042016590139,0.4442540994600981,0.4413142942384249,0.6627483223124018,0.49428301608375563,0.44393322265961555,0.6625965624477164,0.6976049574905154,0.6125436420341958,0.569244555765307,0.730955819871616,0.4529070395141933,0.45205308019071266,0.6157695001295315,0.5852541882004213,0.5028392246664669,0.4414210976887508,0.6002798331829259,0.5069853551537689,0.4448944949248942,0.4676088692658019,0.6023680440000391,0.44962338682503034,0.7300508206610677,0.4696916637330287,0.6791356970298703,0.46005460250139174,0.44491448083135954,0.5686370391751713,0.4416899806512177,0.7565334266045735,0.4440134203535233,0.4465455230813149,0.46502338816035343,0.5661247412783792,0.49357592346119267,0.7353750473842706,0.7234941111432198,0.6474470074967987,0.44131223041991186,0.6822065598745849,0.5170215471715541,0.4521777600877848,0.49633205102299804
camel-1.0,0.05368626737932914,0.04477798598438554,0.08226708485060141,0.04156243565948452,0.0560050123620421,0.04616962784953026,0.043160411321995794,0.06878430181101211,0.054385114071293,0.0963223063971578,0.08712766252967481,0.0583129761540529,0.05857066893324978,0.08122857923521831,0.04132967349077834,0.05398266293070143,0.10275254486510287,0.11005262422061407,0.07471713294535791,0.06582467803868823,0.060841886033119214,0.04616816298916892,0.04080906828901432,0.04531215415476953,0.061894099596523006,0.05032549604144912,0.043043460908163654,0.04059113765403376,0.08833124853560646,0.05963679067053999,0.06935023496618527,0.0461582335693756,0.06644330792155638,0.04749174443819679,0.04164619778061728,0.05864667062919638,0.04589138178788321,0.04477799237531485,0.06825460012833846,0.05651440624686525,0.07886183547732589,0.06466336707614885,0.06144890221509253,0.06371768673396408,0.08490626227597185,0.04245860784143259,0.0469905563577594,0.06571385734981064,0.0405990971728878,0.05437588763213138,0.05355003145416351,0.05741895428307275,0.06236573518900166,0.04484069757972389,0.0592320943548358,0.04069846108046418,0.08707744630991013,0.06854383591875869,0.06183928864466907,0.04062269156642834,0.05679473507793556,0.04085964278976608,0.04158771656855521,0.10074058784230926,0.046385848374175434,0.05398266451732623,0.041864235734455725,0.06344736755600164,0.04101051178868307,0.04158838008872508,0.04132383472427625,0.04059040590405904,0.04635717903902548,0.10060235245483418,0.053883140894653625,0.06676560306609385,0.056889451322216324,0.0865061379655822,0.06799589099141191,0.04540952518298418,0.07614755012900942,0.041563228859726506,0.061905051921198294,0.07606529418372718,0.0476394191265083,0.04059040662150287,0.05545135407220331,0.042097930585152925,0.04519219969606679,0.04335612448581248,0.046009739736512734,0.10430745840108914,0.041562515799227456,0.04063540416671725,0.15139333435676913,0.04192233409658772,0.06772523782390198,0.04335619088844692,0.05587008638367567,0.055451314611588566
camel-1.2,0.9655154607636719,1.0540907992011348,0.870370370421572,0.8803721629667413,0.8894561545287096,0.9876496257293458,0.9820359871149942,1.060591944259865,0.965916599409577,1.0207549164924954,0.8704896757932964,1.0226987678318165,1.1297492536514333,0.8783389781898557,1.1522943717085397,0.977180324635423,0.8983039034094961,0.9763372757632983,0.8747774071715473,1.0666901600508387,0.8747774075612306,1.0275126273688484,1.134050454354725,1.0085643606406864,0.8793352546135844,1.0199426914388938,0.891037255719381,1.1259169751253393,0.9491359111042496,1.0276432068998913,0.874777407538948,0.8852483873767629,0.9268724297337096,0.8886331567627705,0.9444886566050283,0.9028060630006921,0.972861650449528,0.8703703703703882,0.9135116031468192,0.9000793620530334,0.992830736135416,1.0328125324216455,0.9747656100154029,0.9700343752416317,1.0181981271986882,1.111278251304295,1.0030016255824226,1.0456658718404075,1.0367247166478297,1.019879062861305,1.1329523498999818,0.9230520569723276,0.8908936397805869,0.9983417843741971,0.8944067318925111,1.1434480738128447,0.8764869316064238,0.9808960527429987,0.9132283833030083,1.1428231103990492,1.019075645306224,0.8728169558691845,0.870370370421572,0.9703628989101744,1.0355847124746334,1.1984067346919207,0.8708416988230688,0.9449699156092667,1.0996031181929298,0.9821074747461183,1.0137991272398532,0.9481730051113288,0.905582167859504,1.047457685971026,1.0519939121165418,0.9132286575211922,1.023606829102528,1.1137313075009474,1.0152387545717836,0.9085456547266978,1.1412419317097284,1.0207350984272159,0.8775114608008973,0.9900110401671665,0.8897642574766697,0.8764869316060462,1.066525195361528,0.8704186505918936,0.9520995338130925,1.1077474554035665,0.990237636779454,0.9027060461775599,1.0390647846835437,1.013482565531763,0.9156598257107995,0.8754826666901401,1.0746135749276153,0.8705020648762127,0.8887949613423334,1.1984079556580818
camel-1.4,0.41057765040148014,0.6565741973281586,0.4568596597845741,0.36566106082167654,0.3544043151349619,0.4468996803048557,0.5119251776975942,0.6560860628704756,0.6514069661612646,0.3550887490204058,0.6083639440407642,0.40643771422780495,0.36074519446429404,0.5083043644468709,0.5833433052757216,0.3560761699885672,0.35715628662707616,0.36786967912981267,0.44373029688499616,0.44034643215824953,0.3646227207029616,0.4403445286548221,0.5723011924873551,0.35437589671066483,0.3636953247081659,0.48272394638853316,0.5738086585589041,0.5541413130021706,0.5827510626882998,0.3549347975468278,0.5978443990339715,0.3809674168170002,0.5438223378082643,0.6323888896631303,0.411529491720657,0.49292884765388933,0.45751356609353216,0.5975515644975175,0.3572745710473612,0.3548435797774972,0.597722831930351,0.3786272866166685,0.5580469508480991,0.3588351001775421,0.5007078453081379,0.3645462628599981,0.5977626218185669,0.5781995302951362,0.41141982792736537,0.6199306527913666,0.3758368605227918,0.4085470467996687,0.4701458287681387,0.41860021517282164,0.37147246274194645,0.5742779776864071,0.36642124701978035,0.6065914334201173,0.3685758009832534,0.5833043117388893,0.642307363516426,0.6582595119174487,0.3544994778143877,0.46172792898608606,0.3710864086595778,0.3924750680788023,0.4469583436826175,0.5440859212209898,0.6790652768800571,0.3565050611423694,0.46368521575473765,0.38039440630468174,0.36566105903837637,0.3551162755696406,0.5878999699164177,0.44034541685925627,0.5785489533521915,0.5784979095657644,0.3624706929533393,0.5784979095986746,0.3851725733078991,0.36066281715444903,0.35813122588269053,0.6061631053597899,0.36859109997264544,0.5631751383212182,0.4375364514374236,0.38047487214309195,0.37885149608618424,0.547519534949221,0.5738086372859651,0.6444374107213013,0.38207002806872514,0.5498980994307371,0.3817516857330895,0.4713259558036013,0.5302395762816698,0.40598615273899524,0.3572745710473608,0.5784979103598157
camel-1.6,0.8067389260915954,0.7401012011676944,0.7577960694148553,0.5504590624257523,0.5780849893587507,0.601099711475869,0.7911409189329647,0.5246113989637305,0.7727318173774034,0.8304420024949596,0.7897293685990409,0.6762961671253701,0.592202272342507,0.7801538251802174,0.7902581787078019,0.8056820469377887,0.7650442426627346,0.787463218125423,0.7479842147147249,0.761546184927739,0.5766562612784291,0.7542236661680425,0.5479936315238382,0.7334894439466094,0.5600345004533246,0.5819478335565168,0.5293083979271306,0.5549718243647186,0.5641497625358062,0.7811046758140895,0.5767335632752213,0.7609880628324278,0.5489541572107737,0.6334049092718289,0.5486226052821587,0.5470565375212648,0.7886031001911636,0.6181640671543561,0.6027567104777614,0.589126528798815,0.7229983171839779,0.5948336405131317,0.5549419565441974,0.7249487737043813,0.604354046069678,0.5938069359973337,0.594214069385244,0.5687062270281178,0.8088356614192663,0.7436522265074843,0.7479896016811189,0.6893600518663854,0.5258903114054663,0.6252489743737183,0.8121857723148715,0.7962622413238722,0.7964261204264527,0.7855463574560606,0.5840179604311331,0.604189920800878,0.8086323515432602,0.6048462998141222,0.8161337522869574,0.5317752991361548,0.5363928793710312,0.7804692338870763,0.5504590624257523,0.7412338596142873,0.805326065700913,0.618152997325307,0.7613956562708724,0.7731512688570434,0.796261663920316,0.8450472383589921,0.5316870814386881,0.7882680091150053,0.5400365960990373,0.773151387388719,0.5246114178499391,0.532590235394805,0.6055968710681523,0.7749954756948325,0.5626692629543509,0.759071548999181,0.6116068441560236,0.5922525048197945,0.5636782979336143,0.632645589959648,0.7743213870428879,0.539344152198528,0.5746284772157372,0.5269399856483393,0.6048462573130132,0.798370661934835,0.6305155460862292,0.7172567236506909,0.6958208264050657,0.7684984044450753,0.6183611646136041,0.5578320591713753
ivy-1.1,1.6925196812951406,2.057549635249346,2.234053055996096,2.344033189317263,1.9596732603811957,2.1999317046591047,1.931856920029766,2.546555862547762,2.2036738536461438,2.3665478151773987,1.6530772364515371,2.4924395980347436,1.9360063730808592,2.2689440705545363,2.260402892877207,2.09230214460248,2.4882771132999015,2.277840020252959,2.356774173922724,1.8991492129215837,1.8524377183022063,1.6026256922002284,1.7300695528471102,2.2629275260738413,2.168531363118043,2.1574904222505884,2.1613723372818403,2.1583689466997473,2.5904071506120516,2.0837636087781273,1.7794197140812578,2.0470471045030703,2.104845552762381,1.8206324486466365,2.234263990541048,1.7735735043787835,2.213930373102705,1.801430319635933,1.9678171740915398,2.2681416813958495,2.272727272727273,2.257764089022417,2.5688309677679446,1.9336224234882258,2.2731508042518422,1.888357436513588,1.9108799971973427,2.20425603213382,2.2717331398508236,2.564893034417709,2.269666533381834,2.0886627765049512,2.256655912862389,2.047546575867488,2.0983512691216455,1.8241541566310944,1.7540602576226967,2.2724852487999363,1.9193872957358413,2.2601771782756863,1.9883635885285829,2.211037492277255,2.271792438435007,1.8802287203633499,1.8002143662304455,2.2727155581852876,1.9850152612683873,2.1978587572741697,2.2732274929259795,2.6019150176446924,2.1987882358170556,2.242979412574378,1.985437808395917,2.2724953850161103,1.959675368224962,1.992511098355007,2.2230659739518037,2.015152575954745,1.9213363755206039,2.5158082263713557,2.231211519223157,1.91801816074395,2.1626159289257796,1.5541597083019758,1.8917350386363723,2.271772159755871,2.022899939595753,2.2717331349263037,2.2169391351401493,2.234226982129453,2.325549294334691,2.210713266273929,2.272493068204339,1.9382239352331745,2.0883693449912974,1.6791237823817866,2.1978558182595482,1.9251580318150674,2.137121389307879,2.2692397166400884
ivy-1.4,0.07302627833187872,0.15935037934924254,0.07829022539771567,0.09242167907416692,0.10469033731289913,0.16160268480482226,0.09244644702297035,0.1794392938976771,0.07330479240944836,0.0735205030227682,0.12475607532649637,0.155140768203702,0.16443371334925772,0.08914173027224546,0.10100550268490027,0.10932947079571093,0.13501821168914055,0.18039257548696774,0.10432867209307005,0.07830254711444216,0.09716692153386673,0.1189091577070986,0.0752238649658182,0.08127208028620526,0.1035949451496635,0.07314752654335692,0.15348974531540185,0.07597039855333865,0.13516382565775034,0.15436630347535132,0.12376821263834355,0.0753416101603742,0.07919012106127878,0.07624879774994413,0.13490636111791157,0.10955175849054,0.07314758056063601,0.07830254711451659,0.16185066693663092,0.1271589981853315,0.153756553622469,0.07631600006341056,0.0742530443136808,0.12589634424190438,0.10688936478432494,0.1612652153823876,0.12107752951592025,0.07534664491154434,0.1208389406634975,0.11813019404824421,0.07828554984603317,0.1291413991995505,0.15353654550723692,0.09017433092269624,0.09819658007613757,0.1656724645460266,0.11205914991804894,0.08109009624703935,0.12120222939959353,0.100613473374163,0.07841693295301704,0.09027543507194342,0.12043865685053316,0.07291712203911428,0.07648059678239792,0.10275843199655575,0.07944491451621744,0.15838830516340552,0.07517960999500121,0.0902348796835576,0.1609989434657077,0.12937631203105496,0.09716735542794126,0.1116339730330564,0.10945288497806284,0.09082157279449786,0.09927650266233,0.12001668108011104,0.07294748656381948,0.09060279001060935,0.16504229581973046,0.16125111957920782,0.07906248681872792,0.07291671858309713,0.07836416098758425,0.1262721531765563,0.10282240928749982,0.07646795653990307,0.0751796099933303,0.15935037937804972,0.0983957527773661,0.12153559111042404,0.07291666666666667,0.0944422507665031,0.12254903893234999,0.11225343282693447,0.15599600181399376,0.1261791344173164,0.13127671471314556,0.07314756861658879
ivy-2.0,0.3203844171615073,0.3260307062856859,0.17088310801776366,0.20880444292806874,0.37423762862018983,0.32621583560841017,0.17662682532138033,0.20878106328039767,0.1672649860457913,0.3761780023535221,0.1768766630714665,0.17847101211219166,0.2149299000660123,0.3141477579635551,0.28656486165490436,0.2864989523555186,0.32506795142704203,0.2246182493540161,0.17328339975257037,0.28280421521614385,0.20399003058356976,0.1962307810039424,0.16958576642240264,0.16749005644931253,0.27707622233776247,0.17973638690601085,0.17727931201736388,0.2639681042496757,0.17515276093678017,0.2952845928952832,0.213934279144679,0.2114562517959811,0.3225830916860342,0.3137222355557905,0.17315543191770175,0.16725978663579472,0.2202725348360125,0.17531617337639777,0.28308986795255775,0.17182549833389385,0.2812994828730755,0.3199042733599888,0.18452348363863874,0.3135886995088883,0.2833695916912041,0.1957443681268483,0.324728146025417,0.17261641055158117,0.17750258562561372,0.20603875051132642,0.25972378405878216,0.17780945947902244,0.16726059584246983,0.3250621334565035,0.2612070397062926,0.17326229939514373,0.18577028047598204,0.1874462171891018,0.36380141750216743,0.2972939719488087,0.17205762531464597,0.2229124658258382,0.2159340255505863,0.2114620268731876,0.21186723391303222,0.20497242593194545,0.16878632052055492,0.16732169624390184,0.24733862067315782,0.37908082733563736,0.26139288338038374,0.18679939538399484,0.28657174813664527,0.16725981300180454,0.17088277717824576,0.24133940896500705,0.22246797979931773,0.2584103238847192,0.18101730642466674,0.27947245769728185,0.3088550153492778,0.28098750327727556,0.2104887358720303,0.16900585563032292,0.3253089333093434,0.17018578578612797,0.21483539042166389,0.2840978130056797,0.25989388679314623,0.17328341010329726,0.1751518337288499,0.26059637278159176,0.16732786327429566,0.16725978647686832,0.2693072396968129,0.18062500299853387,0.270765187752095,0.2618129540565022,0.16771568204475493,0.3565957424769229
jedit-3.2,1.3921894417223186,1.4885959253963856,1.3594149350292541,1.2035451289715975,1.3645211061297078,1.1236618263454288,1.0809585097815564,1.268119734660432,1.4545773823614543,1.1137247538749064,1.2399651157887934,1.5055569253851917,1.103032114901382,1.1065118784965282,1.3175070517725689,1.49329461330528,1.0880458890570608,1.0790642669512178,1.0840199928590397,1.2137015818361703,1.1144417427729583,1.094355150264886,1.3375208240338048,1.1588513436899839,1.0831555146832736,1.2617958901024489,1.078730275409707,1.3184061833419898,1.2514070987322026,1.2384191622395107,1.0789381952044406,1.6845933481482618,1.2405842422248312,1.0854638070460012,1.2248305455835284,1.2205020177952568,1.3184061833345555,1.441153270942691,1.07834213901546,1.6776829128038968,1.546825745274,1.203545139555228,1.0783612665068791,1.5375928730679378,1.3523534479987889,1.6465006750948477,1.2903791245958514,1.214904721177223,1.6265556811223276,1.1334346128694068,1.0804698278594989,1.3523534429605135,1.45888820300149,1.2500117187076776,1.079995561919126,1.1845962798177596,1.1001267850235499,1.2030266523255027,1.2530808430354576,1.2796779891676757,1.114441648952607,1.353936995161334,1.161949255247231,1.3611279633495272,1.3969663469474074,1.0854637761951076,1.1445191720755494,1.176226571213237,1.1633173946199737,1.500092542758635,1.304724688313117,1.0783845703549009,1.0798019303224273,1.2303397587427156,1.4452532739404647,1.2150949952278864,1.332501578582745,1.5585133388395556,1.0783637437518854,1.3054780724589912,1.5569677091214815,1.2173104806214161,1.0790642669475512,1.1138904980986633,1.1797929844155153,1.5111795539680415,1.4419446262661726,1.0783410138248848,1.2536666042678357,1.1087987624715037,1.0880457894563011,1.246177264336084,1.147217549555315,1.234531657311729,1.1820736559639895,1.0943552489616994,1.2131190129889473,1.1840412306706096,1.6356399179676662,1.2746675447498277
jedit-4.0,0.8058002039714751,0.8520895151181024,0.7408974382917602,0.8417797508886559,0.9683321339354483,0.9306081434160602,1.0982614113904359,0.7378243897034222,0.7336069733180216,0.742236792976082,0.9547340831281416,1.0396831218282598,1.041907308443056,0.9853360668927267,1.055566745755903,0.7588300106424208,0.7529811553530709,1.0725679091338998,0.794859347220884,0.745166680958051,0.8363182354011025,0.9225388191830246,0.7467299757371731,0.8067538089007974,0.9888822675530917,0.8057144483212344,1.0463193874956855,0.7336065573770492,0.7948613334894556,0.7467297634453202,1.1366531926507415,0.8527473672434459,0.807224649665911,0.8062991299073498,0.8495799654575339,0.9495653039831101,1.041813616126645,0.7336069366748985,0.837365048390672,1.0431401961680202,1.0301857063832898,0.9242906952961306,1.1273202349149327,0.8069788738498315,0.8531212182604503,1.0982732647145508,0.7467300257865235,0.9344592974869643,0.9395885566037716,0.7356138992844786,1.1041905673237502,0.8735755805379688,0.8612081355777694,0.7588154969193261,1.0943360564133195,0.936756015714144,0.7542987856409936,0.734241481069875,0.7362005449445427,0.8032876326053323,1.0571084442665968,1.2877688755445102,0.950271410056578,1.0839481873041985,0.9417562656676148,0.7336247864934685,0.733641369806101,0.7687719918990471,0.8057884473144127,0.8672698352873206,1.2024231472671918,0.9436264935962737,0.7336315953015766,0.743575819826072,0.8881460586793892,0.7336314060086303,0.9436267244101448,0.9054509440889981,0.8465710998425934,0.9354947245355326,0.7336243080753481,0.749456022877717,1.0804388362612238,1.1872330928455463,0.9522905761314047,0.9861352346123121,0.8517877554230474,1.0812891130493172,1.2460012411104329,1.0462724078912986,0.8506809914716725,0.9725122598939075,1.2359024104711733,0.9323008382899838,1.0692985656735587,0.8606802173577975,0.8355702653213083,0.8418277914786585,0.733631566152946,1.079415484401291
jedit-4.1,0.8090327493736089,0.7732009229914032,0.9025019092540358,0.675314996914998,0.8679472837231268,0.6719111362130022,0.7909211139609872,0.8192585829237975,0.671227557231016,0.676512486721946,0.8443684099930622,0.9310256232030194,0.7854717336305608,0.8701355366721305,0.9198694249742899,0.8093062207775739,0.6829122974493458,0.6706827309236948,0.9881058677605904,0.9588833289099422,0.8645045025158601,0.7635455054029071,0.8284998977228027,0.6707287342483343,0.6829122974493468,0.8397834212736958,0.7150531916172412,0.8667762866421619,0.9328766398915667,0.8428266846644995,0.8845145461229932,0.8703751874240566,0.8083222538278495,0.8064866729976219,0.6706827332632567,0.71503796360161,0.6958997390971197,0.6710321390043168,0.8818754454234033,0.8668205412704245,0.6923336912639225,0.8657405709693301,0.907365377701323,0.7734884365121312,0.7639766066147923,0.8828785431465157,0.6744247725118242,0.6744411164803352,0.8841799056713652,0.7423491903412099,0.7363896134721185,0.6935952938256184,0.8579237880421728,0.684900971449139,0.8579237881953163,0.6999719088311165,0.9619613044254004,0.8386724409832264,0.8045886741991547,0.8949003278690548,0.8035009599892183,0.6913359175704963,0.7716398050905994,0.8648471996589112,0.9280906447507331,0.6707224631818308,0.8186167365034178,0.874601907879412,0.6892828701296482,0.7924365800156078,0.7356929135624402,0.7362885411737824,0.8379777372538044,0.6708210974784412,0.703326194088845,0.6774247356774312,0.6706843138151335,0.670682736113308,0.7977232498463858,0.8905670534604058,0.7744530307256838,0.9143238566936405,0.881867042888181,0.8973485041115445,0.8752863218728522,0.8012669484774002,0.7112249505494266,0.6947932878022093,0.7944487879064067,0.7914609585666064,0.7002251675200508,0.677424734386898,0.6707291383552179,0.7995072603045658,0.6707280591157805,0.8850602079379027,0.8931935474434745,0.9041793911666778,0.6715477335988169,0.7572388114649993
jedit-4.2,0.3227751103841898,0.5186119440488177,0.4909433448874275,0.6437531706922246,0.3686513695255662,0.31740620597327723,0.3505471840132762,0.3174061433447099,0.47238183940564304,0.3655427946309161,0.4978880729298494,0.31740786004483573,0.5579400642827761,0.3684042721016335,0.3848736326119732,0.5734934040762466,0.4926516336340419,0.4130754462087228,0.5917325751191768,0.32280837234211324,0.47670464085800457,0.32066108528633297,0.490420376346433,0.3414845172468375,0.3463606328498986,0.34148403977036834,0.5193992806776465,0.630910534863465,0.587279411616292,0.31960563374814516,0.520655819020671,0.5465706178250539,0.44648530287996047,0.5304151655529026,0.482781057484742,0.5055976028988304,0.31752446380304683,0.5691361786931797,0.399458753984788,0.33258392013789606,0.47773373169773303,0.3174630775885708,0.4903470972508612,0.3324706025522729,0.32825548044790814,0.5640254694418426,0.31906840147624815,0.32405738301458176,0.3758377880739331,0.5560814479036106,0.5896533114885911,0.49265162307638394,0.6087560108262969,0.4224367883828599,0.5610926934468953,0.4920430387970274,0.43246787011144877,0.42740699221605827,0.48018405561593763,0.32787959696171654,0.317407960797534,0.31740615552505946,0.33268839139509443,0.5606016204984393,0.32638375371746886,0.48730331661496157,0.48118682125424195,0.47915726292446237,0.5381634819389159,0.6354249336244123,0.5002282401445336,0.3179749377060594,0.5209217197137973,0.6439970182832015,0.602507819393267,0.34076885197115525,0.31741509945910695,0.5014860711910059,0.4991328519708047,0.46851837666482893,0.45994187094782946,0.6133800328308242,0.5003132701502797,0.3405602847428142,0.32646675872353453,0.3175266157594576,0.4720976164973336,0.47637865631886206,0.4811868942149526,0.48224514981516897,0.48276429752951655,0.4525621609550162,0.32340353832560437,0.48340850824904735,0.4979241522584043,0.3174913592259531,0.49744094117243204,0.6071967693402539,0.5372734957374772,0.4822722844210209
jedit-4.3,0.04707654650591577,0.022907304766980125,0.029921265371869985,0.03769701756008881,0.03862258858663309,0.04487084388714122,0.04330260598427107,0.03851343079050304,0.04716926575004662,0.02388034892530468,0.03900925110192607,0.03229366532826844,0.045350119199341773,0.022900763358778626,0.0418172198642733,0.03228170187138671,0.04094910292212277,0.02593128283098836,0.04386772026908356,0.023994314011068437,0.039916552293924,0.048545016027625836,0.05166408185614,0.027964292411436827,0.024951450201818624,0.024775932501387356,0.03150215143175736,0.041053994479226745,0.04333800181908816,0.04641109416828325,0.04662919115690067,0.02588614971344115,0.029269215052544012,0.036138759836776196,0.022901902374376348,0.047606264936649,0.026051430498490413,0.041546568149152474,0.030405587366341854,0.04269968612850573,0.02384967840496088,0.04099926489654541,0.026903781389033342,0.039493042491375474,0.025636012325265006,0.026287112867456164,0.024713814848082955,0.0417608168175171,0.029272807217664936,0.04420579263746132,0.05411212849530166,0.023170448065829772,0.03895052010017976,0.02576233859836308,0.03737907029245819,0.047973098066083325,0.038760426353016825,0.037599457827504394,0.02858228800750029,0.03419619793153516,0.023392060150428322,0.023946752265819972,0.032153750157196036,0.04101463060553569,0.04135508319003285,0.043698684863670324,0.04424940059267867,0.03860391327930465,0.022949149900642656,0.03555226074541104,0.026838795389598886,0.028253528145549437,0.03814894012076005,0.0448993700480923,0.051848389205609906,0.041062204554817766,0.04278448317596472,0.02944897015628154,0.03800477933858541,0.02647423795617822,0.0229856484279892,0.02857981876552821,0.04067150634747622,0.029377005985232987,0.03737988606442192,0.042915391071618195,0.043530735893994046,0.04735913871756323,0.05243589073778656,0.05417580536232447,0.029537128395948138,0.054359960574667764,0.023392060243100497,0.023147928779992156,0.04292390832821606,0.0386136504489875,0.024092088652669662,0.04635931343913193,0.04507714522004623,0.0438608086510399
log4j-1.0,0.5571563312807007,0.5415741974656932,0.47812796915574085,0.5689664303559716,0.5616604598356757,0.49706241361016656,0.5062838886267715,0.3392820866120484,0.5144159291454894,0.46287012615851697,0.5294477094396192,0.36027529646576084,0.5569607979822263,0.3476552438859977,0.46369361736528325,0.5744863038190878,0.35555818997359434,0.34562515817339007,0.46955782281330655,0.3333333333333333,0.5151002268666767,0.49476637970198306,0.47290848167223515,0.5044698479539225,0.348442101356789,0.5546976153684573,0.3883536214288612,0.4133551119430918,0.36056791471307503,0.39179936225697826,0.5497577879504622,0.3578573328504579,0.38709713862192835,0.33333333651673125,0.5311114738553834,0.3908886908047649,0.34562705398246973,0.5101161649334199,0.3334271873166288,0.3898896051294738,0.3430132639496116,0.599180576643297,0.5070809105948025,0.3333391946057185,0.45848383951384186,0.40447861941512864,0.48801632157067826,0.38633823795969585,0.3333340011242332,0.550554589458931,0.3555641219455274,0.33948827792619407,0.5119082760563182,0.3341878899821864,0.3842768205051676,0.5116945670149219,0.5649008607228538,0.3750521126335867,0.4090001096120253,0.3630301684209111,0.5768392502172067,0.5823213972620118,0.3932849497202942,0.5736498134273121,0.3367108339863143,0.38577628695065547,0.3754958979249664,0.3573660168383463,0.4749057571758981,0.38481531361478327,0.48695309167574813,0.48305976971859854,0.42958023190405065,0.3831134424730338,0.3551564970679881,0.45889094017972504,0.3786702389883417,0.5278892695305261,0.3986475719777288,0.48906542400008973,0.3341782382950751,0.4695365661007244,0.5039554450631928,0.3414938093609579,0.4727794916348383,0.34904582602124257,0.3333576364648379,0.3794170597628736,0.5482863289096603,0.3350016160094273,0.49986405261086847,0.33335148573338036,0.3336722945422962,0.35889653843372493,0.33431192452131464,0.3456036421866497,0.33744095740642394,0.357366509329117,0.5299238591180303,0.37980705137950654
log4j-1.1,0.8836516548884457,0.7792028059867748,0.7921694034558228,0.8699614832735205,0.9424321453078214,0.8487668078079172,0.9537619770986309,0.9311187455170311,0.9460442166372165,0.8476258973938615,0.9033340163369526,0.8419775137779288,0.7643405397442687,0.9258017761618264,0.8448958830335858,0.869948144858454,0.7669537316667945,0.8673014493187718,0.939121995844286,0.8814590900699101,0.7886672243480191,0.7773707338959244,0.7960609069110316,0.8382572936001818,0.7674225224988303,0.8558445436159625,0.8699818517532801,0.76251386941197,0.7908129848197711,0.7811305798686112,0.8573996014923375,0.7959511042842803,0.839226612671643,0.8634280304109838,0.896921828173335,0.7784282201505476,0.9270181866867532,0.758620689657489,0.8916946591638518,0.9254536313099535,0.7960654843474189,0.9553399290317834,0.8662385729652414,0.984256136500686,0.77920263262536,0.8487668078087082,0.8150753101476208,0.9828579854575308,0.7630221133965273,0.9517570797104887,0.8969218312111902,1.1411641541554958,0.8628147323872848,0.8488730092462977,0.86156529561998,0.7644957125575758,0.901038779542411,1.0412917997386506,0.8614894660577266,0.8699818517532424,0.8752103816250044,0.7874014997300676,0.7588544840471998,0.8643708997080536,0.8240506293831409,1.0861153150787424,0.8910662246972799,0.9035326257256543,0.821913941620516,0.7991383433987748,0.7897518195089629,0.8491526330101924,0.9204881768335793,0.8529384815665706,0.7796770114573924,0.952406103906362,0.8572756761345911,0.8220208484680549,0.8426141308509593,0.7898923849553894,0.75868643177837,0.7947831948256359,0.8234525637877875,0.7905395918100862,0.7606472083409086,0.7629754132695143,1.1418216576036475,0.9263380288390354,0.7586211104990854,0.787723742900787,0.7954539687872062,0.7968960320934733,0.8974790901458369,0.8948161379784895,0.8671110296366876,0.7702909747472328,0.774351165458114,0.8645457705904362,0.9404803392543097,1.084961777927344
log4j-1.2,2.135499656201351,1.579647946019317,2.220824836158611,2.0254670451487677,1.2167310402367508,1.3248113334657843,2.350312535043573,2.3785758666332435,2.4327045648914374,0.9906499991468577,1.6528293138594965,2.0555839814799866,1.2954891219327458,1.0669518099195827,2.4310533755446406,2.385638057740359,2.331104281692656,1.0161404944741146,2.2644927067554677,2.006541008342363,2.1536076473747108,1.1318649677616879,1.0219724451876653,1.2195664876476815,1.9833254482025433,1.0443036036214575,2.432923776555928,1.6031164553505461,1.0580254403326101,1.9363681660499303,0.9753112325101413,2.0026271446644004,0.9516530628821595,2.310995921154269,1.2458590335437825,1.0492660440829162,1.0554335134926336,2.433152135402128,1.8542493042254922,2.1774688746124875,1.9206793089287908,2.41557817566512,1.8232412198748027,1.9132578464449457,1.528182283461117,2.1010112001745505,1.0650778201360755,1.2056197794848356,2.4329268292682444,2.362357047342383,1.157706086992021,2.2432289491915696,2.212673465523722,2.074514938400637,1.411607946819561,1.0912827730137502,1.9588590487151685,2.0519611625563217,1.815941709362695,1.5767771799701413,2.4320476578795382,0.975176440352116,0.991070879004516,1.9062488081199613,1.9113393424695313,1.0140824261118093,1.9096278350787521,1.348506124450663,2.313791807960073,0.9753112324725184,1.0561618469054492,2.119730286660347,1.2767753999530056,1.17627575717561,1.4187252104253338,2.074204425041015,0.980912251011927,1.1471984803601616,2.09923851728049,2.409553137071189,2.2294712638866527,2.2463853025401885,0.9363119265118497,2.3657186095430576,1.810030806938791,1.0104900617045527,2.1194013517146084,0.9670750798575101,1.5386181702141628,2.191118551515016,2.0328277351112414,1.0049649439730592,1.216590546482684,1.2396084978966582,2.4085361643648526,2.2650581088649697,2.193531913967619,1.8735976511442014,1.2684098979932494,1.0079710960416084
lucene-2.0,1.4931466712621175,1.488732756004214,1.492843565582462,1.4872428136996436,1.4946997710267256,1.6148418420472341,1.4890362402141426,1.4892266888908519,1.5652271536639764,1.4907381833810305,1.6421418163281736,1.60587597828975,1.4899840929718549,1.4704793156017157,1.5044663151022346,1.4932387765526067,1.4962961635650756,1.5188999885896233,1.6865686703763647,1.4871794871794872,1.4954093785580962,1.4947939826138925,1.4485932641455963,1.4889970857064632,1.5944058432209245,1.490262276674984,1.4884720279592791,1.491010815184186,1.4873794486453358,1.4871800473178622,1.4882271324454943,1.5638287442500705,1.4887327560316332,1.487191027595102,1.4716246858244235,1.4915987002434674,1.4871798991348306,1.5331331809376787,1.4876529603095847,1.463412439106396,1.490087523355881,1.4902036521541346,1.4941446424488019,1.4874301298388461,1.471071368414092,1.4945637612911784,1.487801398614095,1.4634124408203781,1.4598202100640618,1.60402394311487,1.6421420521261012,1.5415295710599741,1.7416536884479843,1.4688373753601753,1.4936810994847705,1.4996996642082674,1.4893014539334706,1.4964738197998526,1.4906015753218143,1.4937054978178035,1.4899479103427653,1.512356647830689,1.5240905411822954,1.4889088873532206,1.490296687631607,1.4891170524963013,1.6007698727253703,1.8352637701450745,1.6732822885447816,1.4895213630012647,1.4877953289585037,1.4668998991390372,1.4932330227197084,1.5641026893878784,1.492089304105051,1.4935251714283322,1.489406925779105,1.5589207279020063,1.4938071952034337,1.4652727562928578,1.487510193187535,1.4960850706907007,1.5862853641664079,1.490932080764697,1.4871798824037117,1.489588559440616,1.815280853618639,1.4999788095070898,1.4954981865724326,1.4960672807788087,1.495503652622964,1.7322601751424607,1.608471385183282,1.598494305809155,1.4909495452948454,1.4941566857194772,1.670847796262688,1.67945462360671,1.4960850770402228,1.531488917970798
lucene-2.2,1.7944650230179022,1.6923909410432956,1.6768944863318103,1.7607928552565322,1.682268962646753,1.6759309674694949,1.5960958590752006,1.7634433149942068,1.797941016693172,1.7622487131352291,1.620660000250325,1.7743003806748128,1.628347485483755,1.6618079198240874,1.589104908935039,1.813151586903705,1.6162979028050772,1.8020301573798074,1.801956426700558,1.6910118189241905,1.6161258418787787,1.7885515180110785,1.8020481308942395,1.7262384080796138,1.7283493541028891,1.790565951929178,1.6905515913155584,1.6676546953901596,1.7509646567402635,1.6790788790873192,1.6624201470417315,1.814550005479129,1.7575040644031594,1.682954913742649,1.6716606389036823,1.6062729790072394,1.7526058606878645,1.6547685396131422,1.7979842659128622,1.7921729686088121,1.5908261882216284,1.7630299238494616,1.747760647106332,1.7468034498610925,1.7944651326083776,1.6547689281695581,1.6390933544260626,1.6798576783900998,1.7734383996858119,1.7979046010606823,1.6002148049406901,1.6843791308037677,1.8263424131497485,1.7801406159251691,1.6886333999191128,1.6740875282116352,1.8020036027432562,1.8020304568527918,1.589104485571801,1.7622487594745853,1.7718453904378217,1.7900688546026904,1.5528707619408313,1.7386559904674426,1.6624232650945714,1.757988393516775,1.796776498766185,1.7395949036641372,1.6395349143407334,1.6939423495375003,1.779342042581615,1.6624232650945687,1.6104546543565064,1.801441881974912,1.681553290163778,1.781973346423632,1.5848554189538033,1.5771966981618937,1.6512450921461557,1.7541214133939935,1.7393181433451352,1.6914128668277342,1.6100722842474915,1.6510456842074466,1.5505678142225323,1.589511128569844,1.7399090328714018,1.591575663250592,1.746803340346049,1.7078656001812933,1.6527388200205761,1.6085118018200908,1.724876238023279,1.5891049645078592,1.7687410243351025,1.6448254427318254,1.806647783400828,1.7349899358437024,1.683915652283617,1.7901255800757596
lucene-2.4,1.719198530840914,1.9485012221089135,1.720939112258898,1.9485294117831349,1.7153486020755655,1.948080621608223,1.657869782612081,1.9788972321210594,2.0400677414922286,1.9227529217091097,1.948464294965115,1.7233661547181016,1.885719935221423,1.9332908701975715,1.7209967657543157,1.8720820542882013,1.9307889017944797,1.9482120513543861,1.8826709947521092,1.7857321861661186,1.8185908558105315,1.780799258716857,1.914920729428479,1.9319494760181721,2.067720854995078,1.8525837273555468,1.8619931143088277,1.790522165476371,1.8110125601236737,1.827722215272673,1.9409894005107664,1.9482694780325327,1.8724404040631062,1.9485294117643794,1.7348538522830506,1.9484647853619128,1.7955815663396757,1.9308176428266526,1.9409474373298001,1.9484005529015713,1.948217257972533,1.794240933387829,1.7561311949869507,1.8237120984711046,1.9294973873143253,1.7694339342954324,1.8106212053642687,1.9485294110335771,1.9299176320920546,1.7227695938084675,1.6358991194022878,1.8827558974654603,1.9482120513543857,2.052455690965952,1.6981801354873793,1.9485320795240686,1.7615029690324144,1.8961008998349793,1.948525221744732,1.9413970869952246,1.9222395334169353,1.826930128919892,1.8251798662601209,1.7631020265582262,1.7897007148384603,2.010977565905112,2.1081333978375176,1.7646253073960028,1.9221141104843738,1.91740432586869,1.9462458715014246,1.7639010261535908,1.893467617291257,1.7916955399201582,1.7866470159874386,1.715694597048764,1.714183087676289,1.7796981372686893,1.715774941357416,1.9483864606019168,1.9025175125019114,1.9466382442588848,1.7903940889036825,1.8943461295347863,1.7639621342546352,1.7437855857990967,1.9484606483188254,1.87958079503173,1.9307889195345282,1.9482117875432101,1.7639431216861379,1.9434486913077313,1.9484615697319148,2.0057077743221603,1.7157673885417102,1.9401306697086247,1.9485294117647058,1.7157944878725717,1.854882598714602,2.3059369730054673
poi-1.5,1.48597534909434,1.536074678034907,1.4132177402272301,1.514212350258087,1.5465033405889501,1.4017204765805331,1.5555487485469273,1.3776956961061102,1.4017207487719308,1.550288431379821,1.5193302691264157,1.5249047049194708,1.4453506682045214,1.5532353593992594,1.4987715723412594,1.4226149466540268,1.5029086815983894,1.6311460865746992,1.4856950405498175,1.4305744077568239,1.5407146793516229,1.5396144572468482,1.5372945861009424,1.4226151865344718,1.4261284534816159,1.5230079681355146,1.4245722346910057,1.4690807605217748,1.4570577541498269,1.5065095991022481,1.4859678179527618,1.5404497825937136,1.418165112115972,1.5458419830668801,1.3946291500535004,1.408300316601434,1.4516889156814592,1.6308689387410304,1.4381834723441471,1.4701652997069836,1.4761874433600137,1.536379597364921,1.5083948092400634,1.3811524186212916,1.5586313751539467,1.5512793070257724,1.520272950888921,1.4805743318482976,1.4252962955136663,1.553216134991511,1.4809534871613241,1.4261293725419644,1.7124958298905466,1.5025784870654493,1.5147115474447717,1.5576978509731845,1.6754988445777914,1.4033933847983486,1.494882971418264,1.4227829238148206,1.4057174500883032,1.5212219537804912,1.7065908253441884,1.4159726020370131,1.5662906978358615,1.5189263993878213,1.4782526223199037,1.4331173082951725,1.3502127437389455,1.5516441400370662,1.521187053040075,1.3994342850346702,1.426638650467365,1.399434839955832,1.4852435162294073,1.5545052057100692,1.574073440864077,1.493704039023193,1.494106572094186,1.5555555555555556,1.5398829671219865,1.4856950395894024,1.4907582676119762,1.4809809791950646,1.5553376817668276,1.5502882385718304,1.5275410611183746,1.5662906250501827,1.3883081413956206,1.6715623869793468,1.413219020885643,1.5523383767731667,1.3995770323939267,1.5510091415888292,1.6694851504430093,1.4032863112393517,1.6296500502236269,1.4715636471420015,1.428103910202351,1.416389313344371
poi-2.0,0.20609258113597723,0.15801498973160522,0.12350597609561753,0.1836672066582972,0.1314473725820996,0.24482387293863053,0.2240400411731981,0.21604372099762098,0.1512253788756107,0.20104292427651718,0.1564496361891618,0.1895373556978756,0.21571223611564735,0.13217124772913133,0.16317751014182316,0.12350749493235932,0.12350597610474519,0.16381011745574506,0.17396201554790255,0.1609444084064355,0.1915476840308183,0.23699871819468918,0.15494484546778609,0.1602505523111451,0.22683162088159803,0.1970840794206317,0.17103475694659653,0.15640686840170562,0.1766885603533968,0.24215632841744464,0.2251556179284278,0.1753933227195661,0.17309231429146774,0.165511376701114,0.23731523749179648,0.12985260386583714,0.16157091326597037,0.12665127558280515,0.12354813237496616,0.2350815893764668,0.125567883797585,0.15518244107836202,0.12371737093152033,0.13556384963593932,0.15119235829557728,0.18092987817840406,0.19632517900037427,0.17792484542435774,0.12415579575621105,0.17730561636036984,0.21824682832540507,0.1759939559299605,0.1507475205694547,0.1362261780742991,0.1666486227884444,0.13113483053417974,0.17889856592268208,0.13956206375861385,0.2262753617691789,0.16012177441079858,0.24774184739939453,0.12741141390334487,0.18287116111630966,0.1787097106747975,0.13179231416359177,0.17147545861730312,0.1563899359185322,0.20323082270172355,0.17605932721146045,0.12477849554128455,0.12864555006688827,0.18898642699506843,0.19693803069931762,0.1343383123903005,0.1778246901485588,0.12747812540719533,0.1745467487897463,0.12941589501382614,0.13740679888397658,0.13243944709226566,0.18923065552128207,0.23689912227568868,0.19092901970047496,0.20114379362087267,0.12400035108486288,0.18639405882516757,0.21743626130613103,0.21159471447482456,0.20226831773844628,0.2264310366295712,0.18581997535352948,0.14095566898972747,0.20394444017715743,0.1630959446276825,0.17309253447556627,0.12350597610481905,0.15967846773634362,0.15261328923898124,0.18791042300539254,0.15747497775725147
poi-2.5,1.1565997316708485,1.0659167976788997,0.9417939699602342,0.8863308923734892,1.234850640761122,1.3120864464095765,1.2776343002527677,1.2679769063050388,1.312690786766825,1.2968298190337724,0.9691402032216893,1.3140502066424287,1.3181565184229145,1.1229384995948801,1.2917596124816944,1.317962126973544,1.234750500647168,1.2867794245475077,1.2913626642744558,1.2914086779533318,1.2240700011505417,1.3181569774737194,1.0631163927632514,1.3179678383233793,1.312027479776842,1.3161446004908721,0.9795249898286086,1.3158900584434094,2.6919288083856756,1.3181855695834057,1.2175852850344666,1.288939490651537,1.2906644912625724,1.2906077529850528,1.31211982291035,1.291270985629386,0.8250392369887645,0.7926070036912005,1.311763191668267,1.2910183226823893,1.3099310235848012,1.3104147369462824,1.318156977419487,1.1461532877103493,1.3181818181818181,1.318156977419816,2.671907715510263,1.162043951712623,1.317856869185707,1.291794049273527,0.8713105156933344,1.318172871775709,1.2968743398344504,1.0316001676418904,1.2111784094090403,1.008648133719114,0.8243438770051318,1.3101282879362814,1.3123201760477818,0.9528129992183969,0.9657970204010885,0.8815631283491517,0.9558976353604737,1.1257995548492477,1.3179875683168907,1.3139790818294501,1.2846192213360144,1.3180674416652989,2.6357076336423213,1.1390425958353247,0.8295745726873998,1.1936053747096458,0.9561399297210184,1.3158341002469514,1.2970059814106185,1.3144676655883103,1.2849976435279817,1.2881013108313524,1.2509176705918141,1.305957224579595,0.8172159928582882,1.3162001393885874,1.3179389575481142,1.3160877796943724,1.0865121472798303,1.3168786013489253,1.0640623408520045,2.6671110296671308,0.9832367984280691,1.3123201762503602,1.3056439138893536,1.3057582052034709,0.8185787150900233,1.2870418762757045,0.9615813538828847,0.9407161864049842,1.1105929197690414,1.0432011862408257,1.2984007852089658,1.2774122029885187
poi-3.0,0.9139099009517683,1.1331237895428368,0.9778259964366706,1.1071850915421757,1.0778459751730418,1.6184006439952932,0.8988825276273265,1.9393533352550838,0.9830747303421385,1.1388101983002832,1.6172560994571799,1.110107752424522,1.1216284176650235,0.9523858639316973,1.0346332862872183,1.1354002769787142,1.1387208943792573,0.8667454824882582,1.9598145053221117,1.2208598984103542,1.0094560997958553,1.0842541552378395,1.0776826659319216,0.9724688227827583,0.9822433064846819,2.060366150678871,1.069254717346053,0.8417543835121559,1.0336295421730801,1.6191929457895802,0.8660265674336992,1.0354014726136986,1.099054308216812,1.0890672792915574,1.0350542176156599,0.9806260410146357,0.99324408458616,1.1217646674552284,0.8855860493806074,1.1048554677228095,1.1016485908088556,0.8891633420737902,2.0523667085660997,1.1180006283211212,1.0168266070383831,0.8688742874672096,0.9863167222414876,0.8599703269347494,1.1022249736597256,0.9921122308870718,0.8939119425300068,1.107211206919722,1.9745566749353978,1.0515664721872657,1.0719165622367766,0.9323989041693597,1.1210367959136707,1.0940395528857578,0.8963133211827425,1.138246915660811,0.8434890647024512,1.099398340710615,0.9687960150758032,0.9954016275147963,1.0408740404461378,1.1388101982933807,2.045546481928558,0.8631441267063212,0.8866698429755459,1.1388365465942851,1.0408740401706567,0.9532411949311221,0.9061297709384462,1.0920025955403325,1.0850996913434032,0.8968289634093821,0.8752206623017762,0.9416129492663474,1.0615894321099448,0.8649750414595647,0.8765036787052706,0.9866252573925992,1.1220504752797111,0.8472183937326397,1.1207038628947272,1.0518326167196883,1.011845894642179,1.1272966857582696,0.904470758416834,1.069011062750667,1.1087315082804987,0.8591708232070014,0.8860820123906377,1.112154976055251,1.1383770500627841,0.8496314575375027,0.8851119867068007,0.9242122427295402,1.0333234378533718,1.1101083809319228
synapse-1.0,0.30196231309192495,0.16,0.17996017264703396,0.21073036302027143,0.16870252511533698,0.18858418659313783,0.24142476819457212,0.24124327711741406,0.2744493477353419,0.2738188507362696,0.25738405117207774,0.27402423826835826,0.16007937119726523,0.2768646068636472,0.25697740276291775,0.25667403347643847,0.16107167117168955,0.25970538216465017,0.2736476819756357,0.274024037562818,0.18562687356368315,0.2549237480878206,0.1706670098968811,0.2310802440246237,0.17452857607085157,0.29939711562636645,0.18720722211142696,0.16963780145563304,0.23949932832123316,0.16852958910669052,0.19032789609572104,0.17066700989694372,0.26369921604936414,0.26315840196146445,0.20464272018335466,0.1936250340947198,0.26760626170490137,0.28479995745255327,0.27402404238783873,0.26277429750111575,0.16373270434895934,0.2514492228700897,0.2573962743090919,0.2866275730399703,0.16821127030008332,0.2809606254324591,0.27642299895310374,0.16068830346661403,0.16590307231761472,0.16033222515734383,0.16546092671642976,0.20817502304281202,0.2751774287614122,0.299126692020097,0.2632983346752487,0.16002557471996326,0.21345670789544605,0.302689254925293,0.26318331858981964,0.16033270983613332,0.23350209950721326,0.2513474461316616,0.2092935958984184,0.1838604426724086,0.2877747012509713,0.16000335578604083,0.16119478658877542,0.23373321184836748,0.2860823409202092,0.3060364403470742,0.1710607324259402,0.287118252059104,0.28423731899822063,0.28487577408143966,0.18794816574775577,0.24702073505747982,0.16709986665468116,0.2267247537495394,0.17073014704424797,0.16000504098191423,0.17721826267555846,0.1642266445132684,0.2562461505557947,0.1632725779255779,0.28192318510236,0.27598571439045455,0.16034042335634907,0.16012552727079346,0.2825825031017775,0.1600104197691995,0.16039352238863325,0.26334050466298975,0.16374431427427993,0.24899454445483044,0.1653081037739815,0.16068698020959976,0.3063810754880256,0.2554529081470036,0.27839198719747393,0.1871220661752904
synapse-1.1,0.4579111505945354,0.4578122565348799,0.4995622653140379,0.46908196697839555,0.5850719077801517,0.46147212522205083,0.5205811966409243,0.5932632917790651,0.5761277842509791,0.5792100044190713,0.458115565977275,0.5577649966373505,0.4600466099755055,0.6178106341757333,0.6003298694977987,0.5514103673588185,0.49468799198107216,0.49527138179490743,0.6047627112120196,0.45850903783026536,0.5192225075522335,0.46389857781213,0.5077492602452875,0.5647214511185783,0.617670749115185,0.5189950209010861,0.5845883113821174,0.5125585090556772,0.6955217815196467,0.4576271186440678,0.5320783402845077,0.49672616828930516,0.5435890559301544,0.4705565689081665,0.45950149277350294,0.4761252301107946,0.5983983650537,0.5989456517730642,0.4712175859765486,0.6605308942114132,0.4895429995760957,0.457759245295004,0.5504006829230552,0.5101267570143169,0.6200689464861834,0.4607522554746803,0.5430496725449088,0.6190277289160936,0.671865039043439,0.5323939297281014,0.5955483420270017,0.4578122565353723,0.6237388742377236,0.5959798137848487,0.6682694487410308,0.5123711452553936,0.6077332457185731,0.46359362446256336,0.45973170271933855,0.5623731528695574,0.4579361471242704,0.5688170578227341,0.6373689639930943,0.596038226328167,0.45973170261369917,0.5598964555972391,0.6202169959858906,0.5331286412461377,0.5046492280867397,0.5107260035082147,0.5538965429007339,0.49969508203633595,0.46118126236028917,0.4773194899168698,0.46418772343900205,0.5628478369286617,0.58354297479534,0.532124098407608,0.5606176244041058,0.5532030796695946,0.4648639946770657,0.5430233514874161,0.628102515833887,0.5931405913964967,0.5605989276705736,0.5323939296844726,0.5162284801523119,0.4706743248771714,0.5101413419346061,0.525255754258402,0.5682410990170679,0.5410386821142293,0.45991687992568364,0.5761405752162854,0.4576271853418297,0.5978426427479763,0.5101413159636601,0.5994212308450519,0.5365957544263141,0.45828521464244
synapse-1.2,0.5435930525799393,0.5916048665654985,0.5367540044519681,0.5507706361249555,0.7202463679805582,0.553621336827091,0.74092609026629,0.6980155890137694,0.5627237845097526,0.6060447884890124,0.7753894999611439,0.740081830465436,0.5291889481866745,0.5324579932519639,0.6795882130504214,0.6983135748751239,0.6881036735241112,0.7379742236793112,0.6997109458230766,0.5979945592340619,0.5380460800386577,0.5722386239831053,0.5281156814675027,0.5577203149550869,0.5779086607580343,0.6815955427269716,0.5680468290604577,0.5286949377681196,0.6854984151700897,0.6922873954254188,0.7319975242925676,0.548388394911757,0.7142441417583371,0.5291043341241723,0.5921442298183229,0.6926306163129685,0.5800283588689853,0.5926402095695211,0.7379034859864367,0.597457016970107,0.5845629191648258,0.5330284598743832,0.7210703822034848,0.5367207964661336,0.5485432992136237,0.7381965932538377,0.604537964475265,0.5245098039215687,0.692405724399797,0.5263938602084718,0.7379739420479331,0.5253871442348934,0.74858097861186,0.5823196816820538,0.5421085529274189,0.5259859300333322,0.5485433104409607,0.5245694306311263,0.7408097646068308,0.6047392662013278,0.5892771424049247,0.5710214986761019,0.5647869815468778,0.6125621022648018,0.5744356942475278,0.7129338709942803,0.5856264523500184,0.7575855724363152,0.5548645438192393,0.5802779764859314,0.5662879440626932,0.747949488478214,0.5569354563979914,0.6815955427261207,0.5518389463145803,0.5312242850689879,0.7121899479239869,0.7028373665793457,0.759561694073752,0.6619059589764417,0.6997119045372492,0.6963528070854281,0.6817938647089167,0.5394728870944651,0.6414080516397515,0.5352043347515952,0.5245106336059532,0.7210608169169445,0.7377845609168557,0.689938809663711,0.5616030401461615,0.7395663281054797,0.7360555771336315,0.5547835265534761,0.5842991734077079,0.5256564084283974,0.5798017775024029,0.574990765377402,0.5995880176947548,0.5577930086442161
velocity-1.4,0.6270875657470392,0.8493325130958732,0.697875230190002,0.9269071996649291,0.718379097865352,0.7137454740695088,0.9999973694298598,0.9044356119132159,0.8879265663857473,0.9561050288297008,0.9925556378655508,0.8422548438196651,0.9783434523017996,0.7466036801853353,0.5430345411133602,0.8072896675405415,0.7110022776228646,0.8352818465212675,0.5906885822009814,0.9336230554575874,0.6821907898328728,0.5415399844213729,0.9961897063795498,0.8993301886433935,0.9997060365873133,0.9078816596113278,0.5738240212302219,0.5758392205357357,0.8866490177310765,0.5581804161879496,0.9207822656681168,0.9980013810017505,0.8160145872537072,0.5350668279262181,0.9061228253939453,0.6025525670428111,0.6044334552391061,0.7896916289105184,0.7098221436879756,0.8005795055641077,0.7614208550953027,0.5793529399532273,0.5793117576371477,0.9285874504690134,0.8553606750491758,0.9774042991152143,0.9775731857729693,0.7538814938130134,0.925305819739861,0.7284622204057427,0.8249222552529213,0.9265255006163857,0.7342406451329294,0.5435236957186019,0.7897517768161149,0.7658147409151619,0.7199401718811441,0.8369301115728001,0.836905376945305,0.9862049801332955,0.9309084729330889,0.9862167482348608,0.9444895486754061,0.9458471846207949,0.9454249994029885,0.5793555743598409,0.5682385708435236,0.5849503439515653,0.7522175739585488,0.7798426778633358,0.9676627661689287,0.9389845250366707,0.9995755285746785,0.6394005913621379,0.586608827767213,0.7595453076167329,0.7875983912612801,0.9749740976322331,0.7129844657949257,0.9038748389877236,0.6065429871037893,0.9632285691802173,0.9230498549218878,1.0,0.5786223322562424,0.8921584406395916,0.5837876702972958,0.6074010927330894,0.74287702942188,0.8582613930882885,0.5698453703428586,0.7428748080372413,0.5542276735767134,0.5854166017071677,0.8191666648968602,0.5783362975278127,1.009433326373077,0.6008908066279735,0.7757968678406352,0.7394680477077724
velocity-1.5,1.2750736478131472,1.414061741000305,1.4930341075891636,1.5849344093236841,1.2295797664891317,1.567139074950361,1.426627732600578,1.2827692825023116,1.341616040395452,1.3515229566920868,1.2211712942061892,1.5448964701939134,1.4323517319833705,1.4601878639224803,1.5357347304125402,1.4329984249718264,1.2400364640409676,1.4246461626398885,1.4835501869290644,1.2559161737582039,1.2966365081570521,1.582483832986549,1.4977915646528184,1.4645402242454104,1.2447697430263462,1.335253774628501,1.4803507561243048,1.4691902126178489,1.279377675434983,1.3864665678858055,1.2793156870754192,1.5170120565790066,1.4709006484494358,1.3557682574688514,1.5847953216374269,1.57820880457074,1.538095391530876,1.4472597371970737,1.185148318657053,1.4405505059205606,1.119394619641478,1.5002606071949574,1.1432518506320073,1.4929282491707256,1.3791119770154268,1.1266819032934112,1.2258094025672257,1.2063350020759944,1.3440223786388696,1.584620126666054,1.5734983791912127,1.2111671738258767,1.1735715764569545,1.5106928817392091,1.5499474707233944,1.1916588215854846,1.5846900373074617,1.4259806307472296,1.3102315059609566,1.5837676596164074,1.3727117422034387,1.127623782950292,1.2835640594106634,1.4660118946019272,1.2736685840286073,1.2780102436164464,1.1920960762659223,1.3474808841782377,1.186534200814554,1.5436760068989175,1.4035524872754623,1.2958612680356625,1.2791136513009878,1.5002601073956563,1.2890343846298982,1.426629233679553,1.1826986361282112,1.4594348827139456,1.1080015639753564,1.3256246696152354,1.228507995761107,1.1939658594463975,1.2332693680419002,1.4889545415654375,1.3451553509240826,1.4681237472046076,1.4742509094578278,1.3133750529852188,1.5575682615652915,1.523917401871837,1.5605805897844172,1.203875770334511,1.1769436965327662,1.2344320093460013,1.573498919499273,1.1890203664251973,1.257106615773427,1.419695714631061,1.0823838816480134,1.3887609322878294
velocity-1.6,0.9124924216117095,0.9128558833461101,1.212495801255989,0.9896434298268642,0.9291224902027211,0.9091618710180938,1.1656326872869809,0.9071141733340213,1.1393243844266725,0.9072608757841125,0.9071229225733989,0.9323927638747039,0.9094060458245203,0.9001031107085185,0.9289231127478742,0.9600256483217253,0.9108924472431793,0.9611974106146091,0.913209685480803,1.0353922497354555,1.6807909131588001,1.1290355113275117,0.9092239268513195,0.9142003696713851,0.9126877725202984,1.1562759304599841,1.3712989342726882,0.9476340869624389,1.0788169204498943,1.6046105277290983,0.9079389641481783,0.9802719526519718,1.1957692657140155,1.0010618959055129,1.3496042855541055,0.9127279090357151,1.6166323882022484,1.0758491278001752,0.9073866827709142,1.0289097523402169,1.1669749755631413,0.9829164106469943,1.0336901690954616,1.1608178723635643,0.9101057818993539,0.9408065138155097,0.9229117554426586,0.9071197394563946,0.9102341538851166,1.22101038766043,1.6275992139560986,1.0219158362771599,0.9106270342367266,1.1757561797522094,0.9071038251641834,1.1731486716430655,1.221407089145229,1.1283797130986337,0.9102341611214961,1.184592547970635,0.92440086462298,0.9693774459924046,1.1095946638931384,0.910534562207093,0.9752248350722207,0.9092306499167939,0.9092085033694384,0.9244040292692884,0.9895608128361714,1.018033937403307,0.9961004664174653,0.9110570205916171,1.0284946629779488,0.9353441130612888,0.9100653688480512,1.0571264919808874,0.907138301451619,1.3495244687078778,0.9079463621667623,1.0203946598147304,0.9887460456422762,1.0798118123519023,0.907103826975982,0.9108924384851537,1.1563137679251094,0.9710072088607267,0.9356589489593363,1.0039177873507468,0.9688136048153776,0.9100596952801141,1.6166759387647571,0.9071038251366129,1.3805085344247854,0.9082740686147552,0.9149304848310231,1.1695522761985586,0.9071417237498799,1.171772313639814,1.0396646488101466,1.0657114901701399
xalan-2.4,0.22487998489609465,0.22489525344041167,0.3109983106339307,0.21978385207484963,0.2698665813551603,0.21972352975406856,0.22305673833070438,0.21975221344271986,0.21998751190554483,0.28698758295169763,0.35800798707319603,0.23296590589912922,0.3590315213004312,0.232383342225782,0.3766533202656426,0.29527228755140034,0.2905501912748169,0.28229696749620503,0.3007238259352304,0.30335493435002225,0.29729172684877625,0.3638703343235236,0.23276229726284567,0.2951733550985557,0.2966371627507475,0.29165773965307434,0.22723026623679918,0.30521596786533645,0.33221263565263176,0.3046604739936266,0.21972318339100347,0.22759017490432176,0.22591774226460568,0.2197952590891377,0.2273916348723972,0.3052159687257612,0.22989671095500203,0.22813786043920128,0.3711020947864224,0.21989027198315997,0.29644242230129914,0.3109983106339307,0.25000106819725987,0.2905503967952879,0.29491210376030397,0.23370873765301298,0.37094574386275353,0.23230436154983228,0.2297026271402079,0.224869877672221,0.33561823360366655,0.2273919587155848,0.3781448023643238,0.22626154754846178,0.3072674829885321,0.30554781363394345,0.2809045464499871,0.22486658238322654,0.2968042519030241,0.2417734629423126,0.22107188585560028,0.23225899971274572,0.3439241013423107,0.3327990938957022,0.29538460783136283,0.2952544550307425,0.21972318723764908,0.315581919417725,0.28672182145804903,0.27350321963477864,0.23898692812577949,0.22639582903107464,0.3591284299787198,0.36817961334382276,0.3537848438202043,0.34789870517869403,0.3056974712396678,0.2883420090818233,0.23174407236215472,0.24349449097803344,0.28839771981923135,0.3504405609169937,0.23292702398922532,0.28824411080768386,0.23231204062576225,0.22143272182664278,0.22051441250957743,0.36061005749027936,0.2323123865836891,0.21974983646192908,0.22815096181565,0.35677569604127446,0.21977652966001918,0.2931108920785674,0.3628589398037538,0.3692175447335132,0.22472492588480403,0.3376515918655194,0.28123301027221986,0.2862752542941791
xalan-2.5,0.6904532401200594,0.6599295102426016,0.6856595182392068,0.6853779589969726,0.6901892143616869,0.6894320824929179,0.6809271499418426,0.6928744774476572,0.6896897976019513,0.6663896669042214,0.661952968426153,0.6899080113148922,0.8214054743166876,0.6905522628086983,0.6926811150213791,0.6854627651974947,0.685358288335499,0.6860478168677456,0.6853657219039125,0.6695293202929924,0.6833223971418295,0.684977993702138,0.6821429881542529,0.6865237980934937,0.6494005906778304,0.6736552465053908,0.6864194943048822,0.6934332571653292,0.690706766293032,0.6546050984557555,0.6899394222164744,0.7536811249900904,0.664170272178197,0.6854479865657772,0.6853839395151684,0.6858259936884435,0.6904310014833344,0.6860478168827537,0.6928924458458198,0.6901561060946048,0.6867828654404248,0.684795949977174,0.6533378756043894,0.6908579289014641,0.6891328330872649,0.6907030080139585,0.6906027618869957,0.6927911347421559,0.6533393822314789,0.6933684038573791,0.6901718368054975,0.674993562133814,0.6493935034193413,0.6827058466983137,0.6924566564588495,0.6731079990377308,0.6902189434955219,0.6858419799411035,0.6853582554517134,0.6898877010610203,0.6860477943905798,0.6899765367191855,0.6908603132008792,0.6493941475974241,0.6861069325713138,0.6909008354073677,0.6909314665200496,0.6856327045931492,0.6893450519950979,0.6894210521732257,0.6907030075033095,0.6908543412255499,0.6892531901225276,0.6690757500795319,0.6905393769691409,0.6855295930105165,0.6543980044342943,0.6796456630149122,0.6573236197284533,0.6841768170909563,0.6856803627164505,0.6907030075033095,0.6853593499659641,0.6865335286668665,0.6922517633691482,0.6843614272705381,0.6897674728874479,0.661518902125074,0.6855564202229227,0.6935518314843816,0.6896757689946004,0.690558245022917,0.690190028862151,0.6928030189593064,0.6805689460752671,0.6862174239556302,0.6558657608366807,0.6817556976869746,0.7591072898892592,0.6815532399902728
xalan-2.6,0.6774812872217187,0.6991525423730863,0.7033512878271297,0.6926371094398951,0.6991578089058677,0.6991974094383178,0.6991815784684428,0.6988535980044871,0.6784401682263582,0.7032759968474684,0.6558911663832194,0.6991749953731097,0.6766783090260593,0.7040614692703225,0.7264786887618135,0.6911383600940342,0.7028621249631957,0.6758625216798444,0.6544751706775901,0.6894857099038488,0.7024251701513948,0.6544522955652166,0.6913464944140177,0.7423855646428297,0.699539192681745,0.6986810924781943,0.6991742281315174,0.6991743711946389,0.7117239272307923,0.6894987181438641,0.7077534533217928,0.7031153989565427,0.7013590778652202,0.6784421319268145,0.6991595258450721,0.6975443723919326,0.6822008755326638,0.7234343090595658,0.6958384922329166,0.6992017697299377,0.7000090680866186,0.699176878763016,0.7325072398224838,0.700822404351869,0.6923734729338005,0.6991525423802364,0.6991525423730863,0.6992143170562893,0.7013598062890299,0.7002430713923266,0.7007801271129763,0.6980492197471454,0.6000206366953462,0.7266543977408001,0.6911558719094465,0.6995922262169708,0.7125153583659596,0.6991538586455406,0.709929921333856,0.6995694039743572,0.6790671576856555,0.6991584015973875,0.699608456643009,0.6991542213815202,0.6535210191038056,0.6991716446985204,0.6977023195763655,0.6987326250120035,0.7034454130760297,0.6991767177981754,0.6994941029355937,0.7028621249696845,0.7324814406588068,0.7013817116527089,0.691824605349588,0.700443011857542,0.7386963825462781,0.7101567543598154,0.6995531281343945,0.6902983707150038,0.6595208316446354,0.7091341722179999,0.6968141823651879,0.7080367064403915,0.699334145066979,0.7034945257329736,0.6878755799760587,0.7165582190258136,0.6288199059779787,0.6985689134872197,0.7110023937435187,0.6574375698496255,0.6992800986015236,0.6971141517109812,0.699165082158994,0.7160163396149138,0.6992338552184114,0.6434967980560944,0.7001286405602187,0.6485772507142836
xalan-2.7,1.337001349697125,1.218230815271187,0.7777182722629143,1.327202797134599,1.333134572423599,1.462536530486692,0.7976531826704707,1.0151247680834354,1.2539319058665048,1.2093178538968905,0.8031007363883677,1.0821503158039703,1.0494843268812684,0.44357204512883575,0.5201038844301107,0.7763619649179085,0.4671057956491842,1.3202473884481962,0.5248889426957764,0.4358618553154348,1.0965490020052724,1.1266154458918831,1.313335019688564,0.6817023825493777,1.021677034340621,0.45924843241161384,0.5665440428172184,0.521984480409936,0.9505869068728918,0.5224883390891907,0.38531552052438117,0.5691415073290601,0.4030957623642478,0.7777182722625624,1.2957705787859286,1.2093178834183465,1.3370013755158183,0.7496587415464343,0.8819355782764946,1.3207570565553348,0.6120158624032602,0.9644916878312487,1.1561923483839758,0.8535288711853785,1.2701248445882871,1.3303543595117202,1.1247682449385987,0.4125177591385258,1.02167703231051,0.4521104080133676,0.5320726759884691,0.3658434460884773,1.1011739330181545,1.0922145515222639,0.7661092700652395,1.3370015989855517,1.2789318913933385,0.4406088025326961,0.8963885004551289,0.6760106424494815,0.3967817510348774,1.2957705787860152,0.3853913277242214,0.9505869068685809,1.2539319242022835,1.2908883448732504,1.2429033754500687,1.462677371654965,1.2298602748287704,0.8434375372572989,0.3789100081048843,0.3774975703375058,0.8180331112750681,0.529911872257584,0.7236073880614513,0.3558645633137109,0.6435697238055975,1.337001375518637,1.3090498323979416,1.1757484740302262,0.39155404552844814,1.1959504334618296,0.761958034144541,1.1395494004102356,0.9271169510465496,1.0157032657708416,1.1833816469413878,0.4128023554499435,1.2306339250853187,0.5164979376672927,0.7017060082323658,1.284173579013054,1.0065829025932191,0.38504271247640615,0.7060542374690265,1.2518429856141817,0.921209001339427,1.2015315957374344,0.628475594088642,0.9163807109489467
xerces-init,1.1023008377245211,1.1414017922325932,1.1700026503837062,1.1732086823933974,1.1705318475296602,1.1689997318125818,1.1694772953837935,1.1494815823222322,1.1508187885754904,1.2065579219860199,1.1404204325482392,1.1620050837774076,1.1551723561355667,1.2065892701548797,1.1561274055572361,1.1629018245056768,1.164947919145985,1.1252424029238586,1.1388750356208033,1.212507674066568,1.174563643290135,1.1692483793021362,1.1618411811625742,1.1623212461387276,1.1287451204755619,1.1563747012098717,1.161080443440226,1.0790864792955526,1.1663495500211745,1.165159767958992,1.1116080455639272,1.1197258264329664,1.1289486918883536,1.142197131059489,1.1724985133521177,1.164295170053413,1.1625342644415284,0.9538436317734577,1.1595961126449656,1.161050857999955,0.9532247307898707,1.1575212304089075,1.159417253445491,1.1491835194737876,0.8854518017248435,1.1523221833163821,1.1705122460336537,1.2157053297053484,1.1204230849669454,1.154337279708234,1.1612038299178824,1.1705423445475276,1.1604594131033898,0.9952059928948793,1.1553714153568053,1.1669371850233474,1.1489669521330645,1.156427605471824,1.1570244114835582,1.1496031047004343,1.1323128115201915,1.1540839810938006,1.1660746305035288,1.1481541244058386,1.1668598673414647,1.128396594309036,1.164359338445716,1.2133198743781566,1.1705426356616015,1.1167847139464906,1.1558674887404632,0.8788046221173881,1.1652360190516575,0.9136988551086977,1.1818917481619422,0.8794148091739046,1.1661089909793823,1.1481075533555845,1.161983927908915,0.8834954147142761,1.1705129051930154,1.1666007277166892,1.2058998767662474,1.1688085196474258,1.1571278745899825,1.1604533070943468,1.1652454597189439,1.165557192529813,1.1586251028070487,1.1495276155846803,1.1606482974745658,1.1620298036948262,1.0786438236839426,1.1495290919948926,1.149873236231293,1.151112110760232,1.1697059672204313,1.1692156819285218,1.1832825825962834,1.1575940560359155
xerces-1.2,0.2879223513195042,0.34767028551387374,0.40947846903760055,0.27915080535460046,0.41635820299009124,0.25266878222616734,0.4082293470252252,0.3628521179365882,0.3814446791878543,0.37595694972239957,0.40754925904199374,0.2853270230880113,0.3115011486283144,0.4109326021140582,0.26957942695123766,0.4075479383024861,0.3758680602437362,0.40784055023229515,0.25990179933287927,0.3616872209554974,0.3038851673601339,0.4121064653393623,0.35591220519228556,0.2639400832376154,0.40957157826765406,0.3103146220965096,0.25310675146986006,0.26874897321978425,0.2728415399868483,0.4333461149029425,0.30487496106471873,0.4082238558423433,0.31370380199125036,0.4039144305536526,0.2565244432062745,0.39945386026779933,0.2744631169541651,0.3997536701213644,0.300988573535033,0.3779623048959333,0.24921878288903682,0.2802312147959458,0.2620292162449791,0.29713119758425344,0.4026681810808826,0.3594722584023872,0.41375152015500133,0.4108036404016678,0.3187401882538065,0.3074788282106312,0.4373190073745665,0.32596438804673517,0.30718572441240616,0.37761724600689983,0.28110626918899445,0.26481359004399724,0.3809237667942893,0.3976402227577834,0.3352040533222361,0.3198106659044159,0.24436085643539543,0.2937866372958113,0.3467844584673092,0.25792535735995403,0.34880948804501216,0.36501095088302943,0.24431818181951917,0.26178723147084226,0.2823940487028219,0.4321534191061716,0.26993937925657857,0.37928754551837346,0.24579646571189115,0.40778289177848737,0.36855945774720733,0.2992918748688032,0.3114990198730085,0.34080777556575487,0.28913968443050053,0.40595635576669287,0.27341366210856477,0.2467630661897921,0.4090850382642271,0.40838023552708214,0.26984391398725244,0.324491725280404,0.2766172909131201,0.31339510864172293,0.4043774618392942,0.2875546811711651,0.4232710471350132,0.3858064333526077,0.4118388439448079,0.28041081245395655,0.29575251390191487,0.24519436574590958,0.29796596723138813,0.3542019706666901,0.41871666663214424,0.43253714811669025
xerces-1.3,0.4276832915942387,0.42777799782146303,0.3232044365441741,0.42705944421819636,0.42343544201370753,0.32320945200773865,0.3429855309030227,0.4408149372108471,0.4394521896751153,0.3320594939931418,0.5314129695727284,0.5258064509907981,0.32663368495207623,0.34220715568220234,0.3544090607807547,0.32453704193979843,0.3232086273994313,0.5597507589578572,0.5565581417082258,0.3249137291261685,0.3233010907840615,0.39465657408286303,0.4475537076894237,0.3286216486687899,0.4251790948246506,0.43022035378923573,0.5631514113170504,0.32345277855853255,0.3273110869329695,0.42372555899261427,0.5240643451927031,0.5590715013062264,0.32602877912964184,0.32547895443723485,0.4334065182510642,0.33206110369021796,0.32320441988950277,0.4620644307815276,0.51629954079077,0.3354042236179379,0.5686590219004569,0.332166318397513,0.44062604990319887,0.5649440445249863,0.45813753259804135,0.32320502049263056,0.46485351044689494,0.6147704033562145,0.3798032504226611,0.3374231393487044,0.6041192692750635,0.3622155179042073,0.5400521337010824,0.34402179840197467,0.3419757035265332,0.323426862861292,0.3433065487893609,0.3278950373318534,0.39422161932882355,0.5368860705029528,0.5885979612495217,0.3270506230589423,0.5368854729640815,0.42639597761555315,0.4888747614686308,0.5160386737285588,0.44935723177413706,0.3234339892314509,0.3640355259113931,0.3471028363155257,0.5521406726234942,0.3232070080490175,0.4403931183488034,0.33726421093897324,0.34197094543345463,0.3401899875543402,0.32344182264252314,0.3291161615971139,0.34988483791741937,0.4867941699049995,0.34507923578824967,0.3232819600293806,0.33122222060308176,0.5383834290609264,0.452263640665924,0.32376778201980627,0.44726942124971825,0.37292783879019203,0.32376778183545973,0.4140285135367478,0.3277312291066357,0.5356058560267938,0.34298553278126365,0.34219560781021113,0.3284527892709224,0.3273068808490975,0.4284650198789588,0.5340232034071126,0.5406721605352053,0.32509777263822304
xerces-1.4,2.6499045032052475,2.669911173275273,2.6353632619859835,2.2646922351327516,2.1437167616396464,2.702323136247772,2.1740070715107276,2.5363791897451198,2.5626540678803083,2.2153416851146557,2.180967840474104,2.615154375192875,2.6167837189782297,2.640234247308895,2.2087064912641847,2.1826874809342867,2.6699608520134075,2.602143168784725,2.1972168373807897,2.1600755517193133,2.215948440590972,2.2508426821080847,2.5879118524007074,2.6702127659574466,2.5248144331781037,2.3786869615035915,2.1991936973118626,2.3527479143999934,2.1498662598767337,2.2481132456193866,2.4428327345886682,2.105959405628872,2.522506675345656,2.195077194380853,2.1940391572106455,3.3981715956733214,2.6510641728178155,2.473711962843203,2.4313968397056116,2.37890441846424,2.75824384761927,2.264911872630834,2.2788345995719115,2.6702145218344424,2.6686012201508715,2.6516564372484743,2.4170323823293343,2.2693615273995777,2.6167839280818024,2.5494933764396146,2.615151174876647,2.4560817692896464,2.265088765290771,2.651277731127818,2.6451865759170032,2.18169501348021,2.609202641642875,2.1012567159830065,2.4376113011416423,2.670212345488732,2.7136546220522244,2.659115800013121,2.4148797902147754,2.4262522220224687,2.0703383000163034,2.12056097388481,2.6702127107277334,2.1902006182141496,2.2758267659441604,2.430042665151888,2.3587474097295655,2.9385118051122148,2.231263335366041,2.2470985200408444,2.544560460086837,2.467273577956124,2.608747823518368,2.4666251866509215,2.4350956231776033,2.183083327387058,2.7642233551409507,2.1983586776210644,2.273713343426802,2.796624578893669,2.304913208752755,2.331372591057081,2.208094597214544,2.38048330202518,2.479500286886106,2.2039474868762543,2.3308363545284516,2.264499414980619,2.1967347493599836,2.2060052581100016,2.4551859455849656,2.5071331521107867,2.6418119240976363,2.6694617315228992,2.421672717483852,2.0856943747451986
