,0,1,2,3,4,5,6,7,8,9,10,11,12,13,14,15,16,17,18,19,20,21,22,23,24,25,26,27,28,29,30,31,32,33,34,35,36,37,38,39,40,41,42,43,44,45,46,47,48,49,50,51,52,53,54,55,56,57,58,59,60,61,62,63,64,65,66,67,68,69,70,71,72,73,74,75,76,77,78,79,80,81,82,83,84,85,86,87,88,89,90,91,92,93,94,95,96,97,98,99,100,101,102,103,104,105,106,107,108,109,110
0,0.0,0.0,0.0,0.0,0.0,0.0,0.0,6.088245499649604e-10,-1.2246654203552576e-11,0.0,0.0,0.0,1.4343407596412752e-06,0.0,0.0,-2.438031815564456e-08,1.3747259266412017e-13,0.0,0.0,0.0,0.0,0.0,0.0,0.0,0.0,0.0,1.4453085557079016e-07,0.0,0.0,0.0,0.0,0.0,0.0,0.0,0.0,0.0,0.0,0.0,0.0,0.0,0.0,2.4349948834630485e-08,0.0,0.0,0.0,0.0,0.0,0.0,0.0,0.0,0.0,0.0002738511983674252,0.0,0.0,-5.23153174391226e-07,0.0,0.0,0.0,0.0,0.0,0.0,0.0,0.0,0.0,4.899548798594419e-10,0.0,-1.7006491461983782e-16,0.0,0.0,0.0,0.0,-1.23292987294632e-06,0.0,0.0,0.0,6.320538571146527e-10,0.0,0.0,0.0,0.0,0.0,0.1499840258144291,0.0,0.0,-0.00039807729316977615,4.150898318289485e-06,0.0,0.0,-0.021875455669068792,0.0,0.0,0.0,0.0,0.0,0.0,0.0,-0.003926498338946818,-1.2857474132562353e-13,0.0,-1.7767596477281548e-11,0.0,0.0,0.0,0.0,0.0,0.0,0.18739915354363948,0.0,0.0,-2.0035061690010205e-15,0.0
1,0.0,0.0,0.0,0.0,3.485993211973691e-13,0.0,0.0,2.857370058214212e-10,0.0,0.0,0.0,0.0,1.36745182290971e-10,0.0,0.0,0.0,0.0,0.0,0.0,0.0,-4.1498234047088355e-09,0.0,0.0,0.0,0.0,0.0,0.0,3.86634477377068e-14,0.0,0.0,0.0,0.0,0.0,0.0,0.0,0.0,4.649381862743925e-08,-1.6708865012433392e-09,0.0,0.0,0.0,0.0,-1.1086627944866274e-13,0.0,0.0,0.0,0.0,-2.2699358408488348e-10,0.0,0.0,0.0,0.0002920884902593906,0.0,0.0,0.0,0.0,-1.1719073712977419e-05,0.0,0.0,0.0,0.0,0.0,0.0,0.0,0.0,0.0,-5.112982490767033e-23,0.0,0.0,0.0,-1.745762714961302e-18,0.0,0.0,0.0,1.144415034272053e-07,0.0,-9.70030307714951e-12,0.0,0.0,0.0,0.0,0.0,0.0,0.0,0.0,0.0,0.0,1.3166316416561966e-07,1.1033401246700119e-05,0.0,0.0,0.0,0.0,0.0,0.0,0.0,0.0,0.0,0.0,0.0,0.00029763690673553203,0.0,0.0,0.0,0.0,-1.1069326749641919e-08,0.0,0.0,0.0,0.3765527526197892,0.0
2,0.0,0.0,0.0,0.0,0.0,0.0,0.0,-1.4516052273606028e-11,-1.2436602291575677e-11,0.0,0.0,-7.105776213506399e-10,0.0,0.0,0.0,0.0,0.0,0.0,0.0,0.0,0.0,0.0,0.0,0.0,0.0,0.0,1.4594628307604278e-07,-3.359990273614565e-06,0.0,0.0,0.0,0.0,0.0,0.0,0.0,0.0,0.0,0.0,0.0,0.0,0.0,0.0,1.3167574976332048e-07,0.0,0.0,0.0,0.0,1.2158807091838627e-12,0.0,0.0,0.0,0.00027713089742526116,0.0,0.0,0.0,0.0,0.0,0.0,0.0,-2.6003376834828438e-11,0.0,0.0,0.0,0.0,0.0,0.0,0.0,0.0,0.0,0.0,0.0,0.0,0.0,0.0,0.0,0.0,0.0,0.0,-2.1784586947982257e-15,0.0,0.0,0.0,0.0,0.0,0.0,0.0,0.0,0.0,0.0,0.0,0.0,0.0,0.0,0.0,2.5591761652227693e-10,0.0,0.0,6.612583663852798e-10,0.0,0.0,0.0,0.0,0.0,0.0,0.0,0.0,0.0,0.0,0.04068503874231322,0.0,0.0
3,0.0,0.0,0.0,0.0,0.0,0.0,0.0,-2.4620875080542724e-15,0.0,0.0,0.0,0.0,0.0,0.0,0.0,0.0,0.0,0.0,1.5478815600939822e-13,0.0,-1.4213692179300321e-06,0.0,0.0,0.0,0.0,0.0,0.0,0.0,0.0,0.0,0.0,0.0,0.0,0.0,0.0,0.0,0.0,0.0,0.0,0.0,1.9251835938368407e-10,0.0,0.0,0.0,0.0,0.0,0.0,-3.2411940861764895e-08,0.0,0.0,0.0,0.0002932522871698884,0.0,0.0,0.0,0.0,0.0,0.0,0.0,0.0,0.0,0.0,0.0,0.0,0.0,0.0,1.2679350954520606e-13,0.0,0.0,0.0,0.0,4.506860401236428e-08,0.0,0.0,1.8366758817986147e-09,0.0,-9.70030307714951e-12,0.0,0.0,0.0,0.0,0.0,0.0,1.863938057418104e-11,0.0,0.0,0.0,7.220006996728236e-10,0.0,0.0,0.0,0.0,0.0,1.3260619175969686e-06,0.0,0.0,0.0,0.0,0.0,0.0,0.0,0.0,0.0,0.0,0.0,0.0,0.04323888290936162,0.07525169262718553,0.0,4.0590472613225544e-10,0.0
4,0.0,0.0,0.0,0.0,0.0,0.0,0.0,0.0,-2.270669567335494e-13,0.0,0.0,0.0,-2.1158771355266024e-12,0.0,0.0,0.0,0.0,0.0,-5.335739872627858e-13,-6.546774228899106e-06,0.0,0.0,0.0,0.0,0.0,0.0,0.0,0.0,0.0,0.0,0.0,0.0,0.0,0.0,0.0,0.0,0.0,0.0,0.0,0.0,0.0,0.0,0.0,0.0,0.0,0.0,0.0,0.0,0.0,0.0,0.0,0.0,0.0,0.0,0.0,0.0,0.0,0.0,0.0,0.0,0.0,0.0,0.0,0.0,0.0,0.0,0.0,0.0,0.0,0.0,0.0,0.0,0.0,0.0,0.0,1.9000404683765105e-10,0.0,0.0,0.0,0.0,0.0,-1.378022804991879e-08,0.0,0.0,0.0,0.0,0.0,0.0,0.0,0.0,0.0,0.0,0.0,1.3634299668862625e-10,0.0,0.0,0.0,1.2478040660182648e-12,0.0,0.0,0.0,0.0,0.0,0.0,0.0,-4.089054956403572e-11,0.0005618964058358399,0.0,0.0,0.0,0.0
5,0.0,0.0,0.0,0.0,0.0,0.0,0.0,0.0,0.0,0.0,0.0,0.0,0.0,0.0,0.0,0.0,0.0,0.0,0.0,0.0,0.0,0.0,0.0,0.0,0.0,0.0,0.0,1.8389643528152102e-05,0.0,0.0,0.0,0.0,0.0,0.0,0.0,0.0,0.0005868799714809627,0.0,0.0,0.0,0.001496667908499064,-1.4359889989848172e-07,0.0,0.0,0.0,0.0,0.0,0.0,-7.421640274409824e-05,0.0,0.0,0.0,0.0,0.0,2.3528083930178233e-07,0.0,0.0,0.0,0.0,0.0,0.0,0.0,0.0,0.0,0.0,0.0,0.0,-1.2465779789954966e-14,0.0,0.0,0.0,0.0,0.0,0.0,0.0,2.6851649207529355e-12,-1.1646421425230044e-13,0.0,0.0,0.0,0.0,0.0,0.0,4.312365991453421e-10,0.0,2.2221346001097832e-05,0.00031552636000293437,0.0,0.0,0.0,0.0,0.0,3.4125666628565896e-10,0.0,0.0,0.0,0.0,0.0,0.0,0.0,-1.1932015646545558e-12,0.0,0.0,0.0,0.0,5.69462854132075e-11,0.4437059000303181,0.0,0.0,0.0,0.0
6,0.0,0.0,0.0,0.0,0.0,0.0,0.0,0.0,0.0,0.0,0.0,-3.341979063492896e-10,0.0,0.0,0.0,0.0,0.0,0.0,0.0,0.0,0.0,0.0,0.0,0.0,0.0,0.0,0.0,0.0,0.0,0.0,0.0,0.0,-5.525581017116867e-10,0.0,0.0,0.0,0.0,0.0,0.0,0.0,0.0,0.0,6.685676626424575e-07,3.130102691954686e-17,0.0,0.0,0.0009340256867926833,0.0,0.0,0.0,0.0,0.0007494626454061707,0.0,0.0,0.0,0.0,3.9622733268329487e-07,0.0,0.0,0.0,0.0,0.0,0.0,0.0,0.0,0.0,0.0,-3.1086225454202413e-09,0.0,0.0,0.0,0.0,0.0,0.0,0.0,0.0,0.0,0.0,0.0,2.7920537546764028e-09,0.0,0.0,0.0,-1.350968301848846e-12,0.0,0.0,1.226131909760497e-07,0.0,0.0,0.0,0.0,0.0,0.0,0.0,0.0,0.0,0.0,0.0,0.0,0.0,0.0,0.0,0.0,0.0,-1.9823129681209684e-11,0.0,0.0,0.07993472571715206,0.0,-7.287464454788844e-09,0.0
7,0.0,0.0,0.0,0.0,4.828972295170696e-11,0.0,0.0,0.0,-7.312480096462945e-14,0.0,0.0,0.0,-1.1296989906433738e-09,0.0,0.0,0.0,0.0,0.0,0.0,0.0,0.0,0.0,0.0,0.0,0.0,0.0,0.0,0.0,0.0,0.0,0.0,0.0,0.0,0.0,0.0,0.0,4.338278006103813e-08,0.0,0.0,0.0,0.0,0.0,-2.2265986807903324e-13,8.696861873762012e-10,0.0,0.0,0.00010775884356695187,0.0,2.760658658421047e-06,0.0,0.0,0.0034889467032619384,-1.3499587596865412e-19,0.0,0.0,0.0,0.0,0.0,0.0,0.0,0.0,0.0,-6.927218786591672e-17,0.0,0.0,0.0,0.0,-2.4915216484621385e-11,0.0,0.0,2.8851345145826726e-18,0.0,0.0,0.0,0.0,4.926601358122161e-15,-1.4832313243183992e-05,0.0,1.6386940876877587e-13,0.0,0.0,0.0,0.0,0.0,0.0,0.0,0.0,0.0,0.0,0.0,0.0,0.0,0.0,-1.6598039271561934e-05,0.0,0.0,0.0,0.0,0.0,0.0,0.0,0.0,0.0,0.0,0.0,0.0,0.0,2.1492693163399634e-09,0.03912436360240004,0.3619005612343905,0.0
8,-0.00023960721646110184,0.0,0.0,0.0,0.0,0.0,0.0,0.0,5.456836178325156e-12,0.0,0.0,0.0,0.0,0.0,0.0,0.0,0.0,0.0,0.0,0.0,0.0,0.0,0.0,0.0,0.0,0.0,0.0,0.0,0.0,0.0,0.0,0.0003975952940148422,0.0,0.0,0.0,0.0,0.0,0.0,0.0,0.0,0.0,0.0,0.0,0.0,0.0,0.0,-0.9806184187412681,0.0,0.0,0.0,0.0,0.003488946703261945,0.0,0.0,0.0,0.0,0.0,0.0,2.6289797400675267e-07,9.785915207898243e-15,0.0,0.0,0.0,0.0,0.0,0.0,0.0,0.0,0.0,0.0,-3.688633278248325e-17,4.555626164164512e-09,0.0,0.0,0.0,-2.2893203825117035e-13,2.6435152482028497e-11,0.0,0.0,0.0,0.0,0.0,0.0,4.230857313699917e-10,0.0,0.0,0.0,1.3191854922622864e-07,3.2737150373133835e-06,0.0,0.0,0.0,0.0,0.0,0.0,0.0,0.0,0.0,0.0,1.619412150003763e-07,0.0,0.0,0.0,0.0,0.0,0.0,0.7995616836372521,0.0,0.0,-8.576429403846838e-09,0.0
9,0.0,0.0,0.0,0.0,0.0,0.0,0.0,0.0,0.0,0.0,0.0,0.0,0.0,0.0,0.0,0.0,0.0,0.0,0.0,0.0,0.0,0.0,0.0,0.0,0.0,0.0,0.0,6.030837592133599e-06,0.0,0.0,0.0,0.0,0.0,0.0,0.0,7.060912816230911e-11,0.0,0.0,0.0,0.0,3.392405922365859e-05,-1.4120117541539242e-07,0.0,0.0,0.0,0.0,0.0,0.0,0.0,0.0,0.0,0.0007426040994455226,0.0,0.0,0.0,0.0,0.0,0.0,0.0,0.0,0.0,0.0,0.0,0.0,0.0,0.0,0.0,0.0,0.0,0.0,0.0,0.0,0.0,0.0,0.0,0.0,0.0,0.0,0.0,0.0,0.0,0.0,0.0,0.0,0.0,2.0502317690518337e-05,0.0,0.0,-0.0007890782524147544,0.0,0.0,0.0,3.4027920509285057e-10,0.0,2.488974849967071e-10,0.0,0.0,0.0,0.0,-5.258921092165122e-08,-1.1380393155624446e-12,0.0,0.0,0.0,0.0,5.2313173592497157e-11,0.7911499151619249,0.0,0.0,8.500646366509971e-07,0.0
10,0.0,4.041465264444485e-12,0.0,0.0,0.0,0.0,0.0,0.0,0.0,0.0,0.0,0.0,0.0,0.0,0.0,0.0,0.0,0.0,-1.444654202371353e-11,0.0,0.0,0.0,0.0,0.0,0.0,7.315525189135049e-13,0.0,0.0,0.0,0.0,0.0,0.0,0.0,0.0,0.0,0.0,0.0,0.0,-2.3360698361168943e-19,0.0,2.697784434793901e-09,0.0,0.0,-2.898220301994685e-11,0.0,0.0,0.0,0.0,0.0,0.0,0.0,0.0,0.0,0.0,0.0,0.0,0.0,0.0,0.0,0.0,0.0,0.0,0.0,0.0,0.0,0.0,0.0,0.0,0.0,0.0,0.0,0.0,0.0,0.0,0.0,0.0,0.0,0.0,0.0,0.0,0.0,-1.6131860539703691e-07,0.0,0.0,0.0,1.7715301813936576e-09,0.0,0.0,0.0,0.0,0.0,0.0,0.0,-4.9445615878622245e-08,0.0,0.0,0.0,0.0,0.0,0.0,0.0,0.0,0.0,0.0,0.0,-9.227246415469362e-07,0.024631343475175517,0.06638737109166126,0.0,-2.4106904175598245e-07,0.0
11,0.0,0.0,0.0,0.0,0.0,0.0,0.0,0.0,0.0,0.0,0.0,0.0,-2.6697324208596397e-07,0.0,0.0,0.0,0.0,0.0,-6.010720179773634e-13,0.0,0.0,0.0,0.0,0.0,0.0,0.0,0.0,0.0,0.0,0.0,0.0,0.0,0.0,2.2818958931402947e-09,0.0,-9.630530523138415e-07,0.0,4.073761880031759e-14,1.355590324703495e-22,0.0,-4.9645752045901e-08,-1.8377253256115498e-06,0.0,0.0,0.0,0.0,0.0,0.0,0.0,0.0,0.0,4.1087778146934036e-05,0.0,0.0,0.0,0.0,0.0,0.0,0.0,0.0,-1.6206909553359496e-05,0.0,0.0,0.0,0.0,0.0,-2.8758274562316375e-12,0.0,0.0,0.0,0.0,0.0,0.0,0.0,1.0288023292986999e-07,3.6577505509646337e-13,0.0,0.0,0.0,0.0,0.0,0.0006173414271334833,0.0,0.0,0.0,0.0,0.0,0.0,0.0,0.0,0.0,0.0,0.0,0.0,0.0,0.0,0.0,0.0,0.0,0.0,0.0,0.0,0.0,0.0,0.0,-1.586477240638259e-11,0.1611337239434274,-0.0001345739537413418,0.0,0.0,0.0
12,0.0,0.0,0.0,0.0,0.0,0.0,0.0,0.0,6.042218849559579e-14,0.0,0.0,0.0,0.0,0.0,0.0,0.0,0.0,0.0,0.0,0.0,0.0,0.0,0.0,0.0,0.0,0.0,0.0,0.0,0.0,0.0,0.0,0.0,0.0,0.0,0.0,0.0,3.484709720759038e-16,0.0,0.0,0.0,0.0,0.0,0.0,0.0,0.0,0.0,0.0,0.0,0.0,0.0,0.0,0.0,0.0,0.0,0.0,0.0,0.0,0.0,0.0,0.0,0.0,0.0,0.0,0.0,0.0,-6.532391821528396e-24,1.0573869668652656e-14,0.0,0.0,0.0,0.0,0.0,0.0,0.0,0.0,0.0,0.0,0.0,-9.239615306533595e-15,0.0,0.0,0.0,0.0,0.0,0.0,0.0,0.0,0.0,0.0,0.0,0.0,0.0,2.2755696945565078e-11,1.8858939664498367e-07,0.0,0.0,0.0,2.583333577315537e-14,0.0,0.0,0.0,0.0,0.0,0.0,0.0,0.0,0.0,0.0,0.0012500861097045207,0.0,0.0
13,0.0,0.0,-9.51276881926615e-10,0.0,1.4231852444423365,0.0,0.0,0.0,2.2971421800284087e-10,0.0,0.0,0.0,-9.944445712026538e-08,0.0,0.0,0.0,1.7990315639462766e-16,0.0,0.0,0.0,-8.99726612639545e-14,0.0,0.0,0.0,0.0,0.0,0.0,0.0,0.0,0.0,0.0,0.0,0.0,0.0,0.0,0.0,3.462341396455388e-18,0.0,0.0,0.0,9.270381952049874e-10,-2.2670101049489038e-14,0.0,0.0,0.0,0.0,-0.5975946893815507,0.0,0.0,0.0,0.0,0.0007764351191760046,0.0,0.0,0.0,0.0,-5.478318418075447e-09,0.0,7.616169524193916e-08,0.0,0.0,0.0,0.0,0.0,0.0,0.0,0.0,0.0,0.0,0.0,-1.293555620779832e-15,0.0,0.0,0.0,0.0,3.431311876622733e-16,0.6077555372608581,0.0,-3.634357737038357e-07,0.0,0.0,0.0,0.0,0.0,0.0,0.0,0.0,-9.572001699565628e-19,0.0,0.0,0.0,0.0,0.0,0.0,0.0,0.0,0.0,0.0,0.0,-5.956364834954899e-15,0.0,0.0,0.0,0.0,0.0,0.0,0.8896431146857926,0.0,0.0,0.0,0.0
14,0.0,0.0,0.0,0.0,0.0,0.0,0.0,-3.023739275021237e-10,-1.3642147864706232e-12,0.0,0.0,-7.105776213506399e-10,0.0,0.0,0.0,0.0,0.0,0.0,0.0,0.0,0.0,0.0,0.0,0.0,0.0,0.0,0.0,0.0,0.0,0.0,0.0,0.0,-2.6908945905498673e-13,0.0,0.0,0.0,0.0,-1.0121635506471126e-12,0.0,0.0,0.0,3.265066478408551e-13,1.3167574976332048e-07,0.0,0.0,0.0,0.0,1.2158807091838627e-12,0.0,0.0,0.0,0.000888865021738291,0.0,0.0,0.0,0.0,0.0,0.0,0.0,0.0,0.0,0.0,0.0,0.0,0.0,0.0,0.0,0.0,0.0,0.0,0.0,0.0,0.0,0.0,0.0,4.204615553017512e-13,0.0,0.0,1.681733627125496e-13,0.0,0.0,0.0,0.0,0.0,0.0,0.0,0.0,0.0,0.0,0.0,0.0,0.0,0.0,0.0,2.5591761652227693e-10,1.0440486079397991e-07,0.0,2.2682316302633957e-10,0.0,-4.8863640450753305e-08,0.0,0.0,0.0,0.0,-1.1411542175031444e-12,1.6647916090977108e-06,0.7472065457929421,0.0,0.0,0.0,0.0
15,0.0,0.0,0.0,0.0,0.0,0.0,0.0,0.0,0.0,0.0,0.0,0.0,0.0,0.0,0.0,0.0,0.0,0.0,-1.5270401166824437e-11,0.00017471786528935006,3.714510156538064e-14,0.0,0.0,0.0,0.0,0.0,-4.740979161871385e-12,3.426784029718651e-07,0.0,0.0,0.0,0.0,0.0,0.0,0.0,0.0,0.0,0.0,0.0,0.0,0.0,2.4042080039773176e-16,0.0,3.047200518335801e-09,0.0,0.0,-0.6004183625462625,0.0,0.0,0.0,0.0,0.0034036070773599118,0.0,0.0,0.0,0.0,-5.443224913064721e-09,0.0,0.0,0.0,0.0,0.0,0.0,0.0,-5.0226500769071116e-11,0.0,0.0,0.0,0.0,0.0,0.0,0.0,0.0,0.0,0.0,0.0,0.0,0.0,9.919496237488413e-12,-1.0046184255419333e-09,0.0,0.0,0.0,0.0,-0.01141507497768135,1.0258065720612386e-11,0.0,0.0,0.0,0.0,0.0,0.0,0.0,0.0,0.0,0.0,0.0,-2.6720203310382083e-11,0.0,0.0,0.0,0.0,0.0,0.0,1.966649465471475e-13,-6.120097604265932e-09,0.9594133510399461,0.0,0.0,0.0,0.0
16,0.0,0.0,0.0,0.0,0.0,0.0,0.0,-9.15670178079288e-15,0.0,0.0,0.0,1.2936044414740994e-08,0.0,0.0,2.475770369208081e-09,-2.4386421020014948e-08,3.4687809274393577e-15,0.0,0.0,0.0,0.0,0.0,0.0,0.0,0.0,-2.0544960165533812e-16,0.0,0.0,0.0,0.0,0.0,0.0,0.0,0.0,0.0,0.0,0.0,1.1787497777784034e-13,0.0,0.0,0.0,0.0,-7.423998657645711e-06,3.01961185578888e-09,0.0,0.0,-0.5999513762805775,0.0,0.0,0.0,0.0,0.00026937432638719447,0.0,0.0,0.0,0.0,0.0,0.0,0.0,0.0,0.0,0.0,0.0,0.0,0.0,0.0,0.0,0.0,0.0,0.0,0.0,0.0,0.0,0.0,0.0,6.14355488429533e-10,0.0,0.0,0.0,0.0,-0.12307806280785538,0.15157704283108192,0.0,0.0,0.0012114218925671667,0.0,0.0,-2.7601362809934243e-07,-0.00041109229318451285,0.0,0.0,0.0,0.0,0.0,0.0,0.0,0.0,0.0,0.0,0.0,4.216544185879026e-07,0.0,0.0,0.0,0.0,0.0,0.18739915354363954,-0.00011245189594465718,-1.1983488125454696e-09,0.0,0.0
17,0.0,0.0,0.0,0.0,0.0,0.0,0.0,0.0,3.7940260679482164e-10,0.0,0.0,0.0,0.0,0.0,0.0,0.0,0.0,0.0,0.0,0.0,0.0,0.0,0.0,0.0,0.0,5.73385299165999e-09,0.0,0.0,0.0,0.0,0.0,0.0,0.0,-9.837611831902828e-11,0.0,0.0,0.0,-1.1335478536476101e-08,0.0,0.0,0.0,0.0,0.0,0.0,0.0,0.0,0.0,0.0,0.0,0.0,0.0,0.0007021498779238751,0.0,0.0,5.866039319365251e-07,0.0,0.0,0.0,0.0,0.0,0.0,0.0,0.0,0.0,0.0,0.0,0.0,3.8776593313198297e-10,0.0,0.0,0.0,0.0,0.0,0.0,0.0,0.0,0.0065428547020892625,0.0,0.0,0.0,0.0,0.0047014001398105465,0.0,0.0,0.0,0.0,0.0,0.0,0.0,0.0,0.0,0.0,0.0,-2.0580208452227095e-09,0.0,0.0,0.0,0.0,0.0,0.0,0.0,0.0,0.0,0.0,0.0,0.0,0.4610902820251323,0.0,0.0,4.482779444263805e-14,0.0
18,0.0,0.0,0.0,0.0,0.0,0.0,0.0,0.0,0.0,0.0,0.0,0.0,0.0,0.0,0.0,0.0,0.0,0.0,0.0,0.0,0.0,0.0,0.0,0.0,0.0,1.7328844624847975e-10,0.0,0.0,0.0,0.0,0.0,0.0,3.7757045844514674e-13,0.0,0.0,1.6511683826151783e-08,0.0,0.0,0.0,0.0,3.732796381408035e-08,0.0,0.0,0.0,0.0,0.0,0.0,0.0,0.0,0.0,0.0,9.440992320484997e-06,0.0,0.0,0.0,0.0,0.0,0.0,0.0,0.0,-4.744843145282608e-07,0.0,0.0,0.0,0.0,0.0,0.0,0.0,0.0,0.0,0.0,0.0,0.0,0.0,0.0,0.0,0.0,0.0,0.0,0.0,0.0,0.0,0.0,0.0,0.0,1.3474241483080558e-10,9.256887753015179e-09,0.0,0.0,0.0,0.0,0.0,0.0,1.8292643205984853e-07,0.0,1.18996095321531e-09,0.0,0.0,0.0,0.0,2.462100810862668e-07,-1.1040859491161745e-08,0.0,0.0,0.0,0.0,0.44584258731860693,0.0,-4.505720813464118e-05,0.0,0.0
19,0.0,0.0,0.0,0.0,0.0,0.0,0.0,0.0,0.0,0.0,0.0,8.574099306609698e-11,0.0,0.0,0.0,0.0,0.0,0.0,0.0,0.0,0.0,0.0,0.0,0.0,0.0,0.0,0.0,0.0,0.0,0.0,0.0,0.0,0.0,-2.439163737153232e-06,0.0,0.0,0.0,0.0,0.0,0.0,6.685573190843728e-06,0.0,0.0,0.0,0.0,0.0,0.0,0.0,0.0,0.0,0.0,0.0,0.0,0.0,-1.5022887212483987e-05,0.0,0.0,0.0,0.0,0.0,0.0,0.0,0.0,0.0,0.0,0.0,0.0,0.0,0.0,0.0,0.0,0.0,0.0,0.0,0.0,1.7787043910078537e-10,6.407732313088576e-12,0.0,0.0,0.0,0.0,0.0,0.0,0.0,0.0,0.0,0.0,0.00929812574563188,0.0,0.0,0.0,0.0,1.0500368721478894e-05,-1.6375525359459927e-05,9.262663716069701e-12,0.0,0.0,0.0,0.0,-4.6340305736273514e-09,0.0,-1.1357979137477745e-08,0.0,0.0,0.0,0.0,0.024924996082833023,0.06546265367705473,0.041159258690260096,0.0,0.0
20,0.0,0.0,0.0,0.0,0.0,0.0,0.0,0.0,0.0,0.0,0.0,0.0,0.0,0.0,0.0,0.0,0.0,0.0,-1.485700368676807e-11,0.0,0.0,0.0,0.0,0.0,0.0,5.8193184242608025e-09,0.0,0.0,0.0,0.0,0.0,0.0,3.145558455181398e-13,0.0,0.0,0.0,7.373612531155216e-10,0.0,0.0,0.0,0.0,0.0,0.0,0.0,0.0,0.0,0.0,5.854277221345694e-16,0.0,0.0,0.0,0.0,0.0,0.0,0.0,0.0,0.0,0.0,0.0,0.0,-2.998701994847039e-10,0.0,0.0,0.0,0.0,0.0,0.0,0.0,0.0,0.0,0.0,0.0,0.0,0.0,0.0,0.0,0.0,0.0,0.0,0.0,0.0,0.00372193395963874,0.0,-5.6689746033100345e-08,0.0,1.0646497162513742e-11,5.4546773601230335e-11,0.0,0.0,0.0,0.0,0.0,2.1523773894863917e-09,0.0,0.0,0.0,0.0,0.0,0.0,0.0,0.0,0.0,0.0,0.0,0.0,0.0,0.01905217879306248,0.06424871215188767,0.0,6.829694052682078e-09,0.0
21,0.0,0.0,0.0,0.0,0.0,0.0,0.0,0.0,0.0,0.0,0.0,-4.566195171662128e-12,0.0,0.0,0.0,-1.045951022036415e-09,0.0,0.0,0.0,0.0,0.0,0.0,0.0,0.0,0.0,0.0,0.0,0.0,0.0,0.0,0.0,0.0,0.0,0.0,0.0,0.0,0.0,0.0,-1.799030340104175e-21,0.0,-1.6970487495454942e-07,0.0,0.0,0.0,0.0,0.0,0.0,0.0,0.0,0.0,0.0,0.0,0.0,0.0,0.0,0.0,0.0,0.0,0.0,0.0,0.0,0.0,0.0,0.0,0.0,0.0,1.2846066846853188e-13,1.8742214357983542e-10,0.0,0.0,0.0,0.0,0.0,0.0,0.0,0.0,0.0,0.0,0.0,1.3223075159270928e-10,0.0,-1.5920103687316206e-07,0.0,0.0,0.0,0.0,0.0,0.0,0.0,0.0,0.0,0.0,0.0,-5.112797516160386e-08,0.0,0.0,0.0,0.0,0.0,0.0,0.0,0.0,0.0,0.0,0.0,4.775436113178475e-08,0.005264812363168274,0.0,0.0,0.0,0.0
22,0.0,0.0,0.0,0.0,0.0,0.0,0.0,0.0,0.0,0.0,0.0,0.0,0.0,0.0,0.0,0.0,0.0,0.0,0.0,0.0,0.0,0.0,0.0,0.0,0.0,0.0,0.0,0.0,0.0,0.0,0.0,0.0,0.0,-8.914839668609873e-11,0.0,0.0,0.0,0.0,0.0,0.0,0.0,0.0,0.0,0.0,0.0,0.0,0.0,0.0,0.0,0.0,0.0,0.0,0.0,0.0,1.4640597375174655e-11,0.0,0.0,0.0,0.0,0.0,0.0,0.0,0.0,0.0,1.3924400323763008e-11,0.0,-1.5890785760796213e-15,0.0,0.0,0.0,0.0,0.0,0.0,0.0,-6.899278160013495e-11,0.0,0.0,0.0,0.0,-2.7162610613727878e-11,0.0,-7.654866227896069e-11,0.0,0.0,0.0,0.0,0.0,0.0,0.0,0.0,0.0,0.0,0.0,0.0,0.0,1.8292248860297499e-09,0.0,0.0,0.0,0.0,0.0,0.0,0.0,0.0,0.0,-2.440090811346828e-14,0.005636010904129584,0.0015447504292602798,-0.0003081709222938281,0.0,0.0
23,0.0,0.0,0.0,0.0,0.0,0.0,0.0,0.0,0.0,0.0,0.0,0.0,0.0,0.0,0.0,0.0,0.0,0.0,0.0,-7.157598516165773e-06,0.0,0.0,0.0,0.0,0.0,0.0,0.0,5.088799638014714e-09,0.0,0.0,0.0,0.0,0.0,-8.914839668609873e-11,0.0,0.0,0.0,0.0,0.0,0.0,0.0,0.0,0.0,0.0,0.0,0.0,0.0,0.0,0.0,0.0,0.0,0.0,0.0,0.0,1.492268519750721e-11,0.0,0.0,0.0,0.0,0.0,0.0,0.0,0.0,0.0,1.3924400323763008e-11,0.0,0.0,0.0,0.0,0.0,0.0,0.0,0.0,0.0,-1.5322932417798295e-11,1.9256051695940023e-10,0.0,0.0,0.0,0.0,0.0,-1.4068773452313272e-08,0.0,0.0,0.0,0.0,0.0,0.0,0.0,0.0,0.0,0.0,0.0,0.0,0.0,1.8292248860297499e-09,0.0,0.0,0.0,0.0,0.0,0.0,0.0,0.0,0.0,0.0,0.02604747079935034,0.0015346393615668988,0.04135513024219761,0.0,0.0
24,0.0,0.0,1.2644063132624146e-17,0.0,0.0,0.0,0.0,-1.6932613252497086e-10,0.0,0.0,0.0,-6.900800899299899e-11,0.0,0.0,0.0,0.0,0.0,0.0,0.0,0.0,0.0,0.0,0.0,1.1284255349102829e-07,0.0,0.0,0.0,0.0,0.0,0.0,0.0,0.0,0.0,0.0,0.0,2.1836927729190744e-12,6.926170209780238e-06,0.0,0.0,0.0,0.0,0.0,1.3427350878267019e-07,0.0,0.0,0.0,0.0,1.133690098233238e-12,0.0,0.0,0.0,0.0007426040994455226,0.0,0.0,0.0,0.0,0.0,0.0,0.0,0.0,0.0,0.0,0.0,0.0,0.0,0.0,9.51896309980987e-18,0.0,0.0,0.0,0.0,-0.5816307973567403,0.0,0.0,0.0,0.0,0.0,0.0,0.0,0.0,0.0,0.0,0.0,0.0,0.0,2.2309792483964024e-05,0.0,4.2699075416435475e-09,0.0,0.0,0.0,0.0,0.0,0.0,2.488974849967071e-10,0.0,0.0,0.0,0.0,0.0,0.0,0.0,0.0,0.0,0.0,9.10639044837778e-14,0.8040292283366567,0.0,0.0,6.36678268021862e-08,0.0
25,0.0,0.0,0.0,0.0,4.7670055386979965e-11,0.0,0.0,0.0,-7.312480096462945e-14,0.0,0.0,0.0,5.413454842888751e-08,0.0,0.0,0.0,0.0,0.0,0.0,0.0,0.0,0.0,0.0,0.0,0.0,0.0,0.0,0.0,0.0,0.0,0.0,0.0,0.0,0.0,0.0,0.0,4.338278006103813e-08,-3.3237271557580824e-09,0.0,0.0,0.0,0.0,-5.97434501690158e-12,2.475217746932637e-15,0.0,0.0,0.00010775884356695187,0.0,2.7356499361370546e-06,0.0,0.0,0.0034889467032619384,-1.3500532844649527e-19,0.0,0.0,0.0,0.0,0.0,0.0,0.0,0.0,0.0,1.8931106639480933e-14,0.0,0.0,0.0,0.0,-2.4915216484621385e-11,0.0,0.0,9.110080424389595e-17,0.0,0.0,0.0,0.0,4.926601358122161e-15,0.0,0.0,0.0,0.0,0.0,0.0,0.0,0.0,0.0,0.0,0.0,0.0,0.0,0.0,0.0,0.0,0.0,0.0,0.0,0.0,0.0,0.0,0.0,-1.7930386991358864e-11,0.0,0.0,0.0,0.0,0.0,0.0,0.0,2.1492693167245164e-09,0.037040974578199076,0.3619005612343905,0.0
26,0.0,0.0,0.0,0.0,0.0,0.0,0.0,0.0,0.0,0.0,0.0,0.0,0.0,0.0,0.0,0.0,0.0,0.0,-1.485700368676807e-11,0.0,0.0,0.0,0.0,0.0,0.0,0.0,0.0,3.3678669552555484e-07,0.0,0.0,0.0,0.0,0.0,0.0,0.0,0.0,3.2980111070361135e-08,0.0,0.0,0.0,0.0,0.0,0.0,0.0,0.0,0.0,0.0,0.0,0.0,0.0,0.0,0.0,0.0,0.0,0.0,0.0,0.0,0.0,0.0,0.0,-2.998701994846617e-10,0.0,0.0,0.0,0.0,0.0,0.0,0.0,0.0,0.0,0.0,0.0,0.0,0.0,0.0,0.0,-2.169977218760763e-09,0.0,0.0,0.0,0.0,0.0,0.0,0.0,0.0,1.0646497162513742e-11,0.0,0.0,0.0,0.0,0.0,0.0,2.1523773894863917e-09,0.0,0.0,0.0,0.0,0.0,0.0,0.0,0.0,0.0,0.0,0.0,0.0,0.0,0.01905217879306246,0.06424871215188767,0.0,6.829694052680967e-09,0.0
27,0.0,0.0,0.0,0.0,0.0,0.0,-9.448889764775139e-19,0.0,8.341226794472342e-07,0.0,0.0,0.0,0.0,0.0,0.0,0.0,0.0,0.0,0.0,0.00017546971563993727,0.0,0.0,0.0,0.0,0.0,0.0,0.0,0.0,0.0,0.0,0.0,0.0,0.0,5.416356707204143e-07,0.0,0.0,0.0,0.0,0.0,0.0,-3.007204248233697e-07,0.0,0.0,0.0,0.0,0.0,0.0,0.0,0.0,0.0,0.0,0.0,0.0,0.0,-1.254241096454921e-07,0.0,-3.255106331286184e-08,0.0,0.0,0.0,0.0,0.0,0.0,0.0,0.0,0.0,0.0,0.0,0.0,0.0,0.0,0.0,0.0,0.0,0.0,0.0,2.8794468331594612e-11,0.0,0.0,-1.8162436600902918e-07,0.0,0.0,0.0,0.0,0.0,0.0,0.0,0.0,0.0,0.0,0.0,0.0,3.5695704707603716e-10,4.018009886525721e-06,0.0,0.0,0.0,0.0,0.0,0.0,0.0,0.0,0.0,0.0,0.0,-1.883932962315794e-07,0.024924996082833016,0.06695348616984917,0.0,-4.569885208980022e-09,0.0
28,0.0,0.0,0.0,0.0,0.0,0.0,0.0,0.0,0.0,0.0,0.0,-1.0687830183225655e-12,0.0,0.0,0.0,-5.250233076018292e-08,0.0,0.0,0.0,2.731164361044209e-06,0.0,0.0,0.0,0.0,0.0,0.0,0.0,-5.876846674072721e-07,0.0,0.0,0.0,0.0,0.0,-8.914839668609873e-11,0.0,0.0,0.0,0.0,0.0,0.0,0.0,0.0,0.0,0.0,0.0,0.0,0.0,0.0,0.0,0.0,0.0,0.0,0.0,0.0,0.0,0.0,0.0,0.0,0.0,0.0,0.0,0.0,0.0,0.0,0.0,0.0,0.0,0.0,0.0,0.0,0.0,0.0,0.0,0.0,0.0,1.2647446162647259e-11,0.0,0.0,0.0,0.0,0.0,0.0,0.0,0.0,0.0,1.7547220615468468e-09,0.0,0.0,0.0,0.0,0.0,0.0,0.0,0.0,0.0,0.0,0.0,0.0,0.0,0.0,0.0,0.0,0.0,0.0,0.0,0.0,6.664665345472616e-05,0.06608260787352291,0.04135513024219761,-1.1008172257149333e-09,0.0
29,0.0,-1.6642713627030685e-13,0.0,0.0,0.0,0.0,0.0,-2.468915989444391e-15,0.0,0.0,0.0,0.0,0.0,0.0,0.0,0.0,0.0,0.0,0.0,0.0,-1.4213692179300321e-06,0.0,0.0,0.0,0.0,0.0,0.0,0.0,0.0,0.0,0.0,0.0,0.0,0.0,0.0,0.0,0.0,0.0,0.0,0.0,9.733522721071882e-10,0.0,0.0,2.0200225621239993e-07,0.0,0.0,0.0,7.697398280114722e-16,3.7928853879740406e-07,0.0,0.0,0.00022301337551063814,0.0,0.0,0.0,0.0,0.0,0.0,0.0,0.0,0.0,0.0,0.0,0.0,0.0,0.0,0.0,0.0,0.0,0.0,0.0,0.0,0.0,0.0,0.0,0.0,1.5031618439993915e-14,0.0,0.0,0.0,0.0,0.0,0.0,0.0,0.0,0.0,0.0,0.0,-0.00031082485948233824,0.0,0.0,0.0,0.0,3.4857498209460725e-08,0.0,0.0,0.0,0.0,0.0,0.0,0.0,1.3933533330329349e-06,0.0,0.0,0.0,0.0,0.7481818190295784,0.0,0.0,-0.00046076185895031914,0.0
30,0.0,0.0,0.0,0.0,0.0,0.0,0.0,0.0,2.679987107363766e-10,0.0,0.0,0.0,0.0,0.0,0.0,0.0,0.0,0.0,0.0,0.0,-4.218152520564295e-09,0.0,0.0,0.0,0.0,0.0,0.0,3.728078163907272e-14,0.0,0.0,0.0,0.0,0.0,0.0,0.0,-6.779566798521555e-09,0.0,5.645413885211276e-11,0.0,0.0,0.0,0.0,2.4704551908522755e-15,0.0,0.0,0.0,0.0,0.0,0.0,0.0,0.0,0.0,0.0,0.0,0.0,0.0,0.0,0.0,0.0,0.0,0.0,0.0,0.0,0.0,0.0,0.0,0.0,0.0,0.0,0.0,1.3024295269686936e-13,0.0,0.0,0.0,0.0,0.0,-7.73035274802685e-12,0.0,4.193483206560793e-10,0.0,0.0,0.0,0.0,0.0,0.0,0.0,0.0,0.0,0.0,0.0,0.0,0.0,0.0,0.0,0.0,0.0,0.0,0.0,0.0,0.0,0.0,0.0,0.0,0.0,0.0,-1.8249753339250877e-07,0.0,0.0,0.0,0.36702599571395333,0.0
31,0.0,0.0,0.0,0.0,0.0,0.0,0.0,0.0,0.0,0.0,0.0,0.0,0.0,0.0,0.0,0.0,0.0,0.0,5.096221350285423e-19,0.0,0.0,0.0,0.0,0.0,0.0,0.0,0.0,0.0,0.0,0.0,0.0,0.0,0.0,-8.914839668101653e-11,0.0,0.0,0.0,0.0,0.0,0.0,1.5523277734399236e-09,0.0,0.0,0.0,0.0,0.0,0.0,0.0,0.0,0.0,0.0,0.0,0.0,0.0,0.0,0.0,-3.27037880098282e-08,0.0,0.0,0.0,0.0,0.0,0.0,0.0,-6.564194230596041e-08,0.0,7.585470166622879e-25,0.0,0.0,0.0,0.0,-2.2520214716284367e-08,0.0,0.0,0.0,0.0,0.0,0.0,0.0,0.0,0.0,0.0,0.0,0.0,0.0,0.0,0.0,0.0,8.658403138039946e-08,0.0,0.0,0.0,0.0,0.0,0.0,0.0,0.0,0.0,0.0,0.0,0.0,0.0,0.0,0.0,0.0,3.399282691694232e-09,0.00957169603734391,0.0,0.0,-2.349459625182915e-07,0.0
32,0.0,0.0,0.0,0.0,-1.4939804843031234e-14,0.0,0.0,0.0,1.5229422090616962e-11,0.0,0.0,0.0,0.0,0.0,0.0,0.0,0.0,0.0,5.240657762878768e-17,0.0,0.0,0.0,0.0,0.0,0.0,0.0,0.0,-6.718827689033353e-14,0.0,0.0,0.0,0.0,0.0,-3.112819015214764e-06,0.0,0.0,0.0,0.0,0.0,0.0,0.0,0.0,0.0,-6.251951543836106e-08,0.0,0.0,0.0,0.0,0.0,0.0,0.0,0.0002782641675784221,2.297559693538356e-11,0.0,-2.3683546967409628e-11,0.0,-3.40703526003189e-08,0.0,0.0,0.0,0.0,0.0,0.0,0.0,0.0,0.0,0.0,-3.703653189549247e-14,0.0,0.0,0.0,0.0,0.0,0.0,0.0,0.0,-1.1656695282982355e-10,0.0,0.0,0.0,0.0,0.0,0.0,0.0,0.0,0.0,0.0,0.19817117423494993,0.0,0.0,0.0,0.0,0.0,1.223537784241965e-08,0.0,0.0,0.0,0.0,0.0,0.0,0.0,0.0,0.0,0.0,0.0,0.0,0.1618669748413799,0.0735888597515522,0.0,0.0,0.0
33,0.0,0.0,-2.5025363060242345e-14,0.0,0.0,0.0,1.678198440976558e-15,0.0,0.0,0.0,0.0,0.0,0.0,2.2715293061137723e-05,0.0,0.0,0.0,0.0,0.0,0.0,0.0,0.0,0.0,0.0,0.0,0.0,0.0,1.8389643528152102e-05,0.0,0.0,0.0,0.0,0.0,0.0,0.0,0.0,0.0005868799714809627,0.0,1.924332203312461e-14,0.0,0.0,0.0,2.2606028913062205e-05,0.0,0.0,0.0,0.0,0.0,-7.421640274409824e-05,0.0,0.0,0.0,0.0,0.0,0.0,0.0,0.0,0.0,0.0,0.0,0.0,0.0,0.0,0.0,0.0,0.0,0.0,0.0,0.0,0.0,0.0,0.0,0.0,0.0,0.0,0.0,-3.56167682963789e-15,0.0,0.0,0.0,0.0,2.005895021665871e-05,0.0,-8.95676783461506e-09,0.0,1.776872014001477e-09,0.0003143429681148951,0.0,3.4780599349506734e-13,0.0,0.0,0.0,0.0,0.0,0.0,0.0,0.0,0.0,0.0,0.0,0.0,0.0,0.0,0.0,0.0,0.0,0.44370590003031807,0.06411775643266038,-0.0005423378633095477,0.0,0.0
34,0.0,0.0,1.2644063132624146e-17,0.0,0.0,0.0,0.0,-3.054378768329217e-10,0.0,0.0,0.0,1.4304719419648138e-08,0.0,0.0,0.0,0.0,0.0,0.0,0.0,0.0,0.0,0.0,0.0,1.1284255349102829e-07,0.0,0.0,0.0,-7.600931662960364e-07,0.0,0.0,0.0,0.0,0.0,0.0,0.0,7.065345725931883e-11,6.926170209780238e-06,0.0,0.0,0.0,0.0,0.0,1.3271461385804436e-07,0.0,0.0,0.0,0.0,1.133690098233238e-12,0.0,0.0,0.0,0.0007426040994455226,0.0,0.0,0.0,0.0,0.0,0.0,0.0,0.0,0.0,0.0,0.0,0.0,0.0,0.0,9.499726520577769e-18,0.0,0.0,0.0,0.0,-0.5816307973567403,0.0,0.0,0.0,0.0,0.0,0.0,-3.945297917788483e-07,0.0,0.0,0.0,0.0,0.0,0.0,2.2309792483964024e-05,0.0,0.0,0.0,0.0,0.0,0.0,0.0,0.0,2.488974849967071e-10,0.0,0.0,0.0,0.0,0.0,0.0,0.0,0.0,0.0,0.0,5.2313173592497157e-11,0.8038716778566601,0.0,0.0,6.36678268021862e-08,0.0
35,0.0,0.0,0.0,0.0,0.0,0.0,0.0,0.0,0.0,0.0,0.0,0.0,0.0,0.0,0.0,0.0,0.0,0.0,-1.5270401166824437e-11,0.00017504158271386308,0.0,0.0,0.0,0.0,0.0,0.0,-4.740979161871385e-12,3.82447686957228e-07,0.0,0.0,0.0,0.0,0.0,0.0,0.0,0.0,0.0,0.0,0.0,0.0,0.0,0.0,0.0,3.0472005183358018e-09,0.0,0.0,-0.5991140680843072,0.0,0.0,0.0,0.0,0.0002989814978443246,0.0,0.0,0.0,0.0,-5.447664328609756e-09,0.0,0.0,1.2802186023062905e-20,0.0,0.0,0.0,0.0,0.0,0.0,0.0,0.0,0.0,0.0,0.0,0.0,0.0,0.0,0.0,0.0,0.6162888371082018,0.0,0.0,7.852084737117567e-12,0.0,0.0,0.0,0.0,-0.011247914707107457,1.5423938867316507e-13,0.0,0.0,0.0,0.0,0.0,0.0,0.0,0.0,0.0,0.0,0.0,-2.6720203310382083e-11,0.0,0.0,0.0,0.0,0.0,0.0,1.966649465471475e-13,-5.968747845759656e-09,0.9594133510399461,0.0,0.0,0.0,0.0
36,0.0,0.0,0.0,0.0,0.0,0.0,0.0,0.0,0.0,0.0,0.0,0.0,0.0,0.0,0.0,0.0,0.0,0.0,0.0,0.0,0.0,0.0,0.0,0.0,0.0,0.0,0.0,0.0,0.0,0.0,0.0,0.0,3.6169303003712994e-10,0.0,0.0,-6.7310573363633255e-09,0.0,0.0,0.0,0.0,0.0,0.0,0.0,0.0,0.0,0.0,0.0,0.0,0.0,0.0,0.0,0.0,0.0,0.0,0.0,0.0,0.0,0.0,0.0,0.0,0.0,0.0,0.0,0.0,0.0,0.0,-1.1439225060349477e-16,0.0,0.0,0.0,-1.4006536409534766e-12,0.0,0.0,0.0,0.0,0.0,0.0,0.0,4.661673518784352e-10,0.0,0.0,0.0,0.0,0.0,0.0,0.0,0.0,0.0,0.0,0.0,0.0,0.0,0.0,0.0,0.0,0.0,0.0,0.0,0.0,0.0,0.0,0.0,0.0,0.0,0.0,0.0,0.0,0.0,0.0,1.4540930682114681e-11,0.0
37,0.0,0.0,0.0,0.0,0.0,0.0,0.0,0.0,7.08815384091368e-14,0.0,0.0,-6.608702431833012e-10,0.0,0.0,0.0,0.0,0.0,0.0,0.0,0.0,0.0,0.0,0.0,0.0,0.0,0.0,1.439004523510837e-07,-6.040189954034454e-07,0.0,0.0,0.0,0.0,0.0,2.322822262850035e-12,0.0,0.0,0.0,0.0,0.0,0.0,0.0,3.336278067168944e-13,-2.5644439630075482e-09,0.0,0.0,0.0,0.0,0.0,0.0,0.0,0.0,0.0,0.0,0.0,0.0,0.0,0.0,0.0,0.0,0.0,0.0,0.0,0.0,0.0,0.0,0.0,0.0,0.0,0.0,0.0,0.0,-2.2520214716284374e-08,0.0,0.0,0.0,2.3065537880267248e-11,0.0,0.0,0.0,0.0,0.0,0.0,0.0,0.0,0.0,0.0,0.0,0.0,1.7736995945760075e-05,0.0,0.0,0.0,0.0,0.0,-9.956593499825696e-12,0.0,0.0,2.2547512365013608e-10,0.0,0.0,0.0,0.0,0.0,0.0,0.0,3.399282691694232e-09,-0.021323339302560473,0.0,0.04151343205531315,-2.2745470095721355e-07,0.0
38,0.0,0.0,-2.5025363060242345e-14,0.0,0.0,0.0,0.0,0.0,-1.2172194647834939e-11,0.0,0.0,0.0,0.0,0.0,0.0,0.0,0.0,0.0,0.0,0.0,0.0,0.0,0.0,0.0,0.0,0.0,0.0,1.918225314200162e-05,0.0,0.0,0.0,0.0,0.0,0.0,0.0,0.0,0.0,0.0,0.0,0.0,0.0,0.0,-0.00023281217434029678,-6.111948892477866e-08,0.0,0.0,0.0,0.0,0.0,0.0,0.0,0.0,0.0,0.0,0.0,0.0,0.0,0.0,0.0,0.0,0.0,0.0,0.0,0.0,0.0,0.0,0.0,6.608494069979997e-13,0.0,0.0,0.0,0.0,0.0,0.0,-0.009731017903090536,0.0,0.0,0.0,0.0,0.0,0.0,0.0,0.0,8.842418640122155e-08,0.0,0.0,0.0,0.0,1.2018433299050062,0.0,0.0,0.0,0.0,0.0,-0.706705240930927,0.0,0.0,2.1870035544195576e-10,0.0,0.0,0.0,0.0,0.0,0.0,0.0,4.097992839569678e-05,0.0,3.5631497899210954e-05,0.0371291115599653,0.0,0.0
39,0.0,0.0,0.0,0.0,0.0,0.0,0.0,-2.4620875080542724e-15,0.0,0.0,0.0,0.0,0.0,0.0,0.0,0.0,0.0,0.0,0.0,0.0,-1.4213692179300321e-06,0.0,0.0,0.0,0.0,0.0,0.0,-1.4706815074113372e-12,0.0,0.0,0.0,0.0,0.0,0.0,0.0,0.0,0.0,0.0,0.0,0.0,9.220181811538074e-10,0.0,0.0,0.0,0.0,0.0,0.0,-3.2411940861764895e-08,0.0,0.0,0.0,0.00029208849025939073,0.0,0.0,0.0,0.0,0.0,0.0,0.0,0.0,0.0,0.0,0.0,0.0,0.0,0.0,-5.112982490767033e-23,0.0,0.0,0.0,0.0,-3.752686646629143e-08,0.0,0.0,1.144415034272053e-07,0.0,-9.70030307714951e-12,0.0,0.0,0.0,0.0,0.0,0.0,0.0,0.0,0.0,0.0,1.3166316416561966e-07,-0.0002915747137248226,0.0,0.0,0.0,0.0,0.0,0.0,0.0,0.0,0.0,0.0,0.0,0.00029763690673553203,0.0,0.0,0.0,0.0,-1.040399890247628e-08,0.7378821661171568,0.0,0.0,0.0,0.0
40,0.0,0.0,0.0,0.0,0.0,0.0,0.0,0.0,3.7940260679482164e-10,0.0,0.0,0.0,0.0,0.0,0.0,0.0,0.0,0.0,0.0,0.0,0.0,0.0,0.0,0.0,0.0,0.0,0.0,0.0,0.0,0.0,0.0,0.00039503972108437865,0.0,-9.784918420610562e-13,0.0,0.0,0.0,6.216630576394032e-10,0.0,0.0,0.0,0.0,0.0,0.0,0.0,0.0,-0.02464532334878544,0.0,0.0,0.0,0.0,0.0007021498779238749,0.0,0.0,0.0,0.0,0.0,0.0,0.0,0.0,0.0,0.0,0.0,0.0,9.478057045347862e-12,0.0,0.0,3.8776593313198297e-10,0.0,0.0,0.0,0.0,0.0,0.0,0.0,0.0,0.006531480530158813,0.0,0.0,0.0,0.0,0.0,0.0,0.0,0.0,0.0,0.0,0.0,3.2855006792813036e-06,0.0,0.0,0.0,0.0,-2.0580208452227095e-09,0.0,0.0,0.0,0.0,0.0,0.0,0.0,6.375897340014416e-08,0.0,0.0,0.0,0.0,0.8435435998450951,0.0,0.0,0.0,0.0
41,0.0,0.0,0.0,0.0,0.0,0.0,0.0,0.0,0.0,0.0,0.0,0.0,0.0,0.0,0.0,0.0,0.0,0.0,0.0,0.0,0.0,0.0,0.0,0.0,0.0,0.0,0.0,-6.200886357893109e-07,0.0,0.0,0.0,0.0004049296133706085,0.0,0.0,0.0,0.0,1.1523520133032289e-08,0.0,0.0,0.0,-1.1858920855924518e-08,0.0,0.0,0.0,0.0,0.0,0.0,0.0,0.0,0.0,0.0,0.0,0.0,0.0,0.0,0.0,0.0,0.0,0.0,0.0,0.0,0.0,0.0,0.0,0.0,0.0,0.0,8.635663266822023e-10,0.0,0.0,2.4762588417979757e-19,2.6618100296195046e-11,0.0,0.0,0.0,0.0,0.0,0.0,0.0,0.0,0.0,-1.4078823614983265e-08,0.0,-1.376396064099841e-14,0.0,0.0,0.0,0.0,0.0,0.0,0.0,0.0,0.0,-9.386304419976937e-10,0.0,0.0,0.0,0.0,0.0,0.0,0.0,0.0,0.0,0.0,0.0,-1.8763622864399532e-11,0.0,0.0,0.04834711748591924,-7.754053418722239e-09,0.0
42,0.0,0.0,0.0,0.0,0.0,0.0,0.0,0.0,-1.2436602291575677e-11,0.0,0.0,-7.105776213506399e-10,0.0,0.0,0.0,0.0,0.0,0.0,0.0,0.0,0.0,0.0,0.0,0.0,0.0,0.0,1.4594628307604278e-07,0.0,0.0,0.0,0.0,0.0,0.0,0.0,0.0,0.0,0.0,0.0,1.5433274856497966e-14,0.0,0.0,1.9161084141715756e-11,0.0,-6.107129663703486e-08,0.0,0.0,0.0,0.0,0.0,0.0,0.0,0.00027385719528796756,-1.8724163746321033e-07,0.0,0.0,0.0,0.0,0.0,0.0,0.0,0.0,0.0,0.0,0.0,0.0,0.0,0.0,0.0,0.0,0.0,0.0,0.0,0.0,0.0,0.0,2.173145432536592e-11,0.0,0.0,1.6934153225422356e-13,0.0,0.0,0.0,0.0,-6.3791253805128145e-12,-5.289151777852832e-06,0.0,0.0,0.0,0.0022236349819274677,0.0,0.0,0.0,0.0,-1.6477233094591566e-05,0.0,0.0,0.0,2.2682316302633957e-10,0.0,-4.899763759848032e-08,0.0,0.0,0.0,0.0,0.0,0.0,0.1618669748413799,0.07337765597632602,0.04068503874231322,-8.05070065244893e-08,0.0
43,0.0,-1.447766162644433e-15,0.0,0.0,0.0,0.0,0.0,4.2304550419652974e-08,0.0,0.0,0.0,-8.543605399443165e-11,0.0,0.0,0.0,-3.829448322925485e-06,0.0,0.0,0.0,0.0,0.0,0.0,0.0,0.0,0.0,0.0,0.0,-3.1020561249715713e-06,0.0,0.0,0.0,0.0,0.0,0.0,0.0,0.0,0.0,0.0,0.0,0.0,0.0,0.0,0.0,-2.745734249122792e-14,0.0,0.0,0.0,1.133690098233238e-12,0.0,0.0,0.0,-5.5526923451416677e-05,0.0,0.0,0.0,0.0,0.0,0.0,0.0,-2.5890648201408824e-11,0.0,0.0,0.0,0.0,0.0,0.0,0.0,0.0,0.0,0.0,2.640108246476341e-15,0.0,0.0,0.0,0.0,0.0,0.0,0.0,0.0,0.0,0.0,0.0,0.0,0.0,0.0,0.0,0.6781589220004351,0.0,-4.2600645815772664e-05,0.0,0.0,0.0,-1.1105060325682872e-07,1.1569369290493425e-06,0.0,0.0,0.0,6.551471757426112e-10,0.0,-5.2584798511103465e-08,-1.1380401070680353e-12,0.0,0.0,0.0,0.0,0.0,0.7285367341146285,-0.002703578225487127,-1.5189189956438254e-05,-3.82939163048572e-08,0.0
44,0.0,0.0,0.0,0.0,0.0,0.0,0.0,4.009596437122942e-12,0.0,0.0,0.0,0.0,0.0,0.0,0.0,0.0,0.0,0.0,0.0,0.0,0.0,0.0,0.0,0.0,0.0,7.280806167245572e-11,0.0,0.0,0.0,0.0,0.0,0.0,0.0,0.0,0.0,0.0,0.0,-5.70399850683984e-14,0.0,0.0,-1.6093542495862655e-11,4.2903203388321195e-14,0.0,2.0454548704672118e-07,0.0,0.0,-0.9780734924857735,3.2101737722203137e-17,0.0,0.0,0.0,0.0009142207863472688,0.0,0.0,0.0,0.0,0.0,0.0,-0.0009212595514543006,1.9018243174626384e-20,0.0,0.0,0.0,0.0,-6.545592906334672e-08,1.5729004203372868e-22,0.0,0.0,0.0,0.0,-1.2748591550333017e-14,0.0,0.0,0.0,0.0,0.0,0.6125996648428373,0.0,0.0,0.0,0.0,0.0,0.0,0.0,0.0,0.0,0.0,0.0,0.0,0.0,0.0,0.0,0.0,0.0,1.080853890181199e-17,0.0,0.0,0.0,0.0,0.0,0.0,-3.796076955166295e-08,0.0,0.0,0.0,0.0,0.7482427742444604,0.0,0.0,0.0,0.0
45,0.0,0.0,0.0,0.0,4.766886746557756e-11,0.0,0.0,2.931856347047937e-10,0.0,0.0,0.0,0.0,5.413454842888751e-08,0.0,0.0,0.0,0.0,0.0,0.0,0.0,0.0,0.0,0.0,0.0,0.0,0.0,0.0,0.0,0.0,0.0,0.0,0.0,0.0,0.0,0.0,0.0,4.338278006103813e-08,3.8003930679846914e-07,0.0,0.0,0.0014970401350263265,0.0,-5.969508167826987e-12,2.447020771191132e-15,0.0,0.0,0.00010775884356689636,-1.1446493523776916e-13,2.7356499361370546e-06,0.0,0.0,0.0034889467032623855,1.520959647982255e-17,0.0,0.0,0.0,-1.2099166318205224e-05,0.0,2.3741293888193893e-05,0.0,-9.111518574666296e-06,0.0,1.6525658926600776e-12,0.0,0.0,0.0,0.0,-2.4066482454323806e-11,0.0,0.0,9.107831987916485e-17,0.0,0.0,0.0,0.0,0.0,0.0,0.0,0.0,0.0,0.0,0.0,0.0,0.0,0.0,0.0,0.0,0.0,0.0,0.0,0.0,0.0,0.0,0.0,0.0,0.0,0.0,0.0,0.0,-1.7930386991366412e-11,0.0,0.0,0.0,0.0,6.2021584806300195e-06,0.0,0.0,-2.177103188352465e-06,0.037040974578199076,0.3619005612343905,0.0
46,0.0,0.0,0.0,0.0,0.0,0.0,0.0,0.0,0.0,0.0,0.0,-7.113336283077164e-10,5.5264247419530886e-08,0.0,0.0,0.0,0.0,0.0,0.0,0.0,0.0,0.0,0.0,0.0,0.0,0.0,0.0,0.0,0.0,0.0,0.0,0.0,0.0,0.0,0.0,0.0,0.0,0.0,0.0,0.0,0.0,0.0,-5.751685148822547e-12,-6.194098034919332e-08,0.0,0.0,0.0,0.0,0.0,0.0,0.0,0.0002738571952879674,-1.7364042057654542e-07,0.0,0.0,0.0,0.0,0.0,0.0,0.0,0.0,0.0,1.900037882734685e-14,0.0,0.0,0.0,0.0,0.0,0.0,0.0,0.0,0.0,0.0,0.0,0.0,0.0,0.000837141734408863,0.0,0.0,0.0,0.0,0.0,0.0,0.0,-5.300184577697094e-06,0.0,0.0,0.0,0.0,0.0,0.0,0.0,0.0,1.20806176970367e-07,0.0,0.0,0.0,2.2682316302633957e-10,0.0,-1.1912631743393665e-09,0.0,0.0,0.0,0.0,0.0,0.0,0.16186697484137996,-0.004659539297278449,0.0,-8.506497628513188e-08,0.0
47,0.0,0.0,0.0,0.0,0.0,0.0,0.0,-2.5116361795314377e-15,0.0,0.0,0.0,0.0,0.0,0.0,0.0,0.0,0.0,0.0,0.0,0.0,0.0,0.0,0.0,0.0,0.0,0.0,0.0,0.0,0.0,0.0,0.0,0.0,0.0,-8.949827194132818e-08,0.0,0.0,0.0,0.0,0.0,0.0,6.685573190843728e-06,0.0,0.0,0.0,0.0,0.0,0.0,-3.0825664089815734e-08,0.0,0.0,0.0,0.0,0.0,0.0,1.1875769882779948e-07,0.0,0.0,0.0,0.0,0.0,0.0,0.0,0.0,0.0,0.0,0.0,0.0,0.0,0.0,0.0,0.0,0.0,0.0,0.0,3.902520511330845e-09,1.7787043910078537e-10,6.610695592239052e-12,0.0,0.0,0.0,0.0,0.0,0.0,0.0,0.0,0.0,0.0,0.00929812574563188,0.0,0.0,0.0,0.0,0.0,5.011855568179095e-07,0.0,0.0,0.0,0.0,0.0,-4.6340305736273514e-09,-1.3291807607057745e-05,0.0,0.0,0.0,0.0,-4.3064462515986123e-11,0.02492499608283305,0.0634726858392054,0.041159258690260096,0.0,0.0
48,0.0,0.0,0.0,0.0,0.0,0.0,0.0,0.0,0.0,0.0,0.0,0.0,0.0,0.0,0.0,0.0,0.0,0.0,0.0,0.0,0.0,0.0,0.0,0.0,0.0,5.867434136593716e-09,0.0,6.262711370453118e-08,0.0,0.0,0.0,0.0,-3.00881847213048e-11,0.0,0.0,-3.89899862036297e-08,0.0,-6.12723559791708e-16,0.0,0.0,0.0,0.0,0.0,0.0,0.0,0.0,0.0,4.601938346822989e-15,0.0,0.0,0.0,0.0008952274307610602,0.0,0.0,0.0,0.0,0.0,0.0,-0.0009510171252307298,0.0,-4.777399638188026e-07,0.0,0.0,0.0,3.1423102302204073e-10,0.0,0.0,0.0,0.0,0.0,0.0,0.0,0.0,0.0,0.0,0.0,0.0,0.0,0.0,0.0,0.0,0.0,0.0,0.0,0.0,1.7898668035468762e-09,8.954709100975744e-09,0.0,0.0,0.0,0.0,0.0,0.0,0.0,1.1629076838587065e-17,1.0834204476517317e-07,0.0,0.0,0.0,0.0,0.0,0.0,0.0,0.0,-7.533680784196945e-13,1.7158904540643083e-06,0.4437942531784822,0.06791839352811996,0.0,0.0,0.0
49,0.0,0.0,0.0,0.0,0.0,0.0,0.0,0.0,0.0,0.0,0.0,0.0,-9.883535610008392e-08,0.0,0.0,0.0,0.0,0.0,0.0,-8.173632655677349e-07,0.0,0.0,0.0,0.0,0.0,0.0,0.0,0.0,0.0,0.0,0.0,0.0,0.0,0.0,0.0,0.0,3.461538291725704e-18,0.0,0.0,0.0,9.270381952049874e-10,0.0,0.0,0.0,0.0,0.0,-0.59899999008887,0.0,0.0,0.0,0.0,0.0007928494448798054,0.0,0.0,0.0,0.0,0.0,0.0,0.0,0.0,0.0,0.0,0.0,0.0,0.0,0.0,0.0,0.0,0.0,0.0,0.0,0.0,0.0,0.0,0.0,0.0,0.0,0.0,-3.576602243361048e-07,0.0,0.0,0.0,0.0,0.0,-0.011669108627776967,1.53348325618881e-13,0.0,-9.572001699565628e-19,0.0,0.0,0.0,0.0,0.006060919851801742,0.0,0.0,0.0,0.0,0.0,0.0,0.0,0.0,0.0,0.0,0.0,0.0,0.0,0.8896431146857926,0.0,0.0,0.0,0.0
50,0.0,0.0,0.0,0.0,0.0,0.0,0.0,0.0,-2.6075156726266997e-08,0.0,0.0,0.0,0.0,0.0,0.0,0.0,0.0,0.0,0.0,0.0,0.0,0.0,0.0,0.0,0.0,0.0,0.0,0.0,0.0,0.0,0.0,0.0,0.0,0.0,0.0,-6.779566798521555e-09,0.0,0.0,0.0,0.0,-3.0363221458827075e-07,0.0,0.0,0.0,0.0,0.0,0.0,0.0,0.0,0.0,0.0,0.0,0.0,0.0,0.0,0.0,-5.23649152764446e-10,0.0,0.0,0.0,0.0,0.0,0.0,0.0,0.0,0.0,-1.1439225060349477e-16,0.0,0.0,0.0,1.3024295269686936e-13,0.0,0.0,0.0,0.0,0.0,2.9010949012169746e-11,0.0,4.549489089103741e-10,0.0,0.0,0.0,0.0,0.0,0.0,0.0,0.0,0.0,0.0,0.0,0.0,0.0,0.0,0.0,0.0,0.0,0.0,0.0,0.0,0.0,0.0,0.0,0.0,0.0,0.0,-1.8249753339250877e-07,0.0,0.0,0.0,-4.6161168037891694e-09,0.0
51,0.0,0.0,0.0,0.0,0.0,0.0,0.0,0.0,0.0,0.0,0.0,0.0,0.0,0.0,0.0,0.0,0.0,0.0,0.0,0.0,0.0,0.0,0.0,0.0,0.0,5.867434136593716e-09,0.0,0.0,0.0,0.0,0.0,0.0,-3.00881847213048e-11,0.0,0.0,-3.926734245664635e-08,0.0,-1.0104241958119862e-12,0.0,0.0,0.0,0.0,0.0,0.0,0.0,0.0,0.0,-4.291547542432204e-14,0.0,0.0,0.0,0.0009086230533597939,0.0,0.0,0.0,0.0,0.0,0.0,-0.0009510171252307298,0.0,-4.777399638188026e-07,0.0,0.0,0.0,3.1423102302204073e-10,0.0,0.0,0.0,0.0,0.0,0.0,0.0,0.0,0.0,0.0,0.0,0.0,0.0,0.0,2.7420122644880126e-09,0.0,0.15987232078515,0.0,1.2325472035817849e-06,0.0,0.0,8.954709100975744e-09,0.0,0.0,0.0,0.0,0.0,0.0,0.0,1.0740078351997623e-17,1.0813059010244681e-07,0.0,0.0,0.0,0.0,4.735761951557482e-06,0.0,0.0,0.0,-5.275156538289003e-11,1.7629542814827425e-06,0.4437942531784822,0.0,0.0,2.021502663929344e-05,0.0
52,0.0,0.0,0.0,0.0,0.0,0.0,0.0,0.0,0.0,0.0,0.0,0.0,0.0,0.0,0.0,0.0,0.0,0.0,3.745632458176359e-17,0.0,0.0,0.0,0.0,0.0,0.0,0.0,0.0,-6.040189954034454e-07,0.0,0.0,0.0,0.0,0.0,-8.914839668101653e-11,0.0,0.0,0.0,0.0,0.0,0.0,-1.3504482608945394e-08,0.0,0.0,0.0,0.0,0.0,0.0,0.0,0.0,0.0,0.0,0.0,0.0,0.0,0.0,0.0,-3.27037880098282e-08,0.0,0.0,0.0,0.0,0.0,0.0,0.0,0.0,0.0,0.0,0.0,0.0,0.0,0.0,-2.2520214716284374e-08,0.0,0.0,0.0,0.0,0.0,0.0,0.0,0.0,0.0,0.0,0.0,0.0,0.0,0.0,0.0,0.0,8.658403138039946e-08,0.0,0.0,0.0,1.5393446873515855e-11,-3.250951136662028e-07,0.0,0.0,0.0,0.0,0.0,0.0,0.0,0.0,0.0,0.0,0.0,3.399282691694232e-09,0.009571696037343909,0.0,0.04834711748591924,-2.349459625182915e-07,0.0
53,0.0,0.0,0.0,0.0,0.0,0.0,0.0,0.0,0.0,0.0,0.0,0.0,0.0,0.0,0.0,2.4861235436938393e-09,0.0,0.0,0.0,0.0,-1.375584222767841e-06,0.0,0.0,0.0,0.0,0.0,0.0,0.0,0.0,0.0,0.0,0.0,-5.701003788683908e-10,2.189398265431709e-09,0.0,4.4449463137107227e-08,0.0,0.0,-1.6477677219988747e-24,0.0,0.0,0.0,0.0,0.0,0.0,0.0,0.0,0.0,0.0,0.0,0.0,0.0002920884902595233,0.0,0.0,0.0,0.0,-1.2247128994344326e-05,0.0,0.0,0.0,0.0,0.0,0.0,0.0,0.0,0.0,0.0,0.0,0.0,0.0,0.0,0.0,0.0,0.0,0.0,0.0,0.0,0.0,0.0,0.0,0.0,0.0006085211572814495,0.0,4.1112481841118197e-10,0.0,0.0,0.0,1.324706833260136e-07,0.1323531336107086,0.0,0.0,0.0,0.0,0.0,0.0,0.0,0.0,0.0,0.0,0.0,0.0,0.0,0.0,0.0,-2.684256888533606e-09,0.0,0.7205309608816843,0.0,0.0,0.0,0.0
54,0.0,0.0,0.0,0.0,0.0,0.0,0.0,0.0,0.0,0.0,0.0,0.0,0.0,0.0,0.0,0.0,0.0,0.0,-0.0005480427844750738,0.0,-1.0048996252631881e-10,0.0,0.0,0.0,0.0,0.0,0.0,0.0,0.0,0.0,0.0,0.0,0.0,0.0,0.0,0.0,2.351185851823535e-12,0.0,0.0,0.0,0.0,0.0,0.0,0.0,0.0,0.0,-0.06400209200680657,0.0,0.0,0.0,0.0,0.0003266493510269519,-1.6573324578434783e-07,0.0,0.0,0.0,0.0,0.0,0.0,0.0,0.0,0.0,0.0,0.0,9.712320847085014e-12,0.0,-1.0499244648582532e-18,2.7794960763886783e-11,0.0,0.0,0.0,0.0,0.0,0.0,1.0728400952026834e-07,2.796468810345945e-15,0.0,0.0,-1.4807271324806177e-15,0.0,0.0,0.0,0.0,-1.1301746788473977e-11,0.0,0.0,0.0,0.0,6.931179446958546e-09,0.0,0.0,0.0,0.0,1.207164288871946e-06,0.0,0.0,0.0,0.0,0.0,0.0,0.0,6.04584704549594e-08,0.0,0.0,-0.020890151291216075,-6.103733404469426e-09,0.17376386782063558,0.0,0.0,0.0,0.0
55,0.0,0.0,0.0,0.0,0.0,0.0,0.0,0.0,0.0,0.0,0.0,0.0,0.0,0.0,0.0,0.0,0.0,0.0,0.0,0.0,0.0,0.0,0.0,0.0,0.0,0.0,0.0,0.0,0.0,0.0,0.0,0.0,0.0,0.0,0.0,4.874614452348556e-06,0.0,0.0,0.0,0.0,6.730422281651495e-06,0.0,0.0,0.0,0.0,0.0,0.0,0.0,0.0,0.0,0.0,0.0,0.0,0.0,-1.5034302153165876e-05,0.0,0.0,0.0,0.0,0.0,-2.9432690415724267e-10,0.0,0.0,0.0,0.0,0.0,1.0573869668652656e-14,0.0,0.0,0.0,0.0,0.0,0.0,0.0,0.0,0.0,0.0,0.0,0.0,0.0,0.0,0.0,0.0,0.0,0.0,1.3474241483080558e-10,0.0,0.0,0.0,0.0,0.0,0.0,-1.4951074519706594e-07,-1.728292571579417e-05,0.0,0.0,0.0,0.0,0.0,0.0,0.0,-1.1304995500231792e-08,0.0,0.0,0.0,0.0,0.01602797186481969,0.0,0.0012055499882822063,0.0,0.0
56,-0.00040131682262906847,0.0,0.0,0.0,0.0,0.0,0.0,0.0,-1.572110483570599e-09,0.0,0.0,0.0,0.0,0.0,0.0,0.0,0.0,0.0,0.0,0.0,0.0,3.200302062757769e-07,0.0,0.0,0.0,0.0,0.0,0.0,0.0,0.0,0.0,0.0,0.0,2.631277525863016e-12,0.0,0.0,0.0,3.79512706528377e-13,0.0,0.0,0.0,0.0,0.0,0.0,0.0,0.0,0.0,4.354595028139311e-14,0.0,0.0,0.0,0.0,6.550693048455408e-08,0.0,0.0,0.0,3.413405488218072e-07,0.0,0.0,0.0,0.0,0.0,0.0,0.0,0.0,0.0,9.552055647821196e-13,0.0,0.0,0.0,0.0,0.0,0.0,0.0,0.0,0.0,-0.0011657001095133203,0.0,0.0,0.0,0.0,0.0,0.0,0.0,0.0,0.0,0.0,-3.8051706742823213e-06,1.1996449302113907,0.0,0.0,0.0,5.3330359582472894e-08,0.0,0.0,0.0,0.0,0.0,0.0,0.0,0.0,0.0,0.0,0.0,0.0,0.0,0.0,2.4656075508974537e-06,0.03532701847124278,0.0,0.0
57,0.0,0.0,0.0,0.0,0.0,0.0,0.0,4.009596437122942e-12,2.219534694914686e-10,0.0,0.0,0.0,0.0,0.0,0.0,0.0,-2.4814636806981387e-18,0.0,0.0,0.0,0.0,0.0,0.0,0.0,0.0,0.0,0.0,0.0,0.0,0.0,0.0,0.0,0.0,0.0,0.0,0.0,0.0,0.0,0.0,0.0,9.611605890548907e-10,2.2841095442380527e-12,0.0,2.0454548704672118e-07,0.0,0.0,-0.9780734924857735,3.210173772220575e-17,0.0,0.0,0.0,0.000593703293229493,0.0,0.0,0.0,0.0,0.0,0.0,0.0,1.534140160482131e-17,0.0,0.0,0.0,0.0,-6.545592906334672e-08,1.570756070707816e-22,0.0,0.0,0.0,0.0,0.0,0.0,0.0,0.0,0.0,4.5317599665748544e-18,0.6125996648428373,0.0,0.0,0.0,0.0,0.0,0.0,0.0,0.0,0.0,0.0,0.0,0.0,0.0,0.0,0.0,0.0,0.0,0.0,0.0,0.0,6.24489674938917e-16,0.0,0.0,0.0,-3.821986619605605e-08,0.0,0.0,0.0,0.0,0.8879240821271862,0.0,0.0,4.380811035112342e-14,0.0
58,0.0,0.0,0.0,0.0,0.0,0.0,0.0,-3.023739275021237e-10,-1.2436602291575677e-11,0.0,0.0,-7.105776213506399e-10,0.0,0.0,0.0,0.0,0.0,0.0,0.0,0.0,0.0,0.0,0.0,0.0,0.0,0.0,1.4594628307604278e-07,0.0,0.0,0.0,0.0,0.0,0.0,0.0,0.0,0.0,0.0,0.0,0.0,0.0,0.0,3.265066478408551e-13,1.3167574976332048e-07,0.0,0.0,0.0,0.0,1.2158807091838627e-12,0.0,0.0,0.0,0.00027713089742526116,0.0,0.0,0.0,0.0,0.0,0.0,0.0,0.0,0.0,0.0,0.0,0.0,0.0,0.0,0.0,0.0,0.0,0.0,0.0,0.0,0.0,0.0,0.0,2.173145432536592e-11,0.0,0.0,1.6934153223831325e-13,0.0,0.0,0.0,0.0,0.0,-5.289151777852832e-06,0.0,0.0,0.0,0.0022236349819274677,0.0,0.0,0.0,0.0,6.347293034121875e-07,2.5591761652227693e-10,0.0,0.0,2.2682316302633957e-10,0.0,-4.8863640450753305e-08,0.0,0.0,0.0,0.0,0.0,0.0,0.7707755300243677,0.0,0.04068503874231322,0.0,0.0
59,0.0,0.0,0.0,0.0,2.626966473714294,0.0,0.0,0.0,0.0,0.0,0.0,0.0,0.0,0.0,0.0,0.0,0.0,0.0,0.0,0.0,0.0,0.0,0.0,0.0,-1.2713184417825329e-11,0.0,0.0,0.00016907412877942946,0.0,0.0,0.0,0.0,0.0,0.0,0.0,-4.4499149063492966e-13,0.0,0.0,0.0,0.0,1.0500125518109887e-07,0.0,0.0,0.0,0.0,0.0,0.0,1.191943286866646e-12,0.0,0.0,0.0,0.0,0.0,0.0,0.0,0.0,0.0,0.0,0.0,0.0,0.0,0.0,0.0,0.0,0.0,0.0,0.0,0.0,0.0,0.0,0.014449244754438872,0.0,0.0,0.007057743309686875,0.0,0.0,0.0,0.0,0.0,2.5646922157090363e-09,0.0,-4.2564731415984505e-06,0.0,0.0,0.0,0.0,0.0,0.0,1.2043821120824025,0.0,0.0,0.0,0.006350384416023015,0.0,0.0,0.0,5.056639972389208e-09,-2.1100069666344523e-11,0.0,0.0,0.0,-5.225265212329547e-06,0.0,0.0,-7.42624324806887e-07,0.0,-0.016231255145211676,2.7948559919244978e-06,0.03489634404859059,0.0,0.0
60,0.0,0.0,0.0,0.0,0.0,0.0,-7.997962768031224e-19,0.0,0.0,0.0,0.0,-5.708294146306024e-16,0.0,0.0,0.0,0.0,0.0,0.0,0.0,0.0,0.0,0.0,0.0,0.0,0.0,0.0,0.0,0.0,0.0,0.0,0.0,0.0,0.0,-8.914839668609873e-11,0.0,0.0,0.0,0.0,0.0,0.0,0.0,0.0,0.0,0.0,0.0,0.0,0.0,0.0,0.0,0.0,0.0,0.0,0.0,0.0,0.0,0.0,0.0,0.0,0.0,0.0,0.0,0.0,0.0,0.0,1.3164569508504865e-11,0.0,0.0,0.0,0.0,0.0,0.0,0.0,0.0,0.0,0.0,0.0,0.0,0.0,0.0,2.4901842144515876e-09,0.0,-4.467380583948549e-09,0.0,-1.3930198869863594e-14,0.0,0.0,0.0,0.0,0.0,0.0,0.0,0.0,0.0,0.0,0.0,2.419820643939986e-06,0.0,0.0,0.0,0.0,0.0,0.0,0.0,0.0,0.0,3.998338692116462e-05,0.0,0.0,0.04135513024219761,-3.32955614361324e-09,0.0
61,0.0,0.0,0.0,0.0,0.0,0.0,0.0,0.0,0.0,0.0,0.0,0.0,3.878543295030298e-09,0.0,0.0,0.0,0.0,0.0,-1.5194293245685926e-11,0.0,0.0,0.0,0.0,0.0,0.0,0.0,0.0,0.0,0.0,0.0,0.0,0.0,0.0,0.0,0.0,0.0,0.0,0.0,0.0,0.0,1.0840016403700945e-07,0.0,0.0,0.0,0.0,0.0,0.0,0.0,0.0,0.0,0.0,0.0,0.0,0.0,0.0,0.0,0.0,0.0,0.0,0.0,0.0,0.0,0.0,0.0,4.885394493752792e-10,0.0,0.0,0.0,0.0,0.0,0.0,0.0,0.0,0.0,0.0,0.0,0.0,0.0,0.0,0.0,0.0,0.0,0.0,0.0,0.0,1.0646497162513742e-11,0.0,0.0,0.0,0.0,0.0,0.0,0.0,0.0,0.0,0.0,0.0,-2.1306548665934537e-11,0.0,0.0,0.0,0.0,3.8568518830150754e-07,0.0,-1.2017088080185296e-10,-4.290707623677178e-09,0.0,0.0,0.03733331114428409,0.0,0.0
62,0.0,0.0,0.0,0.0,0.0,0.0,0.0,4.2380041653478735e-08,0.0,0.0,0.0,0.0,0.0,0.0,0.0,0.0,0.0,0.0,0.0,0.0,0.0,0.0,0.0,1.0912915726333888e-07,0.0,0.0,0.0,6.030837592133599e-06,0.0,0.0,0.0,0.0,0.0,0.0,0.0,7.065345725931883e-11,0.0,0.0,0.0,0.0,0.0015266664058986071,-1.4120117541539242e-07,0.0,0.0,0.0,0.0,0.0,1.133690098233238e-12,0.0,0.0,0.0,0.0007426040994455226,0.0,0.0,0.0,0.0,0.0,0.0,0.0,0.0,0.0,0.0,0.0,0.0,0.0,0.0,0.0,0.0,0.0,0.0,0.0,-0.5816307973567403,0.0,0.0,0.0,0.0,0.0,0.0,-3.945297917788483e-07,0.0,0.0,0.0,0.0,0.0,0.0,2.2642412356221127e-05,0.0,0.0,-0.04305081044585296,0.0,0.0,0.0,0.0,0.0,2.488974849967071e-10,0.0,0.0,6.837227535918776e-10,0.0,-5.2584798511103465e-08,-1.1380393155624446e-12,0.0,0.0,0.0,0.0,5.2313173592497157e-11,0.8038716778566601,0.0,0.0,8.500646366509971e-07,0.0
63,0.0,0.0,0.0,0.0,0.0,0.0,0.0,0.0,0.0,0.0,0.0,-8.787665057762645e-11,0.0,0.0,0.0,1.3614850237761092e-07,0.0,0.0,0.0,0.0,0.0,0.0,0.0,1.0987950783344298e-07,0.0,0.0,0.0,-3.341758350090036e-06,0.0,0.0,0.0,0.0,0.0,0.0,0.0,0.0,0.0,0.0,0.0,0.0,0.0,0.0,0.0,-2.745734249122792e-14,0.0,0.0,0.0,0.0,0.0,0.0,0.0,0.0,0.0,0.0,0.0,0.0,0.0,0.0,0.0,-2.5890648201408824e-11,0.0,0.0,0.0,0.0,0.0,0.0,0.0,0.0,0.0,0.0,2.640108246476341e-15,0.022367118546700482,0.0,0.0,0.0,0.0,0.0,0.0,0.0,0.0,0.0,0.0,0.0,0.0,0.0,0.0,0.010113583169844897,0.0,5.887683896180912e-05,0.0,0.0,0.0,-1.1105060325682872e-07,1.7091845263129063e-09,0.0,0.0,0.0,6.551471757426112e-10,0.0,-5.2584798511103465e-08,-1.1380393275418512e-12,0.0,0.0,0.0,0.0,0.0,0.7304103232655133,2.3393117197999377e-05,0.0,0.0,0.0
64,0.0,0.0,-3.109649562626158e-20,0.0,0.0,0.0,4.520562000083646e-17,0.0,0.0,0.0,0.0,0.0,0.0,-1.5225748919704915e-07,0.0,-8.788266048796295e-10,0.0,0.0,0.0,-2.2626426360755166e-07,0.0,0.0,0.0,0.0,0.0,0.0,0.0,0.0,0.0,0.0,0.0,0.0,0.0,-8.914839668609873e-11,0.0,0.0,0.0,0.0,-1.5118434451862315e-17,0.0,0.0,0.0,2.4399352896479072e-05,0.0,0.0,0.0,0.0,0.0,0.0,0.0,0.0,0.0,0.0,0.0,1.5150162599475345e-11,0.0,0.0,0.0,0.0,0.0,0.0,0.0,0.0,0.0,0.0,0.0,0.0,0.0,0.0,0.0,0.0,0.0,0.0,0.0,4.796525010713484e-13,7.918254317547106e-12,0.0,0.0,0.0,0.0,0.0,-1.0240245301249328e-07,0.0,1.4387105432427997e-10,0.0,-1.876097923680291e-14,0.0,0.0,0.0,0.0,0.0,0.0,-2.849092545731257e-09,-1.602882083297807e-07,0.0,2.1054610391599923e-11,0.0,0.0,0.0,0.0,0.0,0.0,0.0,0.0,0.0,0.0,0.0015985475795525506,0.06444293646942717,0.0,0.0,0.0
65,0.0,0.0,0.0,0.0,0.0,0.0,-2.9990373592558577e-20,0.0,0.0,0.0,0.0,3.4865622352854334e-14,0.0,0.0,0.0,0.0,0.0,0.0,0.0,0.0,0.0,0.0,0.0,0.0,0.0,0.0,0.0,0.0,0.0,0.0,0.0,0.0,0.0,0.0,0.0,0.0,-2.565564772131812e-10,0.0,0.0,0.0,3.9816876093133045e-12,0.0,0.0,0.0,0.0,0.0,0.0,0.0,0.0,0.0,0.0,0.0,0.0,0.0,0.0,0.0,0.0,0.0,0.0,0.0,0.0,0.0,0.0,0.0,1.331279519469091e-11,0.0,0.0,0.0,0.0,0.0,-1.2167202160710007e-17,0.0,0.0,0.0,0.0,1.9694075666616698e-10,1.6351686317565664e-14,0.0,0.0,0.0,0.0,0.0,0.0,-1.2980293212461183e-11,0.0,0.0,0.0,1.3302168403591513e-07,0.0,0.0,0.0,0.0,0.0,0.0,0.0,-2.781620098738289e-09,0.0,0.0,0.0,0.0,0.0,-1.6773539655286218e-08,0.0,0.0,0.0,0.0,0.0,0.0,0.038905623249578566,-2.307547755498295e-05,0.0
66,0.0,0.0,0.0,0.0,0.0,0.0,0.0,-8.115486847960623e-13,0.0,0.0,0.0,0.0,0.0,0.0,2.4137432195957517e-09,-2.4386421020014948e-08,1.326983672293181e-13,0.0,0.0,0.0,0.0,0.0,0.0,0.0,0.0,-2.0544960165533812e-16,0.0,0.0,0.0,0.0,0.0,0.0,0.0,0.0,0.0,0.0,0.0,1.1787497777784034e-13,0.0,0.0,0.0,0.0,0.0,3.01961185578888e-09,0.0,0.0,-0.6070643129609778,0.0,0.0,0.0,0.0,0.0002738511983674252,0.0,0.0,0.0,0.0,-1.9409098690399135e-10,0.0,0.0,0.0,0.0,0.0,0.0,0.0,0.0,0.0,0.0,0.0,0.0,0.0,0.0,0.0,0.0,0.0,0.0,6.14355488429533e-10,0.0,0.0,0.0,0.0,-0.12307806280785538,0.15157704283108192,0.0,0.0,0.0012114218925671667,4.150898318289485e-06,0.0,-2.7601362809934243e-07,-0.0004230871148685877,0.0,0.0,0.0,0.0,0.0,0.0,0.0,0.0,-2.699054916102684e-11,0.0,0.0,0.0,0.0,0.0,0.0,0.0,0.0,0.1873991535436395,0.002217394951586257,0.0,0.0,0.0
67,0.0,0.0,0.0,0.0,0.0,0.0,0.0,0.0,0.0,0.0,0.0,-2.4860626547758657e-12,0.0,0.0,0.0,-3.9163126801002696e-06,0.0,0.0,0.0,0.0,0.0,0.0,0.0,0.0,0.0,0.0,-4.444678294007072e-12,0.0,0.0,0.0,0.0,0.0,0.0,0.0,0.0,0.0,0.0,0.0,0.0,0.0,0.0,0.0,0.0,-3.211004848644267e-16,0.0,0.0,0.0,0.0,0.0,0.0,0.0,0.0,0.0,0.0,0.0,0.0,3.380576558547762e-07,0.0,0.0,7.058178738855166e-14,0.0,0.0,0.0,0.0,0.0,0.0,0.0,0.0,0.0,0.0,0.0,0.0,0.0,0.0,0.0,0.0,0.0,0.0,0.0,0.0,0.0,0.0,0.0,0.0,0.0,0.0,0.0,0.0,7.979024277361005e-08,0.0,0.0,0.0,-1.0982262557567286e-07,0.0,0.0,0.0,0.0,0.0,0.0,3.5213326902660437e-09,0.0,0.0,0.0,0.0,0.0,0.0,0.0003892954935182935,0.0005507920394802329,4.101381492848969e-07,0.0,0.0
68,0.0,0.0,0.0,0.0,0.0,0.0,0.0,0.0,0.0,0.0,0.0,0.0,0.0,0.0,0.0,0.0,0.0,0.0,0.0,0.0,0.0,0.0,0.0,0.0,0.0,4.8115712332913356e-11,0.0,0.0,0.0,0.0,0.0,0.0,-3.040274056682294e-11,0.0,0.0,-3.926734245664635e-08,3.224274981724561e-08,-6.229386755801915e-15,0.0,0.0,0.0,0.0,0.0,0.0,0.0,0.0,0.0,-4.350090314645661e-14,0.0,0.0,0.0,0.0009086230533597939,0.0,0.0,0.0,0.0,0.0,0.0,-0.0009510171252307298,0.0,-4.777399638188026e-07,0.0,0.0,0.0,3.1423102302204073e-10,0.0,0.0,0.0,0.0,0.0,0.0,0.0,0.0,0.0,0.0,0.0,0.0,0.0,0.0,2.7420122644880126e-09,0.0,0.15615038682551127,0.0,1.2892369496148853e-06,0.0,0.0,8.900162327374514e-09,0.0,0.0,0.0,0.0,0.0,0.0,0.0,0.0,1.0813059010244681e-07,0.0,0.0,0.0,0.0,0.0,0.0,0.0,0.0,-5.275156538289003e-11,0.0,0.4437942531784822,0.0,0.0,2.021502663929344e-05,0.0
69,0.0,0.0,0.0,0.0,0.0,0.0,0.0,0.0,0.0,0.0,0.0,-1.0687830183225655e-12,0.0,0.0,0.0,-5.250233076018292e-08,0.0,0.0,0.0,0.0,0.0,0.0,0.0,0.0,0.0,0.0,0.0,0.0,0.0,0.0,0.0,0.0,0.0,0.0,0.0,0.0,0.0,0.0,0.0,0.0,0.0,0.0,0.0,0.0,0.0,0.0,0.0,0.0,0.0,0.0,0.0,0.0,0.0,0.0,0.0,0.0,0.0,0.0,0.0,0.0,0.0,0.0,0.0,0.0,0.0,0.0,2.586666444803108e-16,-2.0727664254139396e-14,0.0,0.0,0.0,0.0,0.0,0.0,0.0,0.0,0.0,0.0,1.6257094749210372e-13,0.0,0.0,0.0,0.0,0.0,0.0,1.7547220615468468e-09,0.0,0.0,0.0,0.0,0.0,0.0,-3.031016286911977e-09,-1.5615853011871294e-07,0.0,0.0,0.0,0.0,0.0,0.0,0.0,0.0,0.0,0.0,0.0,0.0,0.0,0.06578585542864834,0.0,4.067793881710632e-10,0.0
70,0.0,0.0,0.0,0.0,6.84932007472118e-09,0.0,0.0,0.0,-1.2171899468206581e-11,0.0,0.0,0.0,0.0,0.0,0.0,-2.438031815564456e-08,1.432611424747763e-13,0.0,0.0,0.0,0.0,0.0,0.0,0.0,0.0,0.0,1.524930698184763e-07,0.0,0.0,0.0,0.0,0.0,0.0,0.0,0.0,0.0,0.0,0.0,0.0,0.0,0.0,0.0,0.0,0.0,0.0,0.0,0.0,0.0,0.0,0.0,0.0,0.0007663536521344025,0.0,0.0,0.0,0.0,0.0,0.0,0.0,0.0,0.0,0.0,0.0,0.0,-9.372689932972861e-12,0.0,-1.7006491461983782e-16,0.0,0.0,0.0,0.0,-1.23292987294632e-06,0.0,0.0,0.0,6.320538571146527e-10,0.0,0.0,0.0,0.0,0.0,0.1499840258144291,0.0,0.0,0.0,-6.822795194102004e-08,0.0,6.695859458233292e-11,-0.021875455669068792,0.0,0.0,0.0,0.0,0.0,0.0,0.0,-0.003926498338946818,-1.2857474132562353e-13,0.0,-1.7120535905565265e-11,0.0,0.0,0.0,0.0,0.0,0.0,0.18739915354363945,0.0,0.0,0.0,0.0
71,0.0,0.0,0.0,0.0,0.0,0.0,0.0,-2.889383728686335e-15,6.6800771181256395e-12,0.0,0.0,0.0,0.0,0.0,0.0,0.0,0.0,0.0,0.0,0.0,0.0,0.0,0.0,0.0,0.0,0.0,0.0,0.0,0.0,0.0,0.0,0.0,0.0,0.0,0.0,0.0,-1.320720103600228e-14,0.0,0.0,0.0,9.611605890548907e-10,-2.3253544654355143e-14,0.0,2.066574874494739e-09,0.0,0.0,-0.9780734924857735,3.210173772220575e-17,0.0,0.0,0.0,0.00060107235377192,0.0,0.0,0.0,0.0,0.0,0.0,2.550828170804713e-05,0.0,0.0,0.0,0.0,0.0,-6.545592906334672e-08,-6.4256382288088904e-24,0.0,0.0,0.0,0.0,-1.3441105131329734e-14,1.4049886660395104e-07,0.0,0.0,0.0,0.0,0.6102556034902933,0.0,0.0,0.0,0.0,0.0,0.0,0.0,0.0,0.0,0.0,-8.62624188972304e-19,0.0,0.0,0.0,0.0,0.0,0.0,0.0,0.0,0.0,2.448137246465165e-14,0.0,0.0,0.0,0.0,0.0,0.0,0.0,0.0,0.7482427742444604,0.07436073178547226,0.03865029626319137,-1.4778585525674576e-16,0.0
72,0.0,0.0,0.0,0.0,0.0,0.0,0.0,0.0,1.273017050566434e-09,0.0,0.0,0.0,0.0,0.0,0.0,0.0,0.0,0.0,2.981184221333088e-15,0.0001773497198996679,0.0,0.0,0.0,0.0,0.0,0.0,0.0,-1.499212505944721e-12,0.0,0.0,0.0,0.0,0.0,0.0,0.0,0.0,0.0,0.0,1.9650799719383387e-14,0.0,0.0,0.0,0.0,0.0,0.0,0.0,0.0,0.0,0.0,0.0,0.0,0.0,0.0,0.0,2.4639027315996313e-09,0.0,-3.2174227695628644e-08,0.0,0.0,0.0,0.0,0.0,0.0,0.0,0.0,0.0,0.0,0.0,0.0,0.0,0.0,0.0,0.0,0.0,-5.867553302460844e-10,1.8080367136776087e-10,-2.116799197962634e-09,0.0,0.0,0.0,0.0,0.0,0.0,0.0,0.0,0.0,0.0,0.0,0.0,0.0,0.0,0.0,3.5693213667363585e-10,1.1674946339611421e-08,0.0,1.9078072744436673e-07,0.0,0.0,0.0,0.0,0.0,0.0,0.0,0.0,0.0,0.0,0.02492541144760259,0.06726111716219385,0.0,-4.3767051098454415e-09,0.0
73,0.0,4.256135534126312e-12,0.0,0.0,0.0,0.0,0.0,0.0,0.0,0.0,0.0,0.0,0.0,0.0,0.0,0.0,0.0,0.0,-1.4431811598814504e-11,1.1735574504672346e-05,0.0,0.0,0.0,0.0,0.0,1.32121964431e-14,-4.740979161871385e-12,3.884226764646205e-07,0.0,0.0,0.0,0.0,0.0,0.0,0.0,0.0,0.0,0.0,-2.297734057579603e-19,0.0,0.0,0.0,0.0,3.0472005183358018e-09,0.0,0.0,-0.6011201532125134,0.0,0.0,0.0,0.0,0.0002935228287844465,0.0,0.0,0.0,0.0,0.0,0.0,0.0,0.0,0.0,0.0,0.0,0.0,0.0,0.0,0.0,0.0,0.0,0.0,0.0,0.0,0.0,0.0,0.0,0.0,0.6162888371082018,0.0,0.0,0.0,0.0,-1.5714919636224242e-07,0.0,0.0,0.0,1.5423938867311094e-13,0.0,0.0,0.0,0.0,0.0,0.0,0.0,-7.961036056703124e-10,0.0,0.0,0.0,0.0,0.0,0.0,0.0,0.0,0.0,0.0,1.9389008451851017e-13,-5.968747845759699e-09,0.9594133510399461,0.0,0.0,0.0,0.0
74,0.0,0.0,0.0,0.0,0.0,0.0,0.0,0.0,0.0,0.0,0.0,0.0,0.0,0.0,0.0,0.0,0.0,0.0,-4.1219299276532605e-17,0.0,0.0,0.0,0.0,0.0,0.0,0.0,0.0,0.0,0.0,0.0,0.0,0.0,0.0,0.0,0.0,4.539698392843323e-06,0.0,0.0,-1.46751372189671e-19,0.0,0.0,0.0,-1.57136084715757e-05,0.0,0.0,0.0,0.0,0.0,0.0,0.0,0.0,0.0,0.0,0.0,0.0,0.0,0.0,0.0,0.0,0.0,0.0,0.0,0.0,0.0,0.0,0.0,0.0,0.0,0.0,0.0,0.0,0.0,0.0,0.0,2.345112695530949e-11,0.0,0.0,0.0,0.0,-3.7202949807028765e-09,0.0,0.0,0.0,-1.3311680556285596e-07,0.0,0.0,0.0,0.0,0.0,0.0,0.0,0.0,0.0,0.0,5.155058353535852e-13,0.0,0.0,0.0,0.0,0.0,0.0,0.0,0.0,0.0,0.0,-3.0616001160449335e-10,0.00039662305032787254,0.0015482808212855248,0.0,5.042109753804917e-09,0.0
75,0.0,0.0,0.0,0.0,0.0,0.0,0.0,0.0,5.963572210696661e-11,0.0,0.0,0.0,0.0,0.0,0.0,0.0,0.0,0.0,0.0,0.0,-1.4213692179300321e-06,0.0,0.0,0.0,0.0,0.0,0.0,-1.4706815074113372e-12,0.0,0.0,0.0,0.0,0.0,0.0,0.0,0.0,0.0,0.0,0.0,0.0,0.0,0.0,0.0,0.0,0.0,0.0,0.0,0.0,0.0,0.0,0.0,0.00029208849025939073,0.0,0.0,0.0,0.0,0.0,0.0,0.0,0.0,0.0,0.0,0.0,0.0,0.0,0.0,-5.112982490767033e-23,0.0,0.0,0.0,0.0,-3.752686646629143e-08,0.0,0.0,0.0,0.0,0.0,0.0,0.0,0.0,0.0,0.0,0.0,0.0,0.0,0.0,0.0,1.3543649834962566e-07,-0.0002790134046473609,0.0,0.0,0.0,0.0,0.0,0.0,0.0,0.0,0.0,0.0,0.0,0.00029763690673553203,0.0,0.0,0.0,0.0,1.366539524280079e-10,0.02244354087036826,5.763609885081156e-05,0.0,-3.878134336015111e-09,0.0
76,0.0,0.0,0.0,0.0,0.0,0.0,0.0,2.158747723224651e-09,0.0,0.0,0.0,0.0,0.0,0.0,0.0,0.0,0.0,0.0,3.097684002448773e-15,0.0,0.0,0.0,0.0,1.0790732030495315e-07,0.0,0.0,0.0,6.030837592133599e-06,0.0,0.0,0.0,0.0,0.0,-3.022807009732197e-06,0.0,1.887132262203302e-12,0.0,0.0,0.0,0.0,0.0014935814979242256,0.0,0.0,0.0,0.0,0.0,0.0,1.133690098233238e-12,0.0,0.0,0.0,0.0007426040994455226,0.0,0.0,0.0,0.0,-3.2448902332040314e-08,0.0,0.0,0.0,0.0,0.0,0.0,0.0,0.0,0.0,0.0,1.7179556437265617e-12,0.0,0.0,0.0,0.02045926608075721,0.0,0.0,0.0,0.0,0.0,0.0,0.0,0.0,0.0,0.0,0.0,0.0,0.0,0.0,0.0,0.0,6.844508987637749e-05,0.0,0.0,0.0,0.0,0.0,0.0,0.0,0.0,-7.0492425104748755e-12,0.0,-5.2584798511103465e-08,0.0,0.0,0.0,0.0,0.0,5.2313173592550096e-11,0.8345056307522567,0.0,0.000740474067702248,0.0,0.0
77,0.0,0.0,-1.9050379195025294e-17,0.0,0.0,0.0,0.0,0.0,3.3563985058013386e-11,0.0,0.0,1.4012560382376715e-08,0.0,0.0,0.0,0.0,0.0,0.0,0.0,0.0,0.0,0.0,0.0,0.0,0.0,0.0,0.0,-5.834519512362158e-07,0.0,0.0,0.0,0.0,-5.689794018591608e-10,0.0,0.0,0.0,0.0,0.0,0.0,0.0,3.123916668337117e-05,4.971073676859343e-10,-7.542194267817006e-06,3.321132366938666e-17,0.0,0.0,0.0009077192627378033,-8.736773171826102e-18,0.0,0.0,0.0,0.0007817362858415972,0.0,0.0,0.0,0.0,0.0,0.0,0.0,-2.084503806913026e-15,0.0,0.0,0.0,0.0,0.0,0.0,0.0,-1.0162751392701083e-07,0.0,0.0,0.0,0.0,0.0,0.0,0.0,0.0,0.0,0.0,-2.6171945220518083e-11,0.0,0.0,0.0,0.0,0.0,0.0,0.0,0.0,0.0,0.0,0.0,0.0,0.0,0.0,0.0,0.0,0.0,0.0,0.0,0.0,0.0,0.0,0.0,0.0,0.0,0.0,0.0,0.4261246217511227,-0.003076358474796287,0.0,5.209300821383764e-09,0.0
78,0.0,0.0,-2.5025363060242345e-14,0.0,0.0,0.0,7.134566687143618e-17,0.0,0.0,0.0,0.0,0.0,0.0,0.0,0.0,0.0,0.0,0.0,0.0,0.0,0.0,0.0,0.0,0.0,0.0,0.0,0.0,1.870240654329519e-05,0.0,0.0,0.0,0.0,0.0,-4.729358582204808e-09,0.0,0.0,0.0,0.0,0.0,0.0,0.0,0.0,-0.00023281217434029678,0.0,0.0,0.0,0.0,0.0,0.0,0.0,0.0,-0.15975830237336774,0.0,0.0,0.0,0.0,0.0,0.0,0.0,0.0,0.0,0.0,9.7516372051936e-09,0.0,0.0,0.0,0.0,1.8496796852118666e-12,0.0,0.0,-1.77641735445775e-16,0.0,0.0,0.0,-0.00994235128327764,0.0,0.6036041200023796,0.0,0.0,0.0,0.0,0.0,0.0,1.521977587332948e-06,0.0,0.0,0.0,0.0,1.2018433299050062,0.0,0.0,0.0,0.0,1.3154742568504315e-10,-0.698060025772973,0.0,0.0,0.0,0.0,0.0,0.0,0.0,0.0,0.0,0.0,4.097992839569678e-05,0.0,3.5631497899210954e-05,0.0371291115599653,0.0,0.0
79,0.0,0.0,0.0,0.0,0.0,0.0,0.0,0.0,-1.2436602291575677e-11,0.0,0.0,7.560069570764942e-13,0.0,0.0,0.0,0.0,0.0,0.0,0.0,0.0,0.0,0.0,0.0,0.0,0.0,0.0,0.0,0.0,0.0,0.0,0.0,0.0,0.0,0.0,0.0,0.0,0.0,0.0,1.5433274856497966e-14,0.0,0.0,0.0,0.0,-6.107129663703486e-08,0.0,0.0,0.0,0.0,0.0,0.0,0.0,0.0002738571952879676,-1.8723475857406834e-07,0.0,0.0,0.0,0.0,0.0,0.0,0.0,0.0,0.0,0.0,0.0,0.0,0.0,0.0,1.3469885357046457e-12,0.0,0.0,0.0,0.0,0.0,0.0,0.0,2.1731454325401132e-11,0.0,0.0,0.0,0.0,0.0,0.0,0.0,-6.3791253805128145e-12,-5.289151777852832e-06,0.0,0.0,0.0,0.0022236349819274677,0.0,0.0,0.0,0.0,0.0,0.0,0.0,0.0,2.2682316302633957e-10,0.0,-4.899763759848032e-08,0.0,0.0,0.0,0.0,0.0,0.0,0.1618669748413799,0.07803719527360448,0.0,-8.043265752073341e-08,0.0
80,0.0,0.0,0.0,0.0,0.0,0.0,0.0,0.0,0.0,0.0,0.0,0.0,0.0,0.0,0.0,0.0,0.0,0.0,0.0,0.0,0.0,0.0,0.0,0.0,0.0,0.0,0.0,0.0,0.0,0.0,0.0,0.0,3.6169303003712994e-10,0.0,0.0,-6.7310573363633255e-09,0.0,0.0,0.0,0.0,0.0,0.0,0.0,0.0,0.0,0.0,0.0,0.0,0.0,0.0,0.0,0.0,0.0,0.0,0.0,0.0,0.0,0.0,0.0,0.0,0.0,0.0,0.0,0.0,0.0,0.0,0.0,0.0,0.0,0.0,-1.4006536409534766e-12,0.0,0.0,0.0,0.0,0.0,0.0,0.0,4.661673518784352e-10,0.0,0.0,0.0,0.0,0.0,0.0,0.0,0.0,0.0,0.0,0.0,0.0,0.0,-1.467588284897102e-07,0.0,0.0,0.0,0.0,0.0,0.0,0.0,0.0,0.0,0.0,0.0,0.0,0.0,0.019408925418924895,0.0,-4.453612142231694e-05,0.0,0.0
81,0.0,0.0,0.0,0.0,0.0,0.0,0.0,0.0,0.0,0.0,0.0,-7.113336283077164e-10,0.0,0.0,0.0,0.0,0.0,0.0,0.0,0.0,0.0,0.0,0.0,0.0,0.0,0.0,0.0,0.0,0.0,0.0,0.0,0.0,0.0,0.0,0.0,0.0,0.0,0.0,0.0,0.0,0.0,0.0,0.0,-6.107129663703486e-08,0.0,0.0,0.0,0.0,0.0,0.0,0.0,0.0002738571952879676,-1.7364042057654542e-07,0.0,0.0,0.0,0.0,0.0,0.0,0.0,0.0,0.0,0.0,0.0,0.0,0.0,0.0,2.6328434675956347e-11,0.0,0.0,0.0,0.0,0.0,0.0,0.0,0.0,0.000822309421165679,0.0,1.6042029603503132e-13,0.0,0.0,0.0,0.0,0.0,-5.289151777852832e-06,0.0,0.0,0.0,0.0,0.0,0.0,0.0,0.0,-1.6477233094591566e-05,0.0,0.0,0.0,2.2682316302633957e-10,0.0,-1.1923616701094509e-09,0.0,0.0,0.0,0.0,0.0,0.0,0.16186697484137996,-0.004659539297278449,0.03914054717903505,-8.506497629767102e-08,0.0
82,0.0,0.0,0.0,0.0,0.0,0.0,0.0,0.0,-2.3302142880461134e-13,0.0,0.0,0.0,9.810570390461143e-11,0.0,0.0,0.0,0.0,0.0,-1.5194293245685926e-11,0.0,0.0,0.0,0.0,0.0,0.0,0.0,0.0,0.0,0.0,0.0,0.0,0.0,0.0,0.0,0.0,0.0,0.0,0.0,0.0,0.0,0.0,2.1616244381497262e-10,0.0,0.0,0.0,0.0,0.0,0.0,0.0,0.0,0.0,0.0,0.0,0.0,0.0,0.0,0.0,0.0,0.0,0.0,0.0,0.0,0.0,0.0,4.885394493752792e-10,0.0,1.0287658621938889e-14,0.0,0.0,0.0,0.0,0.0,0.0,0.0,0.0,0.0,0.0,0.0,0.0,0.0,0.0,0.0,0.0,0.0,0.0,0.0,0.0,0.0,0.0,0.0,0.0,0.0,0.0,1.3163233138972638e-10,0.0,0.0,0.0,1.2478040660182648e-12,0.0,0.0,0.0,0.0,0.0,0.0,-1.2017088080185296e-10,-4.290707623677178e-09,0.0007028565582099001,0.0,0.03794888745938298,0.0,0.0
83,0.0,0.0,0.0,0.0,0.0,0.0,0.0,0.0,0.0,0.0,0.0,0.0,0.0,0.0,0.0,0.0,0.0,0.0,0.0,0.0,1.3383283372536197e-09,0.0,0.0,0.0,0.0,0.0,0.0,-6.700404220000437e-07,0.0,0.0,0.0,0.0,0.0,-6.5274256768681035e-15,0.0,0.0,0.0,0.0,0.0,0.0,0.0,0.0,0.0,-2.7037564751838528e-14,0.0,0.0,0.0,0.0,0.0,0.0,0.0,-5.6094504579178904e-05,0.0,0.0,0.0,0.0,0.0,0.0,0.0,0.0,0.0,0.0,0.0,0.0,0.0,0.0,0.0,0.0,0.0,0.0,0.0,-4.4844870425642533e-08,0.0,0.0,0.0,2.1778745167679337e-11,0.0,0.0,-8.714180684073015e-17,0.0,0.0,0.0,0.0,0.0,0.0,0.0,0.0,0.0,-4.2600645815772664e-05,0.0,0.0,0.0,0.0,1.323664138792383e-06,0.0,0.0,0.0,6.551471757426112e-10,0.0,1.6492631709751742e-09,-9.539097389726388e-06,0.0,0.0,0.0,0.0,0.0,0.0,0.0,-3.237692417234795e-08,-0.0004633274068671768,0.0
84,0.0,0.0,0.0,0.0,0.0,0.0,0.0,6.088245499649604e-10,0.0,0.0,0.0,0.0,1.4343407596412752e-06,0.0,0.0,3.2834219782362784e-10,1.3646009258369943e-13,0.0,0.0,0.0,0.0,0.0,0.0,0.0,0.0,0.0,-1.7313146825315173e-09,0.0,0.0,0.0,0.0,0.0,0.0,0.0,0.0,0.0,0.0,0.0,0.0,0.0,0.0,1.4555935118097348e-10,0.0,0.0,0.0,0.0,0.0,0.0,0.0,0.0,0.0,0.0002738511983674252,0.0,0.0,6.606598737881924e-09,0.0,0.0,0.0,2.4542788399634568e-05,0.0,0.0,0.0,0.0,0.0,-6.48034042743038e-08,0.0,3.978140759920502e-18,0.0,0.0,0.0,0.0,-1.3463251085605649e-06,0.0,0.0,0.0,6.320538571146527e-10,0.0,0.0,0.0,0.0,0.0,0.0,0.0,0.0,7.281931995851954e-06,0.0,0.0,-9.322530791280003e-19,0.0,0.0,0.0,0.0,0.0,0.0,0.0,0.0,-0.003926498338946818,-1.3245831400209126e-13,0.0,-1.7767596477281548e-11,0.0,0.0,0.0,0.0,0.0,0.0,0.0,0.07425679720509198,0.0373417792928312,-1.7842201111229691e-16,0.0
85,0.0,0.0,-1.9685393934722208e-17,0.0,0.0,0.0,0.0,0.0,1.2188106210589344e-12,0.0,0.0,1.4012560382376715e-08,0.0,0.0,0.0,0.0,0.0,0.0,0.0,0.0,0.0,0.0,0.0,0.0,0.0,0.0,0.0,0.0,0.0,0.0,0.0,0.0,-5.524684839754571e-10,0.0,0.0,0.0,0.0,0.0,5.135393848221057e-16,0.0,-1.5020381587496317e-06,0.0,6.527371256286814e-07,3.321132366938666e-17,0.0,0.0,0.0009340256867926549,0.0,0.0,0.0,0.0,0.000762102501613649,0.0,0.0,0.0,0.0,0.0,0.0,-1.5050562510301358e-08,-2.084503806913026e-15,0.0,0.0,0.0,0.0,0.0,0.0,3.609582975988622e-15,-3.1086225454202413e-09,0.0,0.0,0.0,0.0,0.0,0.0,0.0,0.0,0.0,0.0,0.0,2.7920537546764028e-09,0.0,0.0,0.0,-9.051267573015888e-17,0.0,0.0,0.0,0.0,0.0,0.0,0.0,0.0,0.0,0.0,0.0,0.0,0.0,0.0,0.0,0.0,0.0,0.0,0.0,0.0,0.0,0.0,0.4261246217511227,0.07993472571715206,0.0,3.0433665601806486e-07,0.0
86,0.0,0.0,0.0,0.0,0.0,0.0,0.0,4.009596437122942e-12,0.0,0.0,0.0,0.0,0.0,0.0,0.0,0.0,0.0,0.0,0.0,0.0,0.0,0.0,0.0,0.0,0.0,0.0,0.0,0.0,0.0,0.0,0.0,0.0,0.0,0.0,0.0,0.0,0.0,0.0,0.0,0.0,9.611605890548907e-10,2.2926707064627344e-12,0.0,2.0454548704672118e-07,0.0,0.0,-0.9780734924857735,3.210173772220575e-17,0.0,0.0,0.0,0.0005991079475441037,0.0,0.0,0.0,0.0,0.0,0.0,0.0,1.55385740336669e-17,0.0,0.0,0.0,0.0,-6.545592906334672e-08,1.570756070707816e-22,0.0,0.0,0.0,0.0,-1.2748591550333017e-14,0.0,0.0,0.0,0.0,0.0,0.6125996648428373,0.0,0.0,0.0,0.0,0.0,0.0,0.0,0.0,0.0,0.0,0.0,0.0,0.0,0.0,0.0,0.0,0.0,0.0,0.0,0.0,2.448137246465165e-14,0.0,0.0,0.0,-3.7928552349222484e-08,0.0,0.0,0.0,0.0,0.7482427742444604,0.0,0.0,4.380811035112342e-14,0.0
87,0.0,0.0,0.0,0.0,0.0,0.0,0.0,4.2380041653478735e-08,0.0,0.0,0.0,0.0,3.209544602515092e-08,0.0,0.0,0.0,0.0,0.0,0.0,0.0,-0.19416495106190812,0.0,0.0,3.802270768592836e-10,0.0,0.0,-3.053174359902117e-11,0.0,0.0,0.0,0.0,1.7913559958831354e-05,0.0,0.0,0.0,0.0,0.0,0.0,0.0,0.0,0.0,0.0,0.0,0.0,0.0,0.0,-0.92893062060628,0.0,0.0,0.0,0.0,0.003476120211956974,0.0,0.0,0.0,0.0,0.0,0.0,0.0,0.0,0.0,0.0,0.0,0.0,6.105024208171524e-09,0.0,3.866084522416363e-20,0.0,0.0,0.0,-3.634823277443522e-17,0.001258880835740969,0.0,0.0,0.0,6.68390091785972e-10,0.0,0.0,0.0,0.0,0.0,0.0,0.0,0.0,0.0,2.1983130469233483e-05,0.0,0.0,0.0,0.0,0.0,0.0,0.0,0.0,2.488974849967071e-10,0.0,-0.0038303354432876182,0.0,0.0,-4.6672642062231546e-08,-1.1185393690796164e-12,0.0,0.0,0.0,0.0,0.0,0.8038716778566601,-0.0003766681104354283,0.04072444385723084,8.500646366509971e-07,0.0
88,-9.810838149016082e-06,0.0,0.0,0.0,0.0,0.0,0.0,0.0,0.0,0.0,0.0,0.0,0.0,0.0,0.0,0.0,0.0,0.0,0.0,0.0,0.0,0.0,0.0,0.0,0.0,0.0,0.0,0.0,0.0,0.0,0.0,0.0,0.0,0.0,0.0,0.0,0.0,0.0,0.0,0.0,0.0,0.0,0.0,0.0,0.0,0.0,0.0,0.0,0.0,0.0,0.0,0.0,0.0,0.0,0.0,0.0,0.0,0.0,0.0,0.0,0.0,0.0,0.0,0.0,3.5010499133465376e-13,0.0,0.0,0.0,0.0,0.0,0.0,0.0,0.0,0.0,0.0,0.0,1.1374198675227938e-05,0.0,0.0,0.0,0.0,0.0,0.0,0.0,0.0,0.0,0.0,0.0,-1.1785641967920158e-08,0.0,0.0,0.0,0.0,0.0,0.0,0.0,0.0,0.0,0.0,0.0,0.0,-3.1627929549716393e-09,0.0,0.0,0.0,0.0,0.0,0.0,0.0,4.214758712594735e-14,0.0
89,0.0,0.0,0.0,0.0,0.0,0.0,0.0,4.009596437122942e-12,8.154039675702263e-07,0.0,0.0,0.0,0.0,0.0,0.0,0.0,0.0,0.0,0.0,0.0,1.2287267712364489e-12,0.0,0.0,0.0,0.0,0.0,0.0,0.0,0.0,0.0,0.0,0.0,0.0,0.0,0.0,0.0,0.0,0.0,0.0,0.0,3.203129344380806e-08,2.2085133743606954e-12,0.0,3.772620075347433e-09,0.0,0.0,6.588868469018406e-06,3.210173772220575e-17,0.0,0.0,0.0,0.0005991079475441037,0.0,0.0,0.0,0.0,0.0,0.0,0.0,1.5696286780034377e-17,0.0,0.0,0.0,0.0,-3.627012819270106e-10,1.570756070707816e-22,0.0,0.0,0.0,0.0,0.0,0.0,0.0,0.0,0.0,0.0,0.0,0.0,-4.1610628164404453e-13,0.0,0.0,0.0,0.0,0.0,0.0,0.0,0.0,0.0,0.0,0.0,0.0,0.0,3.725832808857727e-09,0.0,0.0,0.0,0.0,0.0,0.0,0.0,4.076155816749601e-07,-2.2197567262471112e-12,0.0,0.0,0.0,5.795902552090063e-12,0.4191269793171854,0.0021204889017352267,-1.102448598460079e-09,4.378807610782492e-14,0.0
90,0.0,0.0,0.0,0.0,0.0,0.0,0.0,0.0,0.0,0.0,0.0,0.0,0.0,0.0,0.0,0.0,0.0,0.0,0.0,0.0,0.0,0.0,0.0,0.0,0.0,0.0,0.0,-1.4091445926034926e-10,0.0,0.0,0.0,0.0,0.0,0.0,0.0,0.0,0.0,0.0,-1.799030340104163e-21,0.0,-1.6922143162098111e-07,0.0,0.0,0.0,0.0,0.0,0.0,0.0,0.0,0.0,0.0,0.0,0.0,0.0,2.820878223325562e-13,0.0,0.0,0.0,0.0,0.0,0.0,0.0,0.0,0.0,0.0,0.0,1.300497470446115e-13,-2.2498899182577885e-09,0.0,0.0,0.0,0.0,0.0,0.0,1.8781143913048317e-09,-1.9760198604532895e-11,0.0,0.0,0.0,-3.6127388670042966e-09,0.0,-1.3992224790034311e-08,0.0,-1.3877956819736614e-07,0.0,0.0,0.0,0.0,0.0,0.0,0.0,0.0,0.0,0.0,0.0,0.0,0.0,0.0,0.0,0.0,0.0,0.0,0.0,0.0,0.0,1.1886966000350098e-12,0.02567627225838903,-1.0111067693381105e-05,0.04166330116449144,0.0,0.0
91,0.0,0.0,0.0,0.0,0.0,0.0,0.0,0.0,2.2735320595626624e-10,0.0,0.0,0.0,-1.230387027474916e-09,0.0,0.0,0.0,-4.5457979454538525e-18,0.0,0.0,0.0,0.0,0.0,0.0,0.0,0.0,0.0,0.0,-3.011313000265628e-06,0.0,0.0,0.0,0.0,0.0,0.0,0.0,0.0,0.0,4.415372847992778e-15,0.0,0.0,9.286854215827698e-10,0.0,0.0,0.0,0.0,0.0,-0.5975946893815507,4.134778685736956e-14,0.0,0.0,0.0,0.0008089330743499274,0.0,0.0,-6.207006137686055,0.0,0.0,0.0,0.0,0.0,0.0,0.0,0.0,0.0,0.0,0.0,9.629681611579431e-13,0.0,0.0,0.0,0.0,0.0,0.0,0.0,0.0,0.0,0.6308269530256896,0.0,-3.634357737038357e-07,0.0,0.0,0.0,0.0,0.0,0.0,0.0,0.0,0.0,0.0,0.0,0.0,0.0,0.0,0.0,0.0,0.0,0.0,-2.1447542222706965e-11,0.0,-6.384515136996062e-15,0.0,0.0,0.0,0.0,-9.772231638806898e-10,0.0,0.8896431146857926,2.634896292805325e-06,0.0,0.0,0.0
92,0.0,0.0,0.0,0.0,0.0,0.0,6.414078370240738e-17,0.0,-7.224138043886972e-14,0.0,0.0,0.0,0.0,0.0,0.0,0.0,0.0,0.0,0.0,0.0,0.0,0.0,0.0,0.0,0.0,0.0,0.0,1.8822527309948856e-05,0.0,0.0,0.0,0.0,0.0,0.0,0.0,0.0,3.3050562446786965e-08,0.0,0.0,0.0,0.0,0.0,0.0,6.191641370720986e-16,0.0,0.0,0.0,0.0,0.0,0.0,0.0,0.0,0.0,0.0,0.0,0.0,0.0,0.0,0.0,0.0,0.0,0.0,0.0,0.0,-2.010542065737454e-11,0.0,0.0,0.0,0.0,0.0,0.0,0.0,0.0,0.0,0.0,0.0,0.0,0.0,0.0,0.0,0.0,0.0,0.0,0.0,0.0,9.374702463562755e-12,2.929145842738348e-06,0.0,0.0,0.0,0.0,0.0,0.0,7.1969304135027254e-12,0.0,0.0,0.0,0.0,0.0,0.0,0.0,0.0,0.0,0.0,0.0,0.0,0.0,0.0634298587418794,0.0,0.0,0.0
93,0.0,4.608023292941946e-16,0.0,0.0,0.0,0.0,0.0,-1.316151894643256e-14,0.0,0.0,0.0,0.0,0.0,0.0,0.0,0.0,0.0,0.0,0.0,0.0,-7.008679194159964e-08,0.0,0.0,0.0,0.0,0.0,0.0,0.0,0.0,0.0,0.0,0.0,0.0,0.0,0.0,0.0,0.0,0.0,0.0,0.0,9.611305685443203e-10,0.0,0.0,2.020305561343853e-07,0.0,0.0,-0.9295072581804469,3.13102072950243e-17,-4.3397020359834175e-09,0.0,0.0,0.00021264614150535389,0.0,0.0,0.0,0.0,-1.86851426128276e-10,0.0,0.0,0.0,0.0,0.0,0.0,0.0,-6.547867184162731e-08,0.0,0.0,0.0,0.0,0.0,4.1955358997137345e-17,0.0,0.0,0.0,0.0,6.315411939193155e-10,0.0,0.0,0.0,0.0,0.0,0.14973970943499798,0.0,0.0,0.0012082476928757782,-8.272787789169207e-08,0.0,0.0,-0.0004187748392871434,0.0,0.0,0.0,0.0,0.0,0.0,0.0,0.0,0.0,0.0,0.0,0.0,-4.799653839815964e-08,0.0,0.0,0.0,0.0,0.7481830035448996,8.36399997709257e-05,0.0,-0.00046076185895031914,0.0
94,0.0,0.0,0.0,0.0,0.0,0.0,0.0,0.0,0.0,0.0,0.0,0.0,0.0,0.0,0.0,0.0,0.0,0.0,0.0,0.0,0.0,0.0,0.0,0.0,0.0,0.0,0.0,0.0,0.0,0.0,0.0,0.0,0.0,0.0,0.0,0.0,0.0,0.0,0.0,0.0,-1.6922143162098138e-07,0.0,0.0,0.0,0.0,0.0,0.0,0.0,0.0,0.0,0.0,0.0,0.0,0.0,2.820878228812322e-13,0.0,0.0,0.0,0.0,0.0,0.0,0.0,0.0,0.0,0.0,0.0,0.0,-2.267370009251419e-09,0.0,0.0,0.0,0.0,0.0,0.0,1.8781143913048317e-09,-1.9760198604532895e-11,0.0,0.0,0.0,0.0,0.0,-1.3882955747173981e-08,0.0,-1.3730657659300313e-07,0.0,0.0,0.0,0.0,0.0,0.0,0.0,0.0,0.0,0.0,0.0,0.0,0.0,0.0,0.0,0.0,0.0,1.1732625843180346e-09,0.0,0.0,0.0,0.0,0.015728464146982132,4.5193035856468306e-08,0.0008471146210975757,0.0,0.0
95,0.0,0.0,0.0,0.0,1.4231852444423367,0.0,0.0,0.0,2.2735320595626629e-10,0.0,0.0,0.0,-9.883535610008392e-08,0.0,0.0,0.0,1.7015511268872822e-16,0.0,0.0,0.0,0.0,0.0,0.0,0.0,0.0,0.0,0.0,-3.011313000265628e-06,0.0,0.0,0.0,0.0,0.0,0.0,0.0,-4.737083308689417e-13,3.462341396455388e-18,0.0,0.0,0.0,9.270381952049874e-10,0.0,0.0,0.0,0.0,0.0,-0.5975946893815507,0.0,0.0,0.0,0.0,0.0008051810057014019,0.0,0.0,0.0,0.0,0.0,0.0,0.0,0.0,0.0,0.0,0.0,0.0,0.0,0.0,0.0,0.0,0.0,0.0,0.0,0.0,0.0,0.0,0.0,0.0,0.6077555372608581,0.0,-3.634357737038357e-07,0.0,0.0,0.0,0.0,0.0,0.0,0.0,0.0,-9.572001699565628e-19,0.0,0.0,0.0,0.0,0.006060919851801742,0.0,0.0,0.0,0.0,-2.157629127144319e-11,0.0,-6.4446081717645485e-15,0.0,0.0,0.0,0.0,-9.772231638806898e-10,0.0,0.8896431146857926,0.0,0.0,0.0,0.0
96,0.0,0.0,-2.3354573269494487e-14,0.0,0.0,0.0,-1.3792995859059987e-17,0.0,0.0,0.0,0.0,0.0,-5.6150782898302754e-08,-9.173485882149102e-07,0.0,0.0,1.4489202785368538e-13,0.0,0.0,0.0,0.0,0.0,0.0,0.0,0.0,0.0,0.0,-1.6119277908013143e-07,0.0,0.0,0.0,0.0,0.0,0.0,0.0,0.0,0.0,0.0,1.924332203312461e-14,0.0,0.0,-1.1967148373330618e-12,0.0,0.0,0.0,0.0,0.0,0.0,-7.421640274409824e-05,0.0,0.0,0.0,0.0,0.0,6.588777609901048e-09,0.0,0.0,0.0,0.0,0.0,0.0,0.0,0.0,0.0,-3.3501467823596396e-10,0.0,0.0,0.0,0.0,0.0,0.0,0.0,0.0,0.0,0.0,2.825457318561923e-12,0.0,0.0,0.0,0.0,0.0,0.0,0.0,-8.95676783461506e-09,0.0,1.7633640674981336e-09,2.440289897778875e-05,0.0,6.471288714484163e-15,0.0,0.0,0.0,0.0,0.0,0.0,0.0,0.0,0.0,0.0,0.0,0.0,0.0,0.0,0.0,0.0,0.0,0.004305191145805853,0.06411775643266038,0.0,-1.333716590609084e-18,0.0
97,0.0,0.0,-9.286399252720587e-10,0.0,6.457468450077501e-09,0.0,0.0,0.0,0.0,0.0,0.0,0.0,-9.669297585723468e-08,0.0,0.0,0.0,1.8705171072631465e-16,0.0,-1.5530623668146848e-13,0.0,0.0,0.0,0.0,0.0,0.0,2.4155955493972305e-07,0.0,0.0,0.0,0.0,0.0,0.0,0.0,0.0,0.0,0.0,0.0,0.0,0.0,0.0,7.562490564556817e-06,-8.587705572696987e-09,0.0,0.0,0.0,0.0,0.0,0.0,0.0,0.0,0.0,0.0007675306386182143,0.0,0.0,0.0,0.0,0.0,0.0,0.0,0.0,-1.0941300782425296e-06,0.0,0.0,0.0,0.0,0.0,0.0,-1.6869936181426117e-08,0.0,0.0,0.0,-0.021350951489003456,0.0,0.0,0.0,-1.1116189271908015e-16,0.0,0.0,0.0,0.0,0.0,0.18217653497266706,0.0,0.0,4.2702844038170877e-07,0.0,0.0,4.479464268598715e-09,0.0,0.0,0.0,0.0,0.0,0.0,0.0,0.0,0.0,0.0,0.0,1.2099431053183878e-13,0.0,0.0,-1.2610684249689853e-10,0.0,0.0,0.0,0.7684095002140907,0.0,0.0,0.0,0.0
98,0.0,0.0,0.0,0.0,0.0,0.0,0.0,0.0,0.0,0.0,0.0,-4.871873846339509e-12,0.0,0.0,-9.643614337121781e-08,1.4377750621497658e-10,0.0,0.0,0.0,0.0,0.0,0.0,0.0,0.0,0.0,-9.826477988820553e-13,0.0,0.0,0.0,0.0,0.0,0.0,3.0513718409663545e-12,0.0,0.0,0.0,0.0,9.616411920496193e-12,0.0,0.0,0.0,0.0,0.0,0.0,0.0,0.0,0.0,0.0,0.0,0.0,0.0,0.0,0.0,0.0,-1.3986427576353792e-09,0.0,3.572451877790299e-07,0.0,0.0,0.0,0.0,0.0,0.0,0.0,0.0,0.0,0.0,0.0,0.0,0.0,0.0,0.0,0.0,0.0,0.0,0.0,0.0,0.0,-3.9696476920582886e-07,0.0,0.0,0.0,0.0,0.0,0.0,0.0,0.0,-2.8195245876327963e-07,0.0,0.0,0.0,0.0,0.0,0.0,0.0,0.0,0.0,-1.357981944326877e-11,0.0,0.0,0.0,0.0,0.0,0.0,0.0,0.0,0.010706258328797822,0.0,0.002210969011921571,0.0,0.0
99,0.0,0.0,0.0,0.0,0.0,0.0,0.0,0.0,1.2730170505664538e-09,0.0,0.0,0.0,0.0,0.0,0.0,0.0,0.0,0.0,0.0,0.0,0.0,0.0,0.0,0.0,0.0,0.0,-4.618590862205843e-12,0.0,0.0,0.0,0.0,0.0,0.0,0.0,0.0,0.0,0.0,0.0,0.0,0.0,-8.944997520010699e-10,0.0,0.0,-3.3053120365396634e-16,0.0,0.0,0.0,0.0,0.0,0.0,0.0,0.0,0.0,0.0,0.0,0.0,0.0,0.0,2.334794541383215e-05,0.0,0.0,0.0,0.0,0.0,0.0,0.0,0.0,0.0,0.0,0.0,0.0,0.0,0.0,0.0,0.0,0.0,0.0,0.0,0.0,0.0,0.0,0.0,0.0,0.0,0.0,0.0,0.0,0.0,8.564761093905029e-11,0.0,0.0,0.0,0.0,1.2255278333087092e-10,0.0,-1.2903523115831558e-06,0.0,0.0,0.0,0.0,0.0,0.0,0.0,0.0,0.0,4.036509902178213e-05,0.03445996319683823,0.00043852596108866215,0.0,3.1480368814899645e-07,0.0
