ant-1.3,0.5666961415591928,0.15538777151689973,0.0024860867336818976,0.00030507354852227046,0.07559583050063917,0.16079336757475612,1.4348208676653713,9.691871757304625,0.0355105713572437,0.0026132994927222466,2.853012652053054,0.9110772303907116,0.19257679532959934,1.6740389773355648,0.18858006498741842,20.76848748428505,8.791610352754716,15.10185028207695,0.6013287658723352,7.957142218318424,0.47745803256861097,8.753638623789394,0.0002882147202486593,0.023710402394034887,5.927440390764458e-05,0.1930916255543751,0.006279987457957457,0.15702102564037923,1.1095633017795996,10.74565348952484,8.212430085253391,0.00021980069917260282,0.022554932039483777,0.5450801329199981,0.002541873181686034,0.000981334989096335,0.6397902904566779,0.0020762789767448447,16.588358450684552,8.778951624884096,8.3114960553088,0.005454161913138151,0.00012553137416779144,0.00015569433614039254,0.40469029029001513,2.0064500330230306,0.18846152752887768,0.10303009074862805,0.10488332717567544,15.357861687558394,0.19665659708168617,0.19941172996624196,0.09545500180768075,1.5079741126914326,0.00014444581753841142,0.26738942612654204,10.688856737912495,0.5647590064047131,8.217623985671208,0.03469836252477336,8.430346262904912,1.5014689457487754e-05,0.015240455090904157,0.9506858407076355,1.604051851639693,0.4053098896831043,0.023343110573850287,0.12466058009797959,0.18445729432464777,0.6279037156874793,16.853781871675064,4.253668091196482e-06,2.6285881040028736,17.952850438327037,1.2068203845955212,8.537996033374629,0.04364932476031511,3.1049716009325696e-05,0.09248609852357871,0.00032526074996984004,0.8622659254674886,0.26990866569026,0.0027430789283305022,0.07962023319430621,0.1944659090488337,9.80338905846588
ant-1.4,0.08471488068010034,0.085569684651633,2.3737927749673572e-07,10.288727077142369,0.009585512832910282,0.0036793597741226532,0.00032045554660783905,15.441811397686623,8.85879413452636e-06,0.00016664078024637488,11.66962102592401,0.7446709940552687,0.7187270183249149,14.387678525772872,3.846249791729112,0.2773265870055324,10.734903814661026,0.004428577068170282,0.004554892762231047,1.1900503172313416e-05,0.1233616454495817,3.7731949491262604,0.7853244964725428,12.466555412496227,3.6013216010210247e-06,0.00042168562377061273,3.4822090494600704e-05,2.8395669360955875e-06,10.880793463642272,21.973012528864157,0.17614216240422537,2.5494986238248876,17.886198305660102,1.2384730362321996,3.4556154269875448,0.12515228950267449,0.36592838539739925,1.3358371037417256,8.735755721069188,9.847598551107147,0.000302126080347726,0.1847256845036343,0.000286031830081087,13.81923010366075,22.028050929002735,0.08573971957421125,0.0001488409672874883,0.08801348028446902,0.00031038617247664793,0.2546772635186722,3.8185068378300797,10.65381347306089,1.4250438017840705,11.506578916149452,4.733673423496945,11.555434284109925,15.521404985787033,4.131151533310865e-07,0.084787027180632,4.331926448052635,11.760935571287146,0.2194228781164126,0.3205034438532459,0.1922900752114398,0.12394745559408568,0.0001476122356230385,0.0008164552692808907,0.00034367499933480016,10.454373074046513,1.7237742595484558,2.262867002629865,0.03785339683246453,0.00031140698191632084,0.000383550656349317,4.25440707663281,4.322675254217337e-05,1.709461611755628e-05,3.182639153027077e-06,0.0003105938337344367,1.0190499841821958,2.037703917000217,1.405245842135978,8.723973748285202,2.161897718268449,6.314951884549169e-05,14.661600589652632,0.09181616234854519,9.039753666621023e-05,2.002770373879406e-05,1.5295065275772781e-06,0.00031375739435833224
ant-1.5,0.19231299956127518,0.33114250785180405,2.0310271623791476e-05,0.34736090393110086,2.176959088747406,4.60637970588419,0.23606611260535298,7.411976939475652,0.27787648023418426,0.339935015118746,4.289465482053783,0.22063287606380882,3.1248368859821217e-05,3.434084585734844,0.02903823024229305,5.381782352809146,0.5361788439565334,0.38332340792123615,0.00010492039144346612,0.08950877707109126,0.23902504055697008,4.0661810829698924e-06,1.8212091715967245,0.007115817746174137,0.09885519741887794,0.002697366497052723,0.029758063780975876,0.29561971204004583,1.4590662203405584e-05,4.697929837583573,7.005927692161335,0.00020512161768787953,0.007591194079410165,1.6703934994567415e-05,1.96501888381757,5.109083755718447,4.489020677346501,0.6313229474065891,0.0850834571882188,0.0007414202022717722,0.1810260872243057,0.06118290862362088,2.010650698607335,0.09397398677126277,0.16481937674258046,0.40660871416287714,0.5437784516790122,7.323811926046659e-06,0.005567424505799466,0.30477202238056694,0.0004961736513481377,0.23213670762904054,0.15205128797268802,4.672858060997207,4.335397275249733,0.10909889015247297,7.506394157846013,1.0192138991366161e-05,0.0019093744512990126,0.21216566810892395,0.44745380470496676,5.215226515729113e-06,0.29548471232841567,0.0002428169030983872,4.730953153049786,0.3773735574191781,4.339073790166092,6.3006310025681564,6.653724472606259,5.175661555027972,0.00010004962977397744,0.38618421026231,0.00649149722095273,0.005607636984090585,7.409595350947097,2.0299555672023937,0.17134746915544516,0.9969458721357298,4.3836631849342425,0.0007011898339783592,3.795664269546257
ant-1.6,0.7880734302899626,0.00947856001076498,3.688905477361692,2.030310442902122,3.6361449087054853,0.7586286888035896,3.63091061842494,0.22750247898319018,3.557912941141317,0.04169399019635376,0.11172769149652131,0.0041581422010022965,4.903747102657628,0.30388673235910846,1.4512735802692751e-05,0.7835869234577821,3.7344542730806536,0.7785551130049387,0.5209448047565363,0.005786622165567466,1.101404765703658,0.9230578586415761,2.7990407701047843e-05,0.8714809434611699,0.8361742631260446,0.2937320041157241,0.0035864637026634147,0.773793805534113,0.0771586236101094,0.7030267731793252,0.8203626500992537,4.920481955222834,0.5113622064989256,1.2778141011735997,1.3368472406400826,3.958537006789242e-05,0.1952950628601348,0.009062128913017817,0.16863322981864995,0.8110814375530295,0.008448094237708783,2.0220379266197055,0.8083275520527979,3.5207313898450714,0.5284314415015305,0.00010027106910474397,0.9075475943657871,0.00248368876501835,0.1328166530950969,0.013257199176412025,0.00022681822930856324,1.5008891906940498,0.8698419542318372,0.5334742672975307,3.14857774216671e-06,0.008855579790070317,0.925189345266348,0.5381831898621178,0.029336688242674998,0.0016580487201560438,0.049700512650102335,0.0016345569027562553,0.5334413319717326,3.523670627778122,0.9590898655294485,0.00020438998822980422,1.3872466959113972,0.7982826484647942,0.028566041251712446,0.9269684033641193,1.1323272589497844,0.0367163269242218,0.5523477240950816,0.9288170585998136,0.7790023148375049,3.3446459464375033,0.807658352815162,3.7486692829298094,0.7581146683647744,4.410627972684528e-05,3.3446678759915685,0.08073513399303689,4.023682577960889,0.22194716382355023,3.6118289433245296,0.22962573923979232,0.7787801626001306,2.089875458910611,0.0007701959392363426,0.7433715412417047,0.12201625217146708,0.8664777400599704,0.07835160467541154,0.5309091857533469,0.00018165746586245264,0.8899825546831449,0.161924026551929,0.7907683030188589,0.8671475172539103,1.60666040326636e-05
ant-1.7,2.2443674894099073,5.845709733810252e-06,0.004150781459154327,0.01426934029475411,0.2378222971632568,0.0023674219629992504,0.03269601532550916,1.2971396408765803,1.7148947665692666,0.5080779141255455,1.8169851414941556,0.30311198266011685,0.0006501920925630283,1.283231887079598,1.1107021848422134,1.2470897999834447,0.28297237780606344,1.0913798563030181,0.07324274147505185,1.3814566425928185,0.0017105563143141173,0.02921354934414403,1.787564009543543,1.3846326112738631e-05,0.20413233031386688,1.5457928103458378,2.9101597451941585,1.3941544775583012,0.19233164665943134,0.3450898571501976,0.2507800589359172,0.836658522839732,0.00023509096060398828,1.3620667970467812,1.3419209147415752,1.6033126757696763,5.150129282213321,0.12154280507343773,0.020534120627411646,0.007253072888073588,0.000662299014195302,3.386258376422164e-05,2.356508009545787,0.06705668378762428,1.7118492112562957,1.7343547424736152,1.1310266336664052,0.2167876071976244,1.2082491710887238,2.9778839449826404,0.03313323299156032,0.04735781391333675,1.036757319815662,0.12731359229607683,0.0006239340668925159,0.01792332495903855,2.207697048009078,0.5173180201604035,6.194099134503256,1.4209220035012116,0.0540680757034592,0.38182204427275757,1.066859828483812,0.0314606312388056,3.464755840282079e-05,1.817763026266212,0.02093018557064732,0.006596293537561028,3.919277432147635,2.2172753361790805,2.1027167634564217,0.2648703942255637,1.2518825820738948,2.5184332522577417,1.834812702150221,0.1466494312747075,4.296659157538219e-05,0.03338032151192164,0.0001518964708683802,0.029784474369448772,1.4458357170717406,0.0009555890976891984,0.3262649247129453,0.0017648059184286991,6.039557441566065,2.8926271859862367,0.021220103709660904,0.0518944773160527,0.12029266878528108,0.0003435101711224657,1.6988621201799003,1.105153098112425,2.5361587524157512e-05,1.28349013009343,1.8224329668642054,9.744514461687094e-05,0.00013001435420081017,0.0015817657872516085,0.30293590354068095,0.0016480896584732073
camel-1.0,1.8972457256262324e-05,0.5407934932377487,0.7474124542964755,0.16714318917163626,0.6634054389729439,0.7013490331814778,0.20877574016061098,0.4332972760622378,0.0003650409058599715,9.62736347437421e-06,0.5633439728701214,10.36705433194925,0.18025877854867337,0.40017424486280756,0.0001720356972072105,0.05455897859964855,1.153556827706724,1.1644301190997877,0.060855831402338495,2.2307152742752186e-06,1.4936266338555967e-05,0.6070520442801717,0.4884351774874078,0.7614370189960163,1.2968115571189346e-07,0.4755205367149879,0.7100630732630429,1.7314633302422094e-05,0.594770394373661,0.16346282340894094,0.00046058394796749354,4.3867939998404624e-07,0.34220132232835165,1.688712681254671,0.3606358829803599,0.07286353770375006,0.1622610203382632,0.03451560942864237,0.16235229091675973,0.5813853859190808,0.5618511045366178,2.8551851655556897,0.11570222886701535,0.17460991274040955,4.009077444755665e-05,0.6586637414512938,5.837810431911539e-05,0.10504996858049959,0.7301859532114625,0.17622658374272054,1.2042857326035128e-06,0.48281351347182555,3.222115831209274,0.16323167681026243,0.001109613238517289,5.712511131603685,0.5484054318548361,1.5924456654196575e-05,1.1290390456803061e-05,0.13134376081292148,1.669890071510382,3.740481122339664e-06,0.04354726821882281,0.49958443539370534,0.00014990282081797947,0.5233220480573,0.0015109748834232467,0.29376653442147865,0.0009709490616920425,6.078995027764444,14.240111736656257,1.380825790980379e-06,0.19810411391445393,0.47448883513753587,0.0009834004524379276,6.900855602143228e-05,0.00020960758203415414,2.8067411295183852e-05
camel-1.2,1.763320879065262,3.3877799606585066,1.9217009754208782e-05,0.3999541803128689,0.0022753115337034013,0.000869293312075966,6.565644463729038,0.7970215088435793,3.5115029535578643,7.436192002249662,2.847912565051328,3.185873219292114,0.4913816005761069,3.777584594374844e-05,4.653931024902432,3.4467365830743892,1.4702272154622131,1.3736065484751807,5.423466811616528,9.624118100425196,0.045000611956635454,0.8925752239071661,0.7307279347786501,0.028740839933414163,0.01953997399350583,2.1388477540379043,12.066167265802047,3.5577427279036726,0.75433115590625,10.26596535529939,2.7366871181238093,0.00011752172437903792,2.081788807360134,1.3396027724361943,0.006369729673436663,2.171716610717937,5.062918920659197,1.86142819199929,2.8936838351602967,0.28393985332653837,0.8054143624797974,0.00024269836894837105,3.3309906923288874,7.8868376489049155,1.0254811427137183,1.1083188050474075,2.649679495503673,0.027991164305413842,1.717438688320843e-05,9.893471945968772,2.1228671194079847,1.310890868844045,3.6430580634212797,0.0008289346767691384,2.823335211797405,0.07099513212110665,7.174876750429746,1.4753214908745482,2.4104386300911322,3.1451551836429896,3.557299909800319,4.69476799856654,1.3849928593761808e-05,0.9972115460056676,0.004298049428569267,1.2296017812121272,4.923294837303232,1.7513452339268145,3.6244770996516826,1.8084597977033197,7.511850991894303,2.3657815264174427,0.8518852623664259,0.22403666531242294,1.0094250402272933,0.0017731776818294858,0.9055097194399353,0.0007872552794575021,2.7271636369749323e-05,2.6953237916414583,2.020952760909319,1.5124672189352897,4.707419911639641,3.7399188329297104,4.911657838678238,1.4193378954326645,7.521322797098204,1.2085372912218446,0.7068639949863361,1.3089454075462914,2.593426087847809,1.7039392107795643,0.0711628975676329,3.5028292687078295,0.0017805666716924295,0.0013704898696755914,0.014035524513255232,3.139049872412384e-05,1.6300211959991056,3.6631319460693925
camel-1.4,1.004008422744021e-05,0.0003805922282924777,5.242595054393468,1.0670724358239276,1.2896303715902517,0.13863643933635855,0.015352794983176501,0.007744101711477312,0.13670342553843343,1.25677798127908,1.7654349066236342e-05,0.006891166871590612,1.2504963648293599,4.186087279558422,1.2467928875217849,1.5804395749600775,3.1809010907405932,0.008182663011945358,0.2709300273943132,1.3186274309427406,1.3539548733986564,7.952456681178883,1.2198234534855577,0.00011117743799108525,1.2677064199289176,1.5366643650559833,9.988433918650848e-06,0.0886321077557825,0.005137227690607074,2.892157527395338,0.8181513393383794,2.500802718110421,0.0005125854079048908,0.5029597274938999,0.12313014383613892,1.2569069899751595,0.006970065122667087,8.347091937424753e-05,0.12097039237780459,0.7577652919655932,0.1504766714106648,2.535799751577751,5.252733845567149,0.001573598620610174,1.421735548108508,0.034991740445242725,1.9912961880818734,1.4149880959897945,4.883280242478621,1.247721576002064,1.4177751854778942,8.267026817753643e-07,1.9769849404015472,2.528008022824212,1.6553905470737973e-06,0.8038169507169148,0.13160907318060222,0.5185377294086977,0.1184487777784503,1.4608052156903089,7.057257073373805,0.252191362524669,2.899276419230829,2.0066100027328513e-06,1.2478323624433305,1.400897140188056,0.27244624540860685,0.28867021725434816,4.041518009192367,9.080643014322489e-06,0.0012022908939305665,6.2396896420783765,3.940072614730653,0.11923383221043354,0.41721468273540396,0.5818238904460815,2.423652444024436,7.107109973047138,2.1511395731550778,0.010556287438819322,7.060276968902051e-05,6.008313202803524,3.0906622530843357,3.8134357286508758,0.36080282616981635,1.2620251851905502,0.3409337450174747,17.717658586362,2.1894860717924702,1.2714352967687665,0.8597280925724563,2.1030112714165043,2.993299395147086,3.6583858985143127,0.5580539842091607,4.188020536721416,1.6919073204688295e-05,1.262279057921087
camel-1.6,1.3519594452074732,37.6099325714583,29.164244248537646,5.14998307281666,0.03764462395307395,2.20701504520395,4.702837736096522,0.00025416558097534877,1.0012408053389463,4.015191100225168e-05,3.041909019784107,13.717828098638982,3.3194726237394594,0.0007841258019153106,1.2365637441923965,0.07519488241152261,7.549841255753698,0.041213839196657664,1.4230823334289828,3.5936055047183304,2.9870372158319847,0.006009850594918759,36.22908489852991,2.3012205369694323,0.00023030061265041742,3.110579723142133,0.08089828039540173,0.0071278116019589405,36.25410599897753,19.846590913660936,4.630857963614088,0.1172506173439112,0.25919487297390353,0.00014548685771997361,0.0008671594120405351,0.14476246544913163,1.37387276840953,0.0003003616547506502,0.0010077130310652154,11.895314690948297,3.256664723121332e-06,39.94214719192811,3.75894705228161,24.637809015771907,1.1906819401654416,11.064533389964195,1.9550523208841628,2.3550533579182296,1.8261965870050678,0.00012461024218556356,1.5177695101235344,2.1448245671400574,1.2865732987647331,20.264843854336497,2.404095470543279,0.14027106322759333,2.8131589105159853,1.6869927938779232,0.006054631018438905,1.5155853647677109,0.005345065280726054,0.0002984963263494017,2.291650853868406e-05,0.0001531165451593125,3.83269443247898e-05,5.85188681673773,4.688885905234328,7.241819645583224,0.006554115293978725,3.4216031836722944,13.715581466669425,4.386123834252071,40.69096393548223,3.221389295359717,3.452959127508245e-05,36.701672155527305,10.77780849763599,2.209160617970906,6.933643563590964,0.00530682387989751,2.8000035473692413,0.00017710084749070532,11.610853734125898,0.0014213017363027896,19.958867482422182,0.19006833430925374,2.4950761733429734,2.690962811975487,0.443136812807988,2.815890824947198,1.6835579727981576,22.664062813351574,0.18349580811147942,0.00013978048705172796,1.3847876290767502,2.8655131844807507,1.330965575123331,2.3567013196138458,20.675175147341765,0.00033119799551041876
ivy-1.1,18.667048353411605,22.23653611403684,14.138336046092714,2.581214582281977,0.8397216679901643,5.265761250281506,8.424407812113763,24.10626195022373,0.049798199336851375,0.46211643478886677,4.594145011383364,0.0009131013213195444,17.62439601406036,0.1721525296006961,13.831555208579847,3.882571750759908,5.27665516048416,1.9199888208599807,0.003088692394980598,15.68134179611379,0.0007808654831817666,4.426396300015969,23.50907438737957,0.00013329570583253819,22.409034459525675,0.022208720670689804,0.005879578606818488,4.803029163147237,4.304340276824238,1.151304633449516,0.0001423996750338048,1.482737010527906,0.00021582611581100075,0.11571789800393342,6.7280908133690005,12.338853511883492,7.373083976838653,0.38254213954358346,0.008655536897699332,3.3273220996475166,25.45829580638478,0.715527391270792,0.0008008409408406746,2.1186311779179645,0.0008099569503659832,10.659613266180818,26.4015465944383,29.88786484627834,10.257207823123418,16.21205328419292,14.149145976534701,3.1224033107448386,0.9870420039835743,25.83953519529309,25.56605428658395,0.00043401973715027507,3.0544358677540644,1.6277380856880919,16.816102918722,0.000509058805107922,18.818267577689905,0.7312050165836192,3.2983593709547145,9.07498678963592,25.970172450948827,0.0001330158644417696,26.820886584483166,5.641586742505933,9.316005579152066,24.332697636861894,30.311771994102514,20.251333831681993,0.4240444963171474,21.405180736947486,0.04689142716208123,9.99515276942743,0.2011880263478074,26.364511627228474,13.792880907401235,8.725637220600998,4.127078969970286,6.881890855987351,20.5172984002863,0.09479805014330597,21.81602520173298,28.50514946883886,15.286754685293332,0.001382601868762138,1.889184122598322,23.361953138956107,10.9858488125281,7.953062374667977,11.817779868844152,20.77472228154762,17.83409588655324,2.2481487519158123,5.938478986711868,4.942992670675296,0.021308863344123113,2.160069134787414
ivy-1.4,4.5809967336540796,2.526132003911246e-07,0.00015039554583345325,1.1729488893707496,6.787642948627289e-06,4.448241338129557e-06,2.63420398028083e-05,0.00997723307577242,3.3137191076901225,1.0990999627558797,7.872912449378558e-06,45.35489993724519,0.46623956727036064,8.36927403193213e-06,0.7903895877898109,5.532772844788247,9.091442249188271e-06,1.8878501876953155e-05,2.2597847508147257,1.3660678552282855e-05,3.893873261400671,0.0002766091780801092,0.004449614305564312,4.359251216133148e-05,3.883194535760889e-07,0.011760384838324521,0.09314470736005133,0.21823058891043168,0.001354738917490733,4.3697219975628245,1.3122644216059913e-05,0.07215286248020526,2.4495355886170822e-05,5.294786924194586,1.6827115292573595e-06,1.1348231072062931e-05,0.14175122523672795,0.17386935771724568,0.5872616895835631,5.269327824906208,0.001315376429887277,0.002194358167303685,4.380786711542602,0.1635302231133128,3.1521586907675926e-06,0.005200106603529759,0.5925291075275623,0.0001046069017002372,0.10298911262741406,2.7352951331935237e-05,0.0008218780851183921,43.9682103929566,5.215440926490358,0.07542270062965399,1.1218162286048786e-05,0.0660593410369225,1.3728259243136332e-05,0.6590265719043339,2.3024911854433976e-07,5.232849392625112,5.182486351941214,8.636029290562675e-06,1.757317534077315e-05,0.07431824573797458,0.2165148776569863,0.034909111343999856,52.90401943282747,3.4961103946078724,0.0042359655134938425,1.2948019150484943e-05,0.0002888402320045239,2.4483187739042424e-05,0.01928525109134449,0.0019209441768095442,1.4164991405809957,0.7058627658108176,0.06134894680449838,0.1545942700886892
ivy-2.0,0.9554853786326631,0.007078502031006131,0.01686964414945132,0.9260564916702001,1.0003659699972276,1.2254335113030324e-05,0.9534367920331537,0.16541183997351208,5.26774703524583e-05,5.544878366684365,0.07123038814309454,0.015780217741596478,0.0030517687382033082,0.8133927528236317,0.013977925393451945,0.05930053210175693,0.009586076101253666,0.8066892974477213,1.8288271761619947e-05,0.6678363294765306,0.0727651913416357,0.6670654552947703,0.0013181570565689589,0.0009499754468694915,2.7846719647650615e-05,0.002050026424348668,0.000174145330393489,0.0006207205975987814,0.0029709410305912135,0.013327841116323187,0.32860461038243877,1.0850246908108361e-07,0.012430588190078227,9.277334797967706e-05,0.014447606919257772,0.01926758859635906,7.875880950819884e-05,1.5104852279220982,0.3508181877153243,0.003974249728030528,0.017919900196145425,0.008659262733290143,0.010372900714546,0.00047902860960987955,0.1962230601537853,0.036975052321253685,0.07403268019143275,6.97547260173764e-05,0.999559414643778,0.06922857190181474,1.5547319644385376,0.008986994742795807,0.03415938468835779,0.0026860685528049518,5.444172567228419e-05,6.0619874100035324e-05,0.32299154062144403,1.145328023944445,0.3897541527882666,0.07712494044530169,4.2447445903054825e-05,0.0012956296434816898,0.014591094277491808,2.244038805475646e-05,3.536456100629826,0.01335386743290935,0.00010497168063214363,6.093241746281904e-05,1.030979232124823,0.16324318902046045,0.02480352708759641,0.9747831021956437,2.769753615279014,2.010297966819418,1.5371609978056853,0.9057848124845918,0.34824021027064206,2.0110030428372134,0.0004878686824291289,0.6560812707945651,0.02654913368303699,3.6350135347953034,0.34481355785673223,0.019050370264863926,2.167159379323358e-06,1.645315482605815,0.3078746705054422,9.410253984907091e-05,0.3269270979387058,0.00010705451239675149,0.0002324970881482722,0.017504789239400416,1.9881168324318044,0.08582956391229178,0.019274233989691733,0.0003083544210331038,0.059176819546325164,0.014236764032981325,0.0760192002913133,0.01771137269274633
jedit-3.2,22.416790104978304,10.214563751011081,1.2169428181544137e-05,1.5344545830868181,0.2984675245950956,1.3981036625439265,0.23077680752115134,1.8052647106970863,6.515323366094731,3.004370409609993,3.4586409909417624,4.431671841439764,33.517495066700036,0.9246409783090632,7.311343822063979,1.048596584832279,4.975415175519174,2.8416454255938928,26.277980468497546,28.224855468556278,0.4083384932878707,0.17321571277494066,0.17381337284370513,4.729577209796294,2.0917222949117753,6.617687011186157,0.5560244515675928,0.6469045379871313,3.4974292540866463,4.558311160238748,3.904706046813102,23.71363045001735,3.2975339000727835,0.04702606511931067,0.7907100121322445,2.7650170883623613,0.17986313169542198,4.302255151328178,0.8668429151106773,10.881732890624257,1.8941184108575875,0.021250808570348965,9.739969608209428,5.748571592403706,3.2277234229839693,3.0761856673122976e-05,6.463007833196688,0.0001553395657019743,2.1235000237094894,8.923353961878325,15.386304199455425,0.17357636129119203,8.710846055808574,2.0397671922700637e-05,2.625351399507286,1.3851670182997793,6.637510749110933,0.04420441083538044,8.717082083396395,11.62561808764081,0.4139346084028097,0.12907431198968963,0.6684392456344613,3.6603476902503034,11.38413156853698,20.648510333057544,9.653533271249081,0.0001583958761647276,1.4634548984376659,0.6327789302465316,35.30464775015962,0.5715334133963988,0.0007009530991943736,1.082939893819523,7.666424816758063,7.452714882514746,9.130858059846723,0.14687616690512476,10.402734275915124,13.649944958772755,4.054576119285671,11.177541920170556,33.38217577064103,20.571340572069268,1.6965565558079776,1.3944429570199224,1.0501220279992882,1.5264300071063506,0.08127434472174563,5.106077181668649,3.282507730186733,3.3076781570933296,9.877969763597061,9.704265445637354,4.385590362876098,3.209127761132759,0.042036770328315765,5.9350012037942985,0.4190798293239382,1.3769346068249055
jedit-4.0,7.458188788549667,0.5620206043600049,2.401848035409054,0.30761259160993976,2.6725181406977656,2.081305845945452,1.7277590297382355,0.02041811888995901,3.411823367192583,12.438459225244895,0.00021847502500078496,0.4920721497309708,12.25235228300044,0.6820693782856528,29.18075363894754,15.054975338908712,3.465001933743612,0.011817295996080189,0.4366299820997701,0.02031118228491831,5.52986263872879,26.168846552415346,2.8646072327121415,2.8344845455112275,12.881868673174875,2.455412472326238,2.732517514990402,3.2996054818792007,27.096836052980322,4.000948734371426e-05,4.7064225211877755,30.376097508234473,2.529464706943663,8.771253198363988,1.0583127882147647,28.99347442061521,22.633126438365448,2.0055009159291837,0.5296288532568248,1.7213323464752084,31.459735993734277,31.121266887101328,0.7493425065487616,0.012363061365677674,26.751373800370402,0.005373669959651634,0.25621257490574145,11.7619411980714,1.2469683345229017,29.621864277381277,0.7415241137553442,0.047919647962402584,0.6905325943434852,31.380522519491265,25.7944527826215,2.8772233346350418,0.0008134486253805216,0.03147929936875903,25.78656517894175,32.237658035266165,2.548637250031081,0.6912155006736949,1.4645925683484824,1.1405962064172104,2.1829836414102024,12.501702680901001,0.4686578453991496,0.14247952511465123,0.03173110000262387,1.723385505892934,0.677266128434909,0.01119004510856677,2.2591792926105323,1.380930056478902,5.179668039923057,0.00010350624518631841,2.620765215544877,26.652377521089875,4.872342927665292,27.071459214912352,0.5344632160339731,2.32632220260423,0.0007549452105099456,5.540301315487102,22.772540275156125,2.0235857539858557,2.716690653020523,3.0451623926961306,4.674469154461224,2.9841224845486005,3.2345603467308397,25.361966399382762,11.649871419304931,1.9033791226635803,1.9530265707496033,12.224024347558963,0.2283935253765799,2.691088512301489,0.5744435547705874,2.326858391565533
jedit-4.1,2.0851241502027955,0.1468909838378869,0.7629219838782553,53.27569543085076,0.03930186665165735,19.62354223594535,15.498427257331397,11.109735702738952,0.06263729362330962,0.22936803797047836,1.1964654103111154,1.8322709214972304,2.525576755995136,6.249008229876885e-05,19.903888713703893,32.0935568587595,1.8894793055037988,0.0034148687600451238,0.3153799710723919,0.15144375772591193,2.00153404975032e-05,1.2132239068706774,15.327155217960925,0.0021277724436074195,0.4962968698616635,17.983285933837713,0.020728196468658887,40.38627002405142,18.67694533282476,0.0013673521517967857,9.375617607999578,0.00027469167612061173,1.475640082994643,1.068560427676384,15.33174831279498,19.34176574500463,1.1217200190784289,0.13479431719396218,1.0911261210303216,0.05812555786861493,0.0001870664282353099,7.926278869731219,1.401587356777638,0.05790347713593435,1.116090416974761,1.6017517155358996,28.451923645589183,1.0188198091253249,9.001214853585316e-05,0.07273685326744364,1.1362194014369906,1.7441656009496629,18.07113784134716,0.056555985264261456,26.565423215436013,51.95082789250842,53.026193558028986,1.1129439591967354,1.217372986362229,1.3478293652563071,1.0681433930701116,0.8991002052514294,0.0027489998016331386,40.936782390917024,1.9798124103368646,0.0017726442343915716,1.2717400619811996,1.4013204745075607,0.0027894301476275407,0.995513593267426,0.020718930252165466,4.8618313826462654e-05,0.14730188672610636,0.0003653985372160712,0.638061801564264,0.13842044881111334,22.92337397278159,0.00443573393602108,0.06698009685568966,3.4945119396928375,7.571340814063755,15.163182885228649,5.05427116277435,9.619033149510144e-05,6.398745454155946e-05,0.0001228070393610347,3.3648739109603882,0.04155291433342173,1.1931453808636265,0.0016748583404242485,10.175617612295397,0.004263794189438569,1.1528910030419985,20.664304988503986,0.004314380926783933,0.0029472163186010374,11.080389256761729,1.413596856236401,19.50446386950484,15.810276822324374
jedit-4.2,0.0008500558233599376,0.09463238127034038,4.18370448491388,5.863820262007662,2.549718735714885,42.34294826332551,2.881753061114685,0.0022033732754813415,5.0942835583079814e-05,0.001231547713944587,6.137612644408781,45.85328322549764,1.124899509300688,4.620420422072563,0.7728099220484628,5.9550068340169195,2.2737596541894805,0.0006335678088467177,0.7690884848434923,2.972697303411326,5.089291352253509,0.14034707328621715,2.4040369415894194,1.5609912086250672e-05,2.2711887207764656,2.194595772226182,2.1134265332587985,0.5453767020714726,4.8010010467299935,5.5910659303154,4.999047317250503e-05,0.4721116521885779,2.335660183945864,1.319674466720434,2.637743254502146,4.578187493128093,12.696880733410303,44.81279753924921,0.5009354713677255,2.919169206721637,0.9832535704149749,2.956348094569755,4.32057484868141e-05,6.308018358072255,3.862455022292047,5.04425855454471,6.407019098188935,0.07142453210875212,7.453778686244086,2.2771061485345396,0.0005612966089980901,5.531228710090886,43.16155306160168,1.3129119617116978,0.512662856405633,6.233802350221765,0.00015087737963937273,0.24178684179830776,43.15396500006038,41.80154065868825,1.6749086658315784,6.133074401614815,4.884845967042543,2.412649387023794,0.7681415078743387,5.1959095120711934e-05,6.311035893381148,4.774622794310551,14.380107399251116,42.36394493082612,0.5987878741849726,42.46749110580482,0.0011615138898765389,0.10252357889914342,0.00010009067234116915,4.888009564031331e-05
jedit-4.3,0.0008696087065958048,0.743429975044545,1.665670973190553,5.912282744495645,0.009107374145177755,2.979676442140079,10.215087208018627,9.068223211500918,0.0006925974000634643,6.510761552633577,0.09490471558005209,0.0038598225611077568,2.459264401733126e-05,1.7421196747123684,0.019981368776333955,11.928748655449166,47.893981654107996,6.558577205640715,0.02806127618085275,17.51247345433734,8.005989668629585,0.008192216488693447,0.03186336914716724,3.540292706590061e-06,1.885161429509975e-05,0.004061499594439027,0.004068712659301441,0.0003457949095670996,6.1678257134535155,0.0040482214729032455,6.80401739429976,1.4527358498428218e-05,0.03301665779509881,4.7701511068599205e-06,0.027872948208391524,0.003966535573118255,16.820239931518376,2.279245061628472,6.4780817954507794,6.267483997137253,0.02855839571143363,0.004195842709173777,0.016774592885694342,0.0008700055927176926,0.0008631104048802315,0.014988968550509896,96.04789608595239,0.000170820888801855,6.112255510314603,0.02856348255059489,3.8918935453980854e-05,1.7820782699725946,1.159580983760601e-05,2.141162664051911,2.569368147732465e-06,5.4013635536310826e-05,0.042145259985038715,0.00020353849173342266,0.0016435582833690795,0.0004617731236412191,7.658179012040144,0.027496441155924967,0.20194184543664723,0.00012513541941863322,0.0007413374603535768
log4j-1.0,0.03594807523460493,0.9457429981773181,5.564668022811751,5.4421329623027616e-05,4.413531091934682,3.8730787750950704,0.5914827414250323,0.7326520883863439,7.530962231932085e-06,0.5822802364312748,0.3172840866493662,0.4843922589464191,0.027436732733413075,1.2769641925264345e-05,5.2468856628327314e-05,1.3386750803025393e-05,1.830886766904281,6.8737968574257255,0.22366496367982322,2.993266091169002e-07,0.33676453921518196,0.08028657650123695,7.344247911363589,1.8357190797673364,4.0896292664872735,0.09279427802260998,0.864285605358722,0.7588060159273204,1.28895352818649,0.008031116775879388,0.594621477865342,1.3696018271563848e-05,0.641872518950305,0.5486453906126894,4.7477860369874945,0.582367631933701,0.00011167144585231425,1.2887513305188213e-06,1.1788795156310926e-07,9.58347790983197,9.109812809566995,9.927999611769806e-08,0.00021957176196895693,3.7058060900346967e-10,0.014686780446813407,9.324478590892446e-07,4.716139280630445,4.668466680662999,4.758577611371855,0.8753498913549121,2.1565451384754906e-05,3.9656099148420165,0.03488384686611259,5.13764129793501,0.9543434406987299,1.5347164881125805,7.34810917931157,0.20913990361965312,2.4329192286649883,2.1155739464775365e-05,0.5015251288948267,1.6997053846241217e-07,0.7409348940411367,0.7239076122557984,0.0015385509712433308,0.027026576290105103,6.507323593224296,0.8859032335228474,7.337115948660507,2.9629480977471223,2.496220551910435,7.253080115710761,0.15063042364936965,0.09415600838091859,6.531319128565755,0.0001010451815767257,0.007929575269626284,0.0008380498533686804,1.2767529819888161,4.16791379728229,8.038399228242736e-06,9.927999642020874e-08,4.95319645584923,8.116473978411415e-06,0.10340572772911596,0.2673846406028094,0.013278163050395083,0.0030358131949270307,0.47531330712750064,5.3863702584014285e-05,0.05258994267597686,0.026989987907417887
log4j-1.1,19.118333838755383,0.002223519297856726,1.485524545864653,16.806501869765576,0.000814481602158079,1.945356319870914,2.490934950675693e-05,4.703162816742286,26.667561555888486,1.6549411467541009,22.16048537056952,18.937355564750355,1.3084037163441136,20.491338978681227,13.668075302926631,2.4901197411573595,21.411416863986833,0.23094295548091248,4.691521615569643,21.526602440838754,1.0214403145278428,4.035270178638154,18.561757979461262,27.267878527083262,17.639553496584583,31.433387846622782,19.19074726415075,16.381097001432085,0.00528790095082699,1.0655581904328808,6.931417107824289,0.13645593474438242,10.257358656296796,29.272931171900044,35.45424689025672,0.5848783044779229,1.1465376385937607,26.804527336604767,6.503021393907352,2.1422342288902523,2.562531791025809,22.244659880125422,0.44528388451535433,0.049964997056238185,1.9043313302485296,20.017482404049282,2.251610018432322,24.13488593108451,32.153794053089776,5.864604842143451,0.3195509334949947,35.54552641851135,11.729800606362463,5.310116586944336,0.15936167064072285,19.544101689315582,2.1360997692843426,1.9126391441454313,8.36692932397974,17.362101073924702,6.083545022490341,30.84739819827591,12.905546835427193,0.006347953794367169,9.174882589548325,6.734255740681984,23.518130242400748,3.103768003973186,0.06949270342938026,14.166758747221712,23.152378684606994,0.00016816353736398969,1.7941627224520331,1.1574286004514271,18.319588368352512,29.677727979242984,22.048401060244764,0.009023366347292304,14.317820569445438,32.98064153270914,24.071784763171266,0.9185380714912217,20.71505271776789,27.940965886175555,3.265576647471412,2.262438453116899,5.1494450238459075,10.28430775692534,3.186998678279701e-05,12.289584189988489,8.737861730684585,12.618138471152479,0.8013729809960219,16.00662018114588,1.628317181713919e-05,0.7864530344960162,2.144029572790479,0.3285635247958275,27.805765781162407,5.6419076018161265
log4j-1.2,1.7763646462441762,1.8968973401001001,8.646937930433115,10.157924858932837,8.165989604744611,1.9460266848355263,5.365859864729538,1.5117739473504952,14.246036120484757,0.0005853165491875233,0.08227610308179284,5.486159933095104,2.43893848177786,0.00132224610920006,6.46675137305541,0.0035298059712323537,6.512202050790639,0.006702384772784457,3.727824975051013,3.3611585476969834,15.17703983553833,1.3680492277102565,3.400168874262331,8.792796425295393,0.5980340702363459,0.005402821224075742,0.17353411000454882,0.07024852292937009,0.09245188904617331,2.773442430080441,0.006899771006812538,3.084398118153521,0.00659490567067341,4.72463234341453,3.1130067579301413,1.932294283945406,3.5291921685105776,14.068594085053725,0.0037832632443322296,0.014643558529390612,0.00018025585074031165,3.913416929411808,2.3480545908780037,6.645187167996488,0.003981419877069139,1.9331216356700873,1.8200234609240147,9.758872823876715,2.12636951672662,2.5388989288583286,7.6617456563081845,2.1262515919241416,9.15257200537619,0.0011121365239348242,12.136637678867466,0.001166313732487762,12.067317516161888,2.01054300536613,2.2061252743534956,2.8256727909257875,0.01504603630047416,1.7902418179302941,1.9115326027517952,0.006555345012513092,1.3564985468154864,2.039598207359497,1.8898285937192083,10.663596209459934,0.026154119408318126,14.591509437862044,1.611319453631082,0.008286812504104445,1.7758575885532486,7.240284259567594,0.00012871646024784303,12.495196205474041,0.001490037947976508,15.986896589575522,1.9527641181998272,0.00032672238482016786,0.07287244056073358,1.4904085813006525,2.2117533734807684,0.29209852905658035,8.597801886521356,12.56784976368126,12.2668267349805,4.536629649724569,9.637272545112022,2.814536708228952,5.449808257946879,5.205891997175792,4.004892378252152,1.7297585641434226,2.120787222092105,2.9567628801760053,1.9250069853568912,8.052023014463593,3.527338546264626,3.209651335835217
lucene-2.0,0.00014692927776440736,1.5572843450914853,0.9780542209372075,1.5469334369191092,0.00013712422081887314,6.807752213436593e-05,0.004281588236450319,4.458720008609116,0.00013926346740084474,2.1187199842311024,2.1786770580784283,9.9528471741099,4.644014334438429,1.3702303832888476,2.9599336469549034,1.6784709669891565e-05,9.248322742276874e-05,3.173687656960093,5.2893582554061345,0.4173354491548496,2.005774562987155,4.44318216166907,5.290235503104044,1.6073911112763646,0.9526670157618913,0.6449327311817037,0.7390495841446095,6.484877958410997,1.604713399914532,10.562336675302795,0.7465296454407029,0.00017694159239560272,3.236974133484975,1.6536027753157552,4.920561975747301,1.6483017556213413,60.23233407936018,1.4672797333294343,1.859698498753723,3.026925018580254,1.5812413282095472,3.429326152098875,2.782621250733394,1.9777300715178698,0.9695572518459284,4.68620441183938,0.8350632870195112,1.8509600205038423,10.616123295452827,79.40395753111399,0.014025277995692604,1.8825506501539422,5.97808308151894,3.1715981502596065,0.020842641222752728,0.777942767357779,0.8908246474704697,1.8097350869877808,0.00015857960642714572,0.00011636305867055245,3.510465435545476,1.858539573752726,3.95528537027368,2.031394467329021,3.959754957083861,3.176720583829889,0.8642571345169596,0.013909996319628751,6.321163251309618,1.462164938891126,0.7415826116811159,1.8997050203841552,0.6714385491183684,0.017811894680797476,1.1082476442762206,3.2032278051049294,1.6653283400907566,5.3706248935278005,2.2177136948482503,4.597901161652632,0.0037177466841165933,6.8446074510741415,0.5568372222865277,0.30015271149218975,3.667830642684937,0.00014356047974199926,0.5342251834747914,2.0611690348455167,2.2652033835826955,1.8728911279069798,3.2669672626927135,0.7904944807511164,0.3704707636959522,1.254926316525133,2.3073869649519767,0.00013492947078247683,0.0009754426643810368,1.5849258642428683,0.01627335563279887,7.401524130207197
lucene-2.2,6.054813030423712,0.0015977144177321493,3.8343311768129262,7.793192479860653,4.016873306218219,0.21772082763397124,1.2072615735914487,0.8443313629443576,0.002429212714840561,14.176870885787293,28.076022593814255,0.5513070573917258,0.0010207152901477042,3.018655282775396,4.529483902359166,2.371627464247175,27.571132831177763,0.0002475814326781129,0.13713817006286544,1.1712406784605764,5.210834935402272,26.49926541943964,8.955210008818614,0.15470102716757705,12.779630219534534,0.0033012525181328146,1.16003278448394,0.024825848898483306,10.47731841150568,1.5534263137097493,9.520604652135084,0.045095311875790425,8.03530211229995,0.021019977394869778,8.418201505435055,1.4118669012211857,2.3906297442087583,8.12789848612374,27.11212015379967,2.0729762930532245,13.007202698555501,0.11898517018423259,19.566135733375567,11.56760533988422,0.05017925490449056,5.80533030464697,19.64636413147385,16.518810939857854,0.10004763234794327,10.37965927035044,18.303968241247233,2.63226013524538,9.982819428266433,2.0457076777197756,27.042505022418986,5.570425374818818,3.6698389736501666,6.252620013278932,27.251522768643426,13.176395485182763,5.419655899222599,26.49932483680285,3.42088743429327,7.900739168051271,0.002220180324712245,17.285903381357336,9.287839320774742,1.8731279152185987,0.11134151053580503,17.103379820031364,1.8153841488614115,11.336217623362227,7.777118869100223,12.430857180672026,8.100945548573465,3.0287674247333642,4.050659768495882,14.943593935812313,6.331852314699136,17.88287700578764,2.8423469980561373,3.5511193055628145,6.983273101458936,4.3236547530026765,18.34259172394178,8.09820820714975,12.769523324409594,0.006122020761378339,0.2342394130884123,9.233420617081546,26.353079804627377,3.123977072827355,11.046256636904301,7.79509704594375,3.826663714270181,26.85497328390754,5.895340442020243,0.06645588966954136,11.86785193204912,3.0294189250618615
lucene-2.4,3.2641762692843286,1.093374582481884,3.3404910427479697,3.793385817959968,0.33949657649899007,0.09801731839542119,0.00769210224908813,4.521106049542028,0.08408787252223694,3.6809393754554343,4.3062389488040385,0.03204179974381233,1.0876233039324354,3.48450335276943,0.37548261802907634,2.5848179396096875,1.821831499446183e-05,5.868409843004654,0.002027511235302448,0.4593905475791657,2.204903240279884,0.00018558370235580073,2.17594802784801,1.949914268155497,4.245730370391983,0.01178902350778765,1.740287618762348,0.46865425471634126,4.874545626579131,2.4340125179523846,0.796112812982303,4.658964884059296,5.932544213196582,2.8563564540074315,1.8784896807249396,5.258464610796998,0.3768528068846046,0.0020143122425717043,0.0004748274573307359,2.1599936740709365,0.001943209203223628,0.8082070166497444,0.6620928129308647,0.08080401714273079,1.15996745395539,0.02284874953478951,2.1072168311043584,1.089176185289816,0.0020885508324637423,0.19720936112990634,0.08634643889156154,4.1667493019323265,1.390938148029991,0.14167900343683268,0.22732235671490394,2.9739918970893844,1.1886867563403984,0.00712892243679966,2.3096528005693537,1.556867395447445,0.05755224703445226,2.7341572563614647,0.4542280643051298,1.1459430973701223,3.456158507878468,2.2984778122673757,0.12426878046980128,6.075200819330444,1.9777577941215085,1.9425784327455988,1.6567520511465563,2.67606040742997,6.675545611161217,1.2940385601159257,0.0012148982279225106,0.0037222092787402208,0.22858467832764856,3.9411411426725422,0.0005627877034934071,5.400944276435629,0.0013439302529235258,0.6401843017230557,3.1836174330527376,6.704917875785705,6.164173349239075,1.0754639915656221,2.5729410569242455,4.088126772522359,6.969165017262695,9.010745941108867,3.32069160774126,0.00318442265156829,0.6785897711942692,0.0003557260653264994,5.079186190256,0.05057311418701995,0.314969349787311,0.309953766179337,0.0012260587289054773,5.558117838460895
poi-1.5,4.796441407738893e-05,4.640211696022201,0.21933381730427165,1.222245784880509,1.2886416792057065,4.177569258553525,0.7939324027992138,2.6917955404302143e-05,2.217144619851147,0.00024056271238185827,4.250335440680678e-05,0.32725512562614945,0.9825696263204017,2.045160151525922,0.47974098038865676,0.0001463768324090434,3.7350647589751493,3.343271637976895,0.0039791464034008555,0.010208601129521593,0.06332627328422946,0.006807799087779592,0.048515937428182575,0.7479127657641448,0.0036145270043558535,5.123344510000067,1.3547248860042422,2.515746451096914,3.4670477698356694,9.275919776975174,0.00024905315447068126,0.35216374886619534,0.0033471937009608484,0.01377909490280208,1.5214024395571746,0.5305474366102894,1.7642612659190189,0.5503545492946136,0.5414668982087124,0.7021468846211621,1.8102660461519804,8.532440732670576,1.9027749712488524,0.004006011930825608,0.00010466167181333259,3.2011039087061244,0.8460564087163889,2.4340716611382383,0.48714487675225104,1.0496319731601624,6.962037144678066,1.2132068892668841,0.5278218911636068,2.228136019142145,0.538852803666267,0.5726619783674456,0.5385621372624355,3.6159736874092784e-06,4.14845370156472e-05,4.472726202675303,0.003565542355130089,0.5386654909058066,3.4276974704478587,0.9582300068105274,4.123922863836803,1.6901633631463304,5.702164122698588e-05,0.7276448266777933,1.987534812812045,0.0024866683073755435,7.540409711137339e-06,0.356018602661702,0.013813225042423069,3.2028550164500977,0.013876140119086106,3.3203946871398693,1.730736335014846,3.6014890156589616,2.0548342670480485e-06,2.8145760396918336,3.1133539981934057,0.6942569515965149,9.236460804378174,10.376491609196343,0.9697246304968027,4.416787627258911,4.884329575154226e-05,1.257071598341845,0.5613693616766022,0.00670111958556226,0.7043099023863817,0.9960722336865548,4.958483935104884,0.8011321278703646,1.5196111848316052,1.7041137912118038,0.0001598437977500978,3.529532431521323,0.4973036689146744,5.357013641081391
poi-2.0,0.0005714325840214108,12.287786884673066,45.01691186686902,0.36667321030161054,36.65836372057818,40.227542401810965,0.2313617457660484,42.2089277832231,1.504901984966296,40.208404867035014,0.009081694782022417,5.305968573448346e-05,11.559569044606642,1.4786807458999839e-05,0.2194107723913136,8.758676293993249,0.00949388958380226,12.681150220287096,13.068899027986781,0.2223370736796433,8.758714459044796,0.45153072055303406,0.003396704413982003,9.751134408746916,65.6738702746295,0.0034040780172093937,1.0618379651856027,10.126096988069905,0.3212308895053358,36.943341439785605,0.42270092953049565,9.611181047102315,0.008904501728802897,8.059542251256548,0.27952993431470846,0.25946961723733375,7.862038676266675,10.085255636689586,0.22211661849582115,0.04196555749656508,66.78896924172686,0.035506187510324465,0.009245527684435187,0.001425600229511291,32.017175251320324,10.394082301721435,0.014634292626626688,0.00021268577262228245,49.67392500482783,9.058532915001141,40.72746005089986,0.15788283105608597,2.9197709487004837,0.23371829081054576,0.00012018692647759482,2.94934392988938,0.00045540226536529705,0.585648181730919,0.2478752827420034,8.196419354165629,0.27930163652053075,8.117613965297757,0.14899885920764405,2.975849850525263,0.1037305529688986,44.37015086542791,74.23985361290873,4.460404632256731e-05,0.009649634190947264,12.351109455050205,12.072556178549448,44.43989093085877,1.3673476466144558,49.41534158567971,0.04273002351298595,1.3349604737688239,0.008739269104876565,0.0015493027591764299,8.797677896164625,1.9788375650940258,1.187940560551248,0.36270471051592545,0.0014796410865848867,0.17759326042155604,0.008871715857307933,0.001558520082302896,8.058169014748612e-05,0.0085400701804456,1.6382539930878053,31.219779703899388,0.2827023280747101,0.7442350792293112,4.361031662973548,0.00013951549225999123,8.149428190523052,0.44261342174997587,4.244682327254848,0.28252174912915806,0.2845217852137152
poi-2.5,2.6398805385519074e-06,2.45477875583345,3.5882233052207946,8.761579220649978,1.1562315829072698,0.11231724330497889,0.4418433152809361,0.0003520892497038802,0.24956668834402146,0.010885327080684185,1.9276232196737448,1.593952269846687,5.549932188592513e-05,0.0003720604600465673,0.5349961363966085,0.5172264634556771,1.58528972722346,14.701646941323112,0.3595757893090329,0.9872078697985683,0.10670926188677968,3.225664545090602,2.7833688760830015,3.7325953432081986,4.5962817896983825,1.3660189041541608e-05,2.27145961148707,7.764213642272777,0.0003900641406576907,0.8472299659489487,1.0869632889873913,6.2511731633785645,0.2119375126952455,5.027993365227413,8.798339855547948,0.002399763861966745,4.468050039719061,4.989480422529812,3.550110467897425,0.009986534706892708,0.01745431043796292,2.4022261321530687,5.50421802301744,0.14671167656798142,1.1363008135607084,0.5329466736392564,2.0655677451711467,6.232811236401112,1.9718899032887605,8.503701386311915,0.0002087444537797821,0.442995713054859,0.00957597090689208,1.1344210618699893,4.7103068263312196,1.5921572943110798,7.9518495163464475,0.40771959031141025,0.0003706783553826026,2.3688028295886556,6.571384482565185,0.9146325416226241,0.0057178808120383045,2.881793717698783,7.523804088518579,8.382723625185882e-06,7.674050651889502,0.04373786583450038,0.8800552713547609,1.462774779292237,2.657191668185582,8.927671894514518,1.308473171811051,2.237140516338739,1.2754366840848697,9.068840817839305,2.6762046753750774,7.188981545168398,0.6297831534726165,3.885928719499958,1.0791255101352601,0.010365988967697536,1.8949188850163683,0.37025316110612455,10.390343843367154,6.78976274130517,1.4321898381434032e-05,0.0025015479868427623,0.9835516962916092,0.00021217479160141054,0.44318058720510656,1.5829448386349894,8.48297843918674,3.153685793926008,5.5660539256940086e-05,0.4289510078964173,2.5371801795584776,0.010612238214313683,8.21873796823142,0.8942613574038715
poi-3.0,0.0033312607313521997,0.19916534503539496,1.3542919079567024,0.2817827969674879,4.174210107417927,0.7517988372979097,8.859360502158713e-07,2.1234905765295755,0.8135839057819475,4.30328325773085,0.6342430743881625,1.6942820305454258,3.59927036964432e-08,4.522897178299877,1.4938198734298707e-06,0.9828189880859723,2.1814082084899598,6.7253819163611075,8.868527956240125e-05,3.1021535330002514,0.2745073588864196,1.910308986106946e-06,1.5617985044756066,0.1118985702047208,1.9364678201568484,0.03038695728231953,0.005294360429599985,3.9395794018074097,0.008041713730109902,0.008381212006035577,1.6238637884538405,1.920391490011554e-05,2.3401753364962152,1.129020960603742,0.5692726090151237,4.668009397212813,2.232842738826294,0.5501167062402239,0.008341177882764561,1.8097360811393406,2.3183402968274314e-05,0.07472676079498554,8.403365872279116,0.0039399201058514365,2.2805284140512105,1.9966798522761484,3.9534802679397014,6.131922870047248,1.036946402138348,2.1526612071441047,4.736830254375335,8.4439921969501,0.5501892904705911,1.9627587849618067,4.146846306722157,0.0004120038250402683,0.07599935068574824,2.684447190509838e-05,0.7067808404993724,0.00035086119982380556,1.2139345953266965,3.872325219192632,1.713582429531027,0.6776199312923525,0.0055340952842485944,1.7713474009511736,0.032750719972442555,0.0044841681591116685,4.488876235304535,2.68817987991814,10.579193923432907,1.3922975656237961,0.23289944552977282,0.0034221070609955478,0.011933995525185707,0.811854768540971,3.0417954649387923e-05,6.046532912301561,0.8655335595802955,11.755810893404512,2.3065058790330357,1.4958660629931309,2.400878118496566,0.011931000911231587,4.463768160247421,1.4447930913982505,0.5671499854029093,0.00016419154092196792,0.735877255774246,2.0383723048830165,1.6690779724596143,1.3760631329370022e-09
synapse-1.0,7.000622116610828,8.054866295565231,7.591569021762616,12.548674329771666,2.7541645718847367,1.484752515157974,0.1145461743808432,3.7953398632732798,1.1172233338709223,0.00021939970770194322,8.029059105050441,1.0094096795237884,4.246266001552865,4.958953177916758,1.583383150793178,3.3365568086840227,0.6164690351781934,0.11342516133372058,0.00010672787767821454,0.8330754314576594,7.523200571547069,1.2372114041958187,0.10217400784411576,0.16003226527581402,1.2795586391851712,1.3231295781558265,10.404673300618613,5.7592620604366385,0.1445245674267811,5.6280638955774975,0.11941699986347121,4.113816249533703,0.4165119920406716,1.225697459236677,1.193931094664337,4.064269487214859,0.07000116388340924,4.309742614193876,2.9425387297476817,9.28197194465214,5.103518943258145,3.3843015384503256e-05,10.631341257338628,0.006965094327872631,0.15737459746837348,10.129343822669327,0.05329924941271511,7.769553122457763,1.3296500046700013,0.0002303833138841616,0.45366561781597836,6.091084262452902,3.141307587462939e-05,9.084273719787191,0.15914857125953305,10.149801658166073,8.438359129699647,1.1057240936102313,14.66142375281425,1.2103536935817458,0.15922971776277536,5.368712763741345,0.46669225465054276,3.5168117938639004e-05,0.12404761365335612,0.055698905920371355,9.107368942170451,6.42072843163812,2.2449313880712167,4.0132281560929695,6.60195956565788e-05,1.1660125259335639,0.07109056894481185,1.4317506765615986,1.800266468967647,4.26409252918314,9.230223363783328,4.107973594806275,9.956330510551137,5.311111064870719,3.261942960476925e-05,3.8359914743978374,19.03775426096071,0.11631175848193487,0.7005368922583612,0.1458138549062786,0.7059011736366052,1.321486275389874,0.24121061795484758,1.012410207933809,1.283918895625124,0.08959401104843047,17.721831656404117,6.65689290345715,9.492465209492348,5.049931035803043,5.697720838810536,1.6204439052580273,1.1621741484726247
synapse-1.1,2.7285165478275953e-05,4.556141785760724,2.0880596322522966,1.3549858749833645,0.25083092353502817,0.00016506077643655936,0.5412018406189958,2.9343479195616187,0.7701280087083617,3.92451057476408,4.591398424586404,0.01152825853087715,0.00023938299920676123,1.9412225909439138,1.9091168612493676,1.9894086688841517,0.5572062649055781,0.8147926282972329,1.8532757063409617,2.839336934625996,1.9725150923918544,2.07966241746592,0.2794684675243864,0.028940464266478404,2.1822787649128674,1.9286118515268353,2.2365157058950067,0.43870274360999006,0.6314178942773795,2.000184793842474,0.6170172269648058,2.457170657686395,1.3533666713585606,0.8774516480206134,0.00021829221881997768,0.00025471128860672236,0.5366143358960935,0.9495191708967355,0.8506309918142817,3.0884188901272607,1.3959618635822586,1.5621494935370337,1.4271445407983648e-05,0.6756791534414018,2.6731542133193747e-05,3.6945227882015,1.6898582482990613e-05,1.6502365820543905,0.8910162912490605,1.1491412637669043,0.6258121548679325,1.1176193344434127,0.04422034423692461,3.016818383523393,0.025956257801678834,3.9295036882606184e-05,1.1671603066899885,0.16065060420001745,0.02191969732163259,0.5985862094819332,1.2683063969717425,2.211912642601644,1.141273352614126,0.5428279247163305,1.4419986844725001,1.009624479682161,2.2983210189368624e-06,1.0545204141206084,0.021058073307024427,0.28404880775887503,2.167964874540419,7.742650096561747e-06,4.021231318761231,1.42108658397309,0.03013981117014923,7.611868928637842,0.004928089191609122,5.09425232055264,0.00016649528036159016,0.05495394801273847,8.232052978629763,0.0031262727842657507,3.095209289734538,1.4936201707949393,0.0403096438429137,2.381172734433661,0.6414786873361159,0.0002505339479842631,1.5407075947521327,0.0010861650358830713,0.002655458801902404,1.7326638544927688e-05,4.039375015786057,1.0098059841843654,1.230575497676249,0.8932161748586338,1.5739257607972123e-06,0.08397290300446542,2.043527220315791e-06,0.35082695070833697
synapse-1.2,1.0372140008885928,4.35552411488626e-06,0.04377094643690017,1.1856729495041085,0.00030244633929416714,0.0010993434542023906,0.020336069268453365,4.8065750301313965,1.0303737354330187,3.9998075243972884,0.08720423073584636,1.923466873746502e-06,0.007327065555243956,0.001226230073088695,1.0445510583269773,3.767106071098897,0.06622773069424921,2.138375608669007,0.024447650724468195,0.004983996886632022,3.051459804769219e-07,0.02291206706351377,1.7307866954537174,1.3074896324089702,4.757738160002292,0.5881813367709755,0.8937868664989528,0.004244861960522412,0.9739162259004216,1.062172605667297,0.0002567067868111908,0.00022504253300010836,3.7514569545715926,1.1248899273116262,8.736771841417568,4.038763718167941,2.065431397507684,0.21566556505295584,0.011124996721640145,0.006058351131061003,7.213186469895512e-05,1.1153038774162256,4.814838615400435e-06,3.6065999239581696,6.853262660941475e-05,0.2183098346871333,1.316203811912369,1.6146596897614337e-06,0.0001339373367084961,0.0008712334602374556,4.1288626708713986e-06,0.055189342165326734,1.0313962048993779,3.874093052257819e-05,0.20705584637981778,0.12900221721237803,3.344377812101545e-07,0.022926956755748365,0.006341900462576918,1.0256825671075092,0.24027565917843263,0.0591048125858551,3.9258545934029465e-05,0.5779039037421516,0.28367367071736893,0.008613820892182137,1.153381245133926,2.6574343185725513,0.7016220968952653,1.0626729833600472,2.2776897068603565,0.18445004148741434,1.121351751440965,0.03177522882677341,0.25427947917565513,0.006314230331087164,0.00018377244884652604,0.046555460836771284,3.6328330421348953,0.022278258707569536,5.9907212078837606e-05,5.4567181885995246e-05,0.0010329554843206148,0.7139679554023788,1.3343863588483103,0.005101489303854256,0.20538739678182408,0.027684786627112264,0.8159326847470649,2.4882178068483427e-05,4.734059207513255,0.004101768663876423,0.26894905521918044,2.9592513047759823,0.6101392620517485,1.3809302548685125,0.0005287147106224535,1.1163358278997133,0.03630280274453389
velocity-1.4,0.00012725442232300506,0.006670680658231624,1.0287607368973327e-05,7.847923710146249e-05,0.0012177033707196233,9.139328467900729,0.1531317373242532,7.173920695833185e-05,0.3196430223107089,0.3196833716206096,6.168060806731884,2.9174337954990124,0.006927986061966057,1.4517839831488166,0.36168304595879724,7.688766623300532,7.731339933931089e-06,0.01891857233657389,6.480137613294991,0.46346020865393045,0.0001287927714358873,2.75960689608114,11.472582288453458,3.7197369234548525e-05,1.8811912321880312e-06,0.021697556402227286,4.780965505344789e-06,0.00034054780393018573,0.0001849220562926201,0.0002301382330885556,0.37299866886184163,0.008855776634083398,4.723643917738944e-06,0.18327372164132266,0.3200067537784986,5.492550628533236,0.05467802622354573,0.6294844557891166,0.00021433464809040247,5.228075794663164,5.959348540608292,1.67648848152381,1.6714115959932713e-05,12.273677793206396,1.748393506674381e-05,0.07154424680141995,0.32162228517052005,90.47742932133241,2.8771820865098987e-05,1.2579586349272325e-05,0.3146663747433971,0.17664005732014945,5.540924103829108,10.23175967257871,2.271106173008342e-06,0.0007264812503053804,9.578655727360727e-05,9.349104154394752,5.278789945555667e-05,0.00023285908166575361,0.5899080380240929,0.0005709822709750451,6.624351937130947,0.15553672866618445,1.0272822843145084e-05,3.248398172210724,5.669811827983641e-07,90.64524412029377,5.52666802693017,7.609676158400973e-05,5.999234566265258,0.15974287388546596,0.00022534971970204981,1.1446193452394209,0.00021367991428040457,7.093201633722695,0.8712842941755604,0.3631635762661812,0.0005788017323022907,4.258212288372132,5.545239188451475,3.4972337950336865,1.5327361116948697,1.8023029487808764,0.0002105625634210064,0.31957542357922697,5.8558027521120105e-05,9.894933139549599,0.4005272394321251,0.28484958600769134,0.49481588598167703,7.66552138889222,0.15712372931269178,2.7320703602800203,0.00041157605532972147,3.2494687967167676e-06,0.003231996255997846,6.986218161744765,5.690033530366324,8.315059226618563e-06
velocity-1.5,3.009143674182991,2.364964328583067,0.6143124229728931,2.226223562005705,6.596605315661318,0.7321996322208384,0.41609798560462946,0.00017550622212510235,10.562580600580729,6.625429962280646,9.484213901219519,0.0004221858238391724,0.590148624165625,5.729886630757789,7.778516805850114e-05,4.497613791523838,1.5239731266053527,0.43850437113671115,15.084923865241478,1.8471989913709679,2.866561415451521,17.222896810323356,0.40870792850817866,0.20818065512756465,0.0005752359546143205,0.8612471395431198,0.4991575281343965,1.620305582463345,1.0712103641367663,0.17858274869927315,2.103801666583814,0.17800193386512084,0.06656084975271921,0.24337536513795038,6.1130777184995875,0.032362416022437564,0.4179752166467391,2.7181338094824192,2.963431820572771,0.003641197042498262,0.01293044068708456,1.4792368024715339,0.5093190874520173,0.004657879414578179,0.2433867947022656,1.452531821279945,0.41879489330103975,0.0009096376956994989,1.4321232358082252,0.4161004671528184,5.317870038691254,0.3091132558596347,9.538449882209152,1.178062050756928,0.045009358100607015,0.7453885229747995,0.7788660845747496,0.985612125336657,0.307875686067548,1.8307856417002468,0.0037428790174264927,3.174447281748087,0.005746888754579039,0.41743979620709665,0.04709529218953162,0.19539814569690883,1.06049291013272,0.4645326016232922,7.452641074891637,2.6228968206658485,0.05579461248279721,6.840146946798549,2.320404908251093,5.050248171094204,1.434595912114177,5.219999047357913,13.929384992871809,0.0004424384075771818,3.6236451246923007,0.1881833106491384,2.0249404874783283,0.19156587870116812,10.314706065799275,0.00012812538399981807,15.161243833833069,2.6950050894554023,3.520702033090204,1.3018086819246486,1.5704528754102376,1.562375001583381,0.665404158809522,5.989282257617295,0.004734418027157993,10.401998725954822,2.0259558276446614,4.9111737692350034e-05,0.17874774066444588,0.012214108278174497,0.04304961941459623
velocity-1.6,1.6333683106589252,4.197989603197209,0.00011558435257175159,1.4422228186706094,0.0006817850632324428,2.836355750375675e-05,1.6373598454715932,3.101130132902651,0.23074465758027574,2.56989347037793,1.574851977375808,0.698183093472094,0.006823539058101522,19.897457128177745,2.586964432315619,1.1732452738788146e-05,1.6325174805546336,2.9871841595682027,5.61073846936965,2.619605614345179,7.947427501660337e-08,0.24862621114993555,4.8002645994928965,0.001988422574384109,1.5933401578023747,2.5813765280398164,0.9724857519935022,19.91200894716261,5.146945434860812,0.008929330641104837,0.05814442484915629,0.03399293469923911,0.0012648423066735142,32.965831494431356,0.039711854761298966,0.6384414758116199,0.032693099793193965,0.5593695150403637,19.578859049832058,2.6780619947481155,3.4791756484012293,0.3896537395211408,4.221893936909184,0.6820234146319205,19.14964874513258,0.1108614105473868,4.143505398900741,0.0019406408188246598,22.8973658088603,1.4811493891475187,1.6049142837314407,2.855204234006334,0.7551478832244277,0.0006559418341337147,19.064860326334166,4.221062568978505,1.620747724113094,0.598173772688246,1.44660840973497,0.8635472532522005,0.6027697933335893,20.12468425308757,2.575039577102235,2.1429007958283544,19.18695983920357,0.1338904227881045,18.174583525664122,0.0007728898349436884,3.152799844856055,0.4344492439464681,0.004305783616235205,2.1506828983930646,0.00035969743296197033,5.188231008917106,24.46526971399285,2.584734302666059,0.0007290821886598474,0.7829240227213456,0.6821802002528737,3.9936294880206886,0.21449374813790129
xalan-2.4,0.0034509211564335593,0.004311202275321866,0.08720100394813682,1.896350972122773e-05,2.6483549260832736e-06,0.003104946655550194,1.145197788643375e-05,2.3288338198423983e-07,0.0033678852350275544,1.7921108327297812,0.002977460095834276,1.152692994707886e-05,1.9088995607962954e-06,0.01323818534675447,0.00011734116448653259,1.8594789807637936e-05,0.7999849658989988,0.12498594097383034,5.075835346690606e-07,0.11379634950580021,1.8253856994310934e-05,4.9998471685882035e-05,0.8153395565559499,7.137510560398136e-08,0.08460095676202171,1.3323658410461538e-06,0.08454666394492098,3.529852940501029e-06,5.198686350353292,1.5902503766435037,0.003377197044668518,0.730542012435154,6.76390658718507e-05,7.395206015509695e-06,0.0016094007074339515,1.3546311684399873e-06,0.0028460025176697797,0.012722061423062375,0.002942681372438932,0.0842558632757554,0.144951487517963,0.7977879989235078,0.002967501662014946,1.3448626482442333e-06,5.75439260030235e-07,0.11349533423453334,0.8168138857098882,0.012966382868114766,2.500787759813217e-07,0.002965404202566991,1.2049962996019225e-05,0.08616340278243881,0.003369375201098866,0.1024177670037083,0.9602469909891306,1.80690579396489e-05,0.010095804229579619,3.5951435018863447,0.31544817513724244,0.003364191307446714,0.09749401064026235,0.028414140561484526,1.8065314904613376e-05,8.290236526511193e-06,1.7086090144886204e-05,4.0740156417515746e-05,0.0030387293749307145,0.09757222481322139,0.0029572774946259707,2.690281409391629e-07,1.805966576980931e-05,0.0030524638379278413,0.0751985840886312,0.8743155124557702,0.002969340337901303,3.683600945168002e-05,1.143555993111795,0.0011836087817979645,2.202470520065405e-07,2.242601886827288e-07
xalan-2.5,1.0557698050584308,0.0007303078152384962,6.517310458260224e-07,0.15589116869900993,1.8605145654797584,0.2582564277201677,0.027414094207816393,0.9217348481980224,2.0499571504675993,0.9703329950009734,0.009987956096486924,3.219238249785607,0.699969629550529,2.2515764006439235e-06,1.5751498311637886,0.5759934907494039,0.0006801115467159824,2.794513250608473,1.4805845514480123,0.5098925931044334,1.767402143444555,1.729674631969819e-06,8.701696525542852,1.9552395577472742e-06,1.051729749345995,1.3223763495539915,0.0015043581636248948,0.07766769544661571,1.8462920069967761e-06,1.6965508603344928,0.9217032586456001,0.5472108716744563,0.2579408229798646,1.3513721366205176,0.653551746475369,1.053492140465168,1.0569268924853594,0.03528530729472407,0.5109918378595589,0.0018027390684666445,0.0005587130866306523,1.605920466900597e-05,0.028357589726512523,1.9004843141276202,1.2046762219100298,1.781313370891019e-06,0.5094515330892633,0.6446373917763675,0.6579830197753223,1.1676010193694843,0.6937051974321279,0.00010396221528017657,1.4402963206911422e-07,1.8934578240797608,1.6711074383578846,2.523835975884099e-05,0.0003781722078888328,1.6024321396999777,0.0038788919113841736,1.7786908052232334e-06,7.116608759451274,0.0019261040789078224,5.69783730380489e-06,1.3059036540782184e-06,1.5506538844968545,0.10130424405768342,0.03588989625259764,0.1859611418100575,0.000728427511587662,1.2822878597604817,2.831578297225373,0.6661050648617981,7.435451565625362,1.023524183575431,0.7202300412858028,3.2217591661214136,0.0012601037995067926,0.0007163155673107492,1.452331456759611,1.2096096936729182,0.17079342676824705,4.6911209876685925e-07,3.720135190677215e-08,0.9761634965837479,0.0007384847600792595,6.495077095054111e-07,2.7107078158817473,0.0038788805573529185,0.0001332585360698473,7.116608759451274,0.6898237596359774,0.18820334038423814,0.14129630432687817,9.15231805001296e-09,8.056102081678704,1.9136601847241334e-07,1.3727325558013757,0.0008803050300722962,0.968022154504853,1.7592816264430104
xalan-2.6,5.702826329381045,4.6211643972345,6.809129057750528e-05,5.483169805806294,1.2710414974723014,1.2708496177526145e-06,0.7980943715952857,0.17574362735024196,4.87730081631788,4.5576196767706705,1.832868122944662,4.979754949230285,2.0360067185580702e-05,1.7853603921761063,1.420979558577545,1.4272724903791,5.766421248650475,0.20386833368148816,0.6077994783732972,0.5973818772343824,1.8738287470534583,0.06462293667383943,0.9018545670965779,7.95818291251319,4.616041345514423,0.004631052115537984,0.0011968294564173422,0.0005220049286936331,1.6564905336233613,0.41837431047722035,0.0014877919997690473,1.4279108643604923,0.758254638995595,0.07147388953859811,1.9871327460340957,4.617167667565052,4.571741262648537,4.616066570600797,0.4786227961955577,0.6804088101441292,3.770277081696732e-06,4.607902241197578,4.992938353030681,2.2090612506479115,0.0017806848861031302,0.18227006088166675,1.799773557030071,0.02813243335882212,0.00018158539808397508,0.00047549843284478294,0.2349554371562653,0.0037290816370778557,1.1074972282617597,1.1564028287217571,0.0006043836015653775,0.30977950608730176,6.735216596129534,1.9147030172336288,0.00018183247216421754,1.8309087720181818,1.8323627603627481,0.4381314914352587,0.1882635859876656,5.70984582342199,2.9056536883925553e-05,3.486217770720368e-05,0.17516806892566852,4.9207892698013206e-05,0.633542027524294,4.871757144954667,6.201039248934331e-05,0.00047332963455682016,5.625161555317417,0.4983263101021877,0.12424243959647222,0.0005211720661850359,0.10448440863285974,0.01795294815304191,9.409138301459455
xalan-2.7,4.4844913772343075e-06,0.09058940954990527,0.02842281792402915,0.5525141253121351,2.9788949247903087,0.0661160239024459,1.0386561702172057,0.009262998044035244,2.130917183952507e-06,2.7368936900991376,0.10961172265545063,0.145984463427133,0.09292590041397317,0.790786448699669,4.091494476507032,0.5573393986875972,0.6090864736722752,0.7237812722278676,1.0847020441017758,0.5832924005485559,0.9352567882338517,2.0400361061114678e-07,0.06259268949518534,1.0956512127917897,2.70727081543666e-07,1.3120437836253203,0.5925153629036338,2.923464344643258e-07,0.5533769101685223,0.00013189887048666677,0.5586742640923745,2.3944707065507553,0.00013102469171882822,0.6342709078653338,2.6133470243456625,0.6371189023316924,0.09875116290833152,0.005330704757431579,7.121252885392866e-07,3.211519335134773,1.584396919923696,2.859298153196298e-06,0.00510864468697192,1.1867199337223857e-07,1.3423829116507815,0.007000680961541552,0.6365585125106238,6.771510286466397e-07,0.08766447476759603,0.0037300972457616015,4.238321178669511e-06,0.2772731186974727,7.108134421861621e-07,0.9273380926487239,2.4225862086750904,0.9411978406665321,0.5513824708587565,2.721343838508385,0.6087901526686669,0.5516339984002534,2.7292971020342125,0.6660394484576787,0.5567070027517738,0.9123176935013226,0.9656494950967394,0.7991017258721835,2.6869054033072115,0.10122386633049887,0.08239237182124914,1.5492008219338622,2.23891406637303,0.0577103088661656,0.0001309163727043831,0.6882325107996046,2.681739117440768,1.653858053844843e-05,4.184788114246704,0.6502203330819835,1.5867294888676113,0.07599438035116096,0.0779007323150614,0.10065163682695649,2.523491671262919,4.271125786939161,0.5780562831380359,7.095305807847131e-05,1.1118040651484562,1.61101085349951,4.357014985135419,0.09027639610251184,0.05700114763012162,0.24968445757311422,0.7487031380768377,3.5834087115911826e-07,0.0061938011307000685,0.9529305616995416,1.6301425178108464
xerces-init,2.0236012483410537,10.798997100465492,22.531391623814226,1.981143108749546,23.209535319507523,1.990585110115465,1.35219775068254,38.86492596774067,33.9289631919031,0.14558445894427638,44.198756233665065,3.891715475302276e-05,1.2785746328051562,2.5314041757451484,9.840726136863951,4.006353698743733,1.0784015163650975,0.8036396386015773,2.445482616069139,27.533533833015046,16.755761424082234,35.42094307328012,0.014533670857811562,18.458428202921542,22.083532893811878,0.7560675473046192,0.2662157797053867,3.23676141475192,1.1205443432689157,0.0009116732642299335,0.7372045072524824,25.787841614655548,1.0998769784748852,24.936512689324374,9.02398720676842,16.68769433259228,18.558556738823025,0.001804569141084595,26.516692524939565,0.1753405688464576,0.001597736357399052,1.7652433022190652,0.0001143885673876051,20.163781899462403,1.8561591491246838,27.400193878443964,0.13855671190089577,36.419128363122866,2.8340220545511974,24.7281412630708,7.540753647381434,16.75017835598716,23.49916818789856,2.7859105406490157,0.9153933562693342,0.0016725894478461865,0.8353556491994805,33.12934389925812,0.8633026764227892,19.6535572248501,0.9353803979396758,2.4438521095045864,0.0010754132543970125,2.911625598193843,25.474974200812774,5.384821071984433,0.38275279481169444,2.5073910990411736,0.16656654643495838,0.20645788420445038,0.015775173903788037,6.475636154735594,0.0014254947059883876,1.760377633286859,0.2106876072766443,1.7225363881584568,1.6726515953739773,22.30477151349768,27.50826439102586,0.9071388669462961,0.14429799592178308,17.22451090477612,1.7847644492982189,0.7365125716624024,0.12871474404337316,0.1609329834876503,0.8470928203192113,0.0008872863032268375,24.07477300777098,0.14355116600348322,22.82351322040519,17.09017176886227,21.561695721903167,0.736925070738797,0.007030945495899611,1.6845966599673987,1.767176804328784,0.00019261384515815769,37.732570571791356,0.14142841103650483
xerces-1.2,0.5254207692645082,0.0023097906603295006,4.166645633417163,0.09841453195263504,24.45336869250322,6.3806232095762105,6.580484642389473,4.006551546856109,3.2070000222566817,0.017590223325943878,6.479182713808985,4.971987544571774e-06,23.96181000812369,3.1530361707525842,0.2879030508811233,4.755548153092995e-05,44.063500264617836,0.00021723679705398628,21.70326708716894,0.028532866400010903,3.3302557314526147,14.664552294286299,0.0755614350211973,12.776049487235579,2.427162755204102,5.11598708280594,2.6375001289524618,1.415059558942413,0.06938057247610734,1.8717504265663651,0.009050206036321793,6.352287791716182,3.856108265001794e-05,0.5610752238991669,19.945760894371453,3.029319561478282e-05,9.223995518840909e-05,0.007843084976593449,0.17707754903338216,0.8400432609764927,50.87204852831943,5.093108929279867,0.6674550398047362,14.607180622377802,0.07106807705646537,0.17203749445222094,1.8123242196495006,0.000847342318102317,2.4272319125355617,0.0016340249262031799,2.682819827659206,17.719704041297696,4.818528599448645,7.92631479846195,0.0016288330894446033,6.418147617464239,9.05849444506415,24.64409381905428,0.19622625281497164,22.225795182600024,1.747303243791324e-05,5.157167880036887,0.28561706352424265,26.008443627395174,0.0027954129314605495,1.7745263743610928,0.3707613156487911,8.078975199840967,0.3643469028297416,17.156475090767007,0.0037814846797928625,18.331449694596103,1.6230723226453614,0.5312060978452209,0.09284007913166861,3.6998767150442164e-05,6.415030926147126,23.729533936561765,14.66429293758522,0.007846223521595783,36.97686553041337,6.478621096749146
xerces-1.3,1.3600097864340417,18.97682454973058,13.708016875384361,0.5907144374641757,0.004981935211170498,0.2955046934448227,0.4341606122693281,0.649856414845016,2.6697951191569906,0.2162444964951432,0.017249044968005743,3.704077841353271e-05,0.6395165907993211,1.9758890463124928e-05,2.1280777022395436,0.1915869164099906,0.00020353414833922253,0.5775841832145262,0.06947025747300804,0.21869799984016033,2.8437507051387336,0.00047364226209558013,2.6775974041895716,1.433012887966898,1.251507679010834,0.6008942470199795,1.413248834606008e-05,1.382717695787065,0.00022814659964029213,0.0002687945973092227,0.644662629897397,2.102951375721653,0.15146652432177313,0.5444495916122779,17.54673407835517,0.16937125605290565,0.6925951727773019,0.4627313601503257,2.4127010000937927,0.43619961047496214,1.7170066353636497e-06,2.2043418685310847,0.09188926071173106,1.8695985608003893,0.0003987503920072727,0.16123065310480772,2.2077965317920367,2.909168351521284e-05,0.44006715150489734,0.26302330063768076,2.353958389903015,0.6950483944946696,2.657592527722358e-05,4.687503591912721,7.800310952347087,0.3956423115333412,4.768283138284562,1.7218066363902036,1.6862259298078166,3.085136243577181,0.26312799382137425,0.0007128043286201713,1.8699092669811328,0.2941873394420267,0.1051535183654492,0.2698800751756494,2.9079331649707702e-06,20.342565623833305,1.4707985519749355e-05,0.46103121586469514,0.3686520989089074,0.36818649897272593,9.308448385563114e-05,1.645979117277609,1.7050995053001377,0.012134924750978915,0.0001562970053165342,0.45751429624698264,0.4330571558828069,7.907029106143903,1.5260108329676202e-05,0.605797770487019,0.45967254657456724,2.1920976289305063,0.12172948546005236,0.481758784584659,2.1271174614101476,1.7403333103232572,9.27223016621185,1.632588836850673,1.6283451916797287,4.806962643900552,0.29282174993791066,7.036848480462625e-05,0.6968170262569469,0.06822197813713726,3.77778960234339,8.428933550464325,0.00018185839935243046,1.3600097712860704
xerces-1.4,9.166290910349217,6.188431006976783,0.9589721303189105,0.2068775287655841,0.006934295482555824,4.2631499480964825,0.00011992800197523518,4.388111251960804,4.731841688754201,5.232846210804383,0.05233280497205842,0.04862125079407678,2.7997967855708383,5.76551733822742,0.3434243247141745,9.067607132026254,8.290879863821157,2.778166941291295,1.6084495539087806,0.00019930982969628786,1.853721598933646,8.08354509632637,0.5143802775194054,0.03181319309835385,8.45511502238891,0.001562280290482621,19.335833448309035,1.8118196639015947,3.9418789718427245,5.195049898216764,18.037883571461958,7.729320513241709,4.243837148356506,4.946966598921357,2.428133288306402,3.5935523874182937,2.933562992288722,13.72060656281279,3.2072677900174966,0.008159426629215346,8.43796865820052,2.1496446135200222,0.8835967757729372,3.391282582511911,5.543899258974068,0.0019471687022323254,0.2156205209852607,7.677407636550829,13.770936340334202,6.0891119129410765,10.23177118650872,3.0529645640073984,0.7720004420792815,2.601073189657734,12.725528580885502,0.22769077035171545,13.60803731234735,2.3341057645871564,1.2067308902378282,5.999476683422639,4.427385061293419,0.045484655538261344,5.253886716329803,2.375573790759767,0.061681143000457066,7.675577426671087,5.916056572161811,9.857207070112335e-05,1.501889216451322,6.442612520408035,0.21536297710844762,0.947483448706183,1.0313957580536817,10.11604217339302,0.0027158174687577936,13.469443993683827,3.7853597886997976,0.04754322499327533,1.3693457896767902,4.867019382069783,0.00011461929023804167,0.682051830717644,19.70140200516166,6.37125390251928,7.377248972714278,2.167468185569772,2.4774539573928256,9.384913726971509e-05,0.035550515676091285,5.052692322243363,7.247631467498553,0.011128487165948255,1.8525024526391793,4.0924521986904825,0.493754912674623,8.286816598948676,12.378520308685927,0.010170192812124173,5.7356678947536,1.1695986371568465
